transaction_id,bank_reference,bank_name,amount,bank_status,received_at,expected_settlement_at,settled_at,response_code,response_message
TXN10001,BNK_KOT_TXN10001,KOTAK_BANK,4999.0,SETTLED,2026-09-04T15:26:24,2026-09-04T15:36:24,2026-09-04T15:35:24,SETTLED_OK,Settlement completed successfully
TXN10002,BNK_SBI_TXN10002,SBI,4999.0,SETTLED,2026-09-04T13:28:22,2026-09-04T13:40:22,2026-09-04T13:39:22,SETTLED_OK,Settlement completed successfully
TXN10003,BNK_KOT_TXN10003,KOTAK_BANK,999.0,SETTLED,2026-09-04T11:25:35,2026-09-04T11:44:35,2026-09-04T11:43:35,SETTLED_OK,Settlement completed successfully
TXN10004,BNK_ICI_TXN10004,ICICI_BANK,499.0,SETTLED,2026-09-04T12:57:54,2026-09-04T13:15:54,2026-09-04T13:13:54,SETTLED_OK,Settlement completed successfully
TXN10005,BNK_ICI_TXN10005,ICICI_BANK,3500.0,SETTLED,2026-09-04T17:57:11,2026-09-04T18:11:11,2026-09-04T18:08:11,SETTLED_OK,Settlement completed successfully
TXN10006,BNK_HDF_TXN10006,HDFC_BANK,250.0,SETTLED,2026-09-04T12:06:08,2026-09-04T12:19:08,2026-09-04T12:24:08,SLIGHT_DELAY,Minor settlement delay
TXN10007,BNK_SBI_TXN10007,SBI,12000.0,SETTLED,2026-09-04T17:16:58,2026-09-04T17:28:58,2026-09-04T17:23:58,SETTLED_OK,Settlement completed successfully
TXN10008,BNK_AXI_TXN10008,AXIS_BANK,12000.0,SETTLED,2026-09-04T12:07:48,2026-09-04T12:23:48,2026-09-04T12:22:48,SETTLED_OK,Settlement completed successfully
TXN10009,BNK_HDF_TXN10009,HDFC_BANK,499.0,SETTLED,2026-09-04T15:47:34,2026-09-04T16:05:34,2026-09-04T16:01:34,SETTLED_OK,Settlement completed successfully
TXN10010,BNK_ICI_TXN10010,ICICI_BANK,6500.0,SETTLED,2026-09-04T16:53:04,2026-09-04T17:11:04,2026-09-04T17:10:04,SETTLED_OK,Settlement completed successfully
TXN10011,BNK_ICI_TXN10011,ICICI_BANK,3500.0,SETTLED,2026-09-04T16:31:18,2026-09-04T16:41:18,2026-09-04T16:38:18,SETTLED_OK,Settlement completed successfully
TXN10012,BNK_AXI_TXN10012,AXIS_BANK,1200.0,SETTLED,2026-09-04T11:13:55,2026-09-04T11:23:55,2026-09-04T11:22:55,SETTLED_OK,Settlement completed successfully
TXN10013,BNK_KOT_TXN10013,KOTAK_BANK,999.0,SETTLED,2026-09-04T09:33:29,2026-09-04T09:53:29,2026-09-04T09:49:29,SETTLED_OK,Settlement completed successfully
TXN10014,BNK_KOT_TXN10014,KOTAK_BANK,8900.0,SETTLED,2026-09-04T10:28:23,2026-09-04T10:41:23,2026-09-04T10:38:23,SETTLED_OK,Settlement completed successfully
TXN10015,BNK_ICI_TXN10015,ICICI_BANK,499.0,SETTLED,2026-09-04T16:22:27,2026-09-04T16:41:27,2026-09-04T16:40:27,SETTLED_OK,Settlement completed successfully
TXN10016,BNK_SBI_TXN10016,SBI,1200.0,SETTLED,2026-09-04T14:57:30,2026-09-04T15:14:30,2026-09-04T15:11:30,SETTLED_OK,Settlement completed successfully
TXN10017,BNK_HDF_TXN10017,HDFC_BANK,1500.0,SETTLED,2026-09-04T10:57:18,2026-09-04T11:09:18,2026-09-04T11:04:18,SETTLED_OK,Settlement completed successfully
TXN10018,BNK_ICI_TXN10018,ICICI_BANK,250.0,SETTLED,2026-09-04T17:32:54,2026-09-04T17:46:54,2026-09-04T17:43:54,SETTLED_OK,Settlement completed successfully
TXN10019,BNK_SBI_TXN10019,SBI,3500.0,SETTLED,2026-09-04T16:37:03,2026-09-04T16:48:03,2026-09-04T16:46:03,SETTLED_OK,Settlement completed successfully
TXN10020,BNK_KOT_TXN10020,KOTAK_BANK,1500.0,SETTLED,2026-09-04T15:09:18,2026-09-04T15:22:18,2026-09-04T15:21:18,SETTLED_OK,Settlement completed successfully
TXN10021,BNK_AXI_TXN10021,AXIS_BANK,999.0,SETTLED,2026-09-04T12:56:22,2026-09-04T13:11:22,2026-09-04T13:07:22,SETTLED_OK,Settlement completed successfully
TXN10022,BNK_ICI_TXN10022,ICICI_BANK,499.0,SETTLED,2026-09-04T11:52:05,2026-09-04T12:05:05,2026-09-04T12:01:05,SETTLED_OK,Settlement completed successfully
TXN10023,BNK_ICI_TXN10023,ICICI_BANK,1500.0,SETTLED,2026-09-04T12:26:33,2026-09-04T12:46:33,2026-09-04T12:41:33,SETTLED_OK,Settlement completed successfully
TXN10024,BNK_SBI_TXN10024,SBI,8900.0,SETTLED,2026-09-04T13:03:45,2026-09-04T13:19:45,2026-09-04T13:14:45,SETTLED_OK,Settlement completed successfully
TXN10025,BNK_ICI_TXN10025,ICICI_BANK,250.0,SETTLED,2026-09-04T09:47:20,2026-09-04T10:02:20,2026-09-04T09:59:20,SETTLED_OK,Settlement completed successfully
TXN10026,BNK_HDF_TXN10026,HDFC_BANK,3500.0,SETTLED,2026-09-04T17:21:16,2026-09-04T17:39:16,2026-09-04T17:35:16,SETTLED_OK,Settlement completed successfully
TXN10027,BNK_ICI_TXN10027,ICICI_BANK,250.0,SETTLED,2026-09-04T15:37:16,2026-09-04T15:53:16,2026-09-04T15:48:16,SETTLED_OK,Settlement completed successfully
TXN10028,BNK_AXI_TXN10028,AXIS_BANK,15000.0,SETTLED,2026-09-04T12:33:34,2026-09-04T12:51:34,2026-09-04T12:46:34,SETTLED_OK,Settlement completed successfully
TXN10029,BNK_SBI_TXN10029,SBI,250.0,SETTLED,2026-09-04T12:10:45,2026-09-04T12:21:45,2026-09-04T12:16:45,SETTLED_OK,Settlement completed successfully
TXN10030,BNK_AXI_TXN10030,AXIS_BANK,12000.0,SETTLED,2026-09-04T15:16:08,2026-09-04T15:29:08,2026-09-04T15:24:08,SETTLED_OK,Settlement completed successfully
TXN10031,BNK_ICI_TXN10031,ICICI_BANK,4999.0,SETTLED,2026-09-04T16:10:58,2026-09-04T16:25:58,2026-09-04T16:21:58,SETTLED_OK,Settlement completed successfully
TXN10032,BNK_AXI_TXN10032,AXIS_BANK,4999.0,SETTLED,2026-09-04T11:49:26,2026-09-04T12:09:26,2026-09-04T12:04:26,SETTLED_OK,Settlement completed successfully
TXN10033,BNK_SBI_TXN10033,SBI,1200.0,SETTLED,2026-09-04T10:46:46,2026-09-04T11:04:46,2026-09-04T11:02:46,SETTLED_OK,Settlement completed successfully
TXN10034,BNK_ICI_TXN10034,ICICI_BANK,2499.0,SETTLED,2026-09-04T10:28:22,2026-09-04T10:38:22,2026-09-04T10:34:22,SETTLED_OK,Settlement completed successfully
TXN10035,BNK_HDF_TXN10035,HDFC_BANK,1500.0,SETTLED,2026-09-04T16:02:09,2026-09-04T16:20:09,2026-09-04T16:18:09,SETTLED_OK,Settlement completed successfully
TXN10036,BNK_AXI_TXN10036,AXIS_BANK,12000.0,SETTLED,2026-09-04T09:25:50,2026-09-04T09:37:50,2026-09-04T09:32:50,SETTLED_OK,Settlement completed successfully
TXN10037,BNK_KOT_TXN10037,KOTAK_BANK,999.0,SETTLED,2026-09-04T10:42:48,2026-09-04T10:56:48,2026-09-04T10:54:48,SETTLED_OK,Settlement completed successfully
TXN10038,BNK_AXI_TXN10038,AXIS_BANK,499.0,SETTLED,2026-09-04T15:18:21,2026-09-04T15:28:21,2026-09-04T15:25:21,SETTLED_OK,Settlement completed successfully
TXN10039,BNK_HDF_TXN10039,HDFC_BANK,250.0,SETTLED,2026-09-04T12:14:01,2026-09-04T12:31:01,2026-09-04T12:26:01,SETTLED_OK,Settlement completed successfully
TXN10040,BNK_SBI_TXN10040,SBI,15000.0,SETTLED,2026-09-04T11:39:44,2026-09-04T11:50:44,2026-09-04T11:47:44,SETTLED_OK,Settlement completed successfully
TXN10041,BNK_AXI_TXN10041,AXIS_BANK,12000.0,SETTLED,2026-09-04T10:38:54,2026-09-04T10:58:54,2026-09-04T10:57:54,SETTLED_OK,Settlement completed successfully
TXN10042,BNK_SBI_TXN10042,SBI,12000.0,SETTLED,2026-09-04T14:05:46,2026-09-04T14:22:46,2026-09-04T14:19:46,SETTLED_OK,Settlement completed successfully
TXN10043,BNK_ICI_TXN10043,ICICI_BANK,12000.0,SETTLED,2026-09-04T11:48:26,2026-09-04T12:05:26,2026-09-04T12:00:26,SETTLED_OK,Settlement completed successfully
TXN10044,BNK_HDF_TXN10044,HDFC_BANK,4999.0,SETTLED,2026-09-04T16:17:13,2026-09-04T16:34:13,2026-09-04T16:32:13,SETTLED_OK,Settlement completed successfully
TXN10045,BNK_SBI_TXN10045,SBI,15000.0,SETTLED,2026-09-04T13:58:10,2026-09-04T14:16:10,2026-09-04T14:15:10,SETTLED_OK,Settlement completed successfully
TXN10046,BNK_AXI_TXN10046,AXIS_BANK,4999.0,SETTLED,2026-09-04T16:42:56,2026-09-04T16:56:56,2026-09-04T16:54:56,SETTLED_OK,Settlement completed successfully
TXN10047,BNK_SBI_TXN10047,SBI,3500.0,SETTLED,2026-09-04T17:35:09,2026-09-04T17:52:09,2026-09-04T17:49:09,SETTLED_OK,Settlement completed successfully
TXN10048,BNK_ICI_TXN10048,ICICI_BANK,15000.0,SETTLED,2026-09-04T10:48:43,2026-09-04T11:05:43,2026-09-04T11:00:43,SETTLED_OK,Settlement completed successfully
TXN10049,BNK_SBI_TXN10049,SBI,2499.0,SETTLED,2026-09-04T12:19:24,2026-09-04T12:37:24,2026-09-04T12:36:24,SETTLED_OK,Settlement completed successfully
TXN10050,BNK_ICI_TXN10050,ICICI_BANK,8900.0,SETTLED,2026-09-04T10:56:43,2026-09-04T11:13:43,2026-09-04T11:12:43,SETTLED_OK,Settlement completed successfully
TXN10051,BNK_HDF_TXN10051,HDFC_BANK,12000.0,SETTLED,2026-09-04T16:05:32,2026-09-04T16:24:32,2026-09-04T16:23:32,SETTLED_OK,Settlement completed successfully
TXN10052,BNK_AXI_TXN10052,AXIS_BANK,4999.0,SETTLED,2026-09-04T17:26:17,2026-09-04T17:40:17,2026-09-04T17:39:17,SETTLED_OK,Settlement completed successfully
TXN10053,BNK_ICI_TXN10053,ICICI_BANK,999.0,SETTLED,2026-09-04T13:43:28,2026-09-04T13:54:28,2026-09-04T13:50:28,SETTLED_OK,Settlement completed successfully
TXN10054,BNK_AXI_TXN10054,AXIS_BANK,15000.0,SETTLED,2026-09-04T09:15:47,2026-09-04T09:35:47,2026-09-04T09:32:47,SETTLED_OK,Settlement completed successfully
TXN10055,BNK_ICI_TXN10055,ICICI_BANK,12000.0,SETTLED,2026-09-04T10:35:24,2026-09-04T10:46:24,2026-09-04T10:43:24,SETTLED_OK,Settlement completed successfully
TXN10056,BNK_SBI_TXN10056,SBI,1500.0,SETTLED,2026-09-04T10:31:22,2026-09-04T10:49:22,2026-09-04T10:48:22,SETTLED_OK,Settlement completed successfully
TXN10057,BNK_SBI_TXN10057,SBI,12000.0,SETTLED,2026-09-04T09:06:30,2026-09-04T09:16:30,2026-09-04T09:14:30,SETTLED_OK,Settlement completed successfully
TXN10058,BNK_AXI_TXN10058,AXIS_BANK,12000.0,SETTLED,2026-09-04T11:38:58,2026-09-04T11:53:58,2026-09-04T11:50:58,SETTLED_OK,Settlement completed successfully
TXN10059,BNK_SBI_TXN10059,SBI,3500.0,SETTLED,2026-09-04T16:20:13,2026-09-04T16:31:13,2026-09-04T16:28:13,SETTLED_OK,Settlement completed successfully
TXN10060,BNK_KOT_TXN10060,KOTAK_BANK,250.0,SETTLED,2026-09-04T17:31:02,2026-09-04T17:50:02,2026-09-04T17:46:02,SETTLED_OK,Settlement completed successfully
TXN10061,BNK_SBI_TXN10061,SBI,15000.0,SETTLED,2026-09-04T13:30:14,2026-09-04T13:50:14,2026-09-04T13:48:14,SETTLED_OK,Settlement completed successfully
TXN10062,BNK_KOT_TXN10062,KOTAK_BANK,1200.0,SETTLED,2026-09-04T17:27:24,2026-09-04T17:47:24,2026-09-04T17:43:24,SETTLED_OK,Settlement completed successfully
TXN10063,BNK_KOT_TXN10063,KOTAK_BANK,4999.0,SETTLED,2026-09-04T15:55:11,2026-09-04T16:07:11,2026-09-04T16:02:11,SETTLED_OK,Settlement completed successfully
TXN10064,BNK_HDF_TXN10064,HDFC_BANK,6500.0,SETTLED,2026-09-04T15:23:05,2026-09-04T15:37:05,2026-09-04T15:32:05,SETTLED_OK,Settlement completed successfully
TXN10065,BNK_AXI_TXN10065,AXIS_BANK,6500.0,SETTLED,2026-09-04T14:23:18,2026-09-04T14:36:18,2026-09-04T14:34:18,SETTLED_OK,Settlement completed successfully
TXN10066,BNK_AXI_TXN10066,AXIS_BANK,15000.0,SETTLED,2026-09-04T14:49:18,2026-09-04T15:01:18,2026-09-04T15:00:18,SETTLED_OK,Settlement completed successfully
TXN10067,BNK_SBI_TXN10067,SBI,4999.0,SETTLED,2026-09-04T16:07:35,2026-09-04T16:27:35,2026-09-04T16:26:35,SETTLED_OK,Settlement completed successfully
TXN10068,BNK_KOT_TXN10068,KOTAK_BANK,12000.0,SETTLED,2026-09-04T10:56:09,2026-09-04T11:16:09,2026-09-04T11:12:09,SETTLED_OK,Settlement completed successfully
TXN10069,BNK_KOT_TXN10069,KOTAK_BANK,1500.0,SETTLED,2026-09-04T12:41:55,2026-09-04T12:52:55,2026-09-04T12:51:55,SETTLED_OK,Settlement completed successfully
TXN10070,BNK_SBI_TXN10070,SBI,250.0,SETTLED,2026-09-04T09:22:21,2026-09-04T09:38:21,2026-09-04T09:33:21,SETTLED_OK,Settlement completed successfully
TXN10071,BNK_ICI_TXN10071,ICICI_BANK,3500.0,SETTLED,2026-09-04T11:07:23,2026-09-04T11:19:23,2026-09-04T11:16:23,SETTLED_OK,Settlement completed successfully
TXN10072,BNK_HDF_TXN10072,HDFC_BANK,999.0,SETTLED,2026-09-04T13:44:57,2026-09-04T14:03:57,2026-09-04T13:59:57,SETTLED_OK,Settlement completed successfully
TXN10073,BNK_SBI_TXN10073,SBI,499.0,SETTLED,2026-09-04T15:56:07,2026-09-04T16:11:07,2026-09-04T16:08:07,SETTLED_OK,Settlement completed successfully
TXN10074,BNK_SBI_TXN10074,SBI,15000.0,SETTLED,2026-09-04T10:00:14,2026-09-04T10:19:14,2026-09-04T10:17:14,SETTLED_OK,Settlement completed successfully
TXN10075,BNK_SBI_TXN10075,SBI,12000.0,SETTLED,2026-09-04T10:58:55,2026-09-04T11:08:55,2026-09-04T11:06:55,SETTLED_OK,Settlement completed successfully
TXN10076,BNK_AXI_TXN10076,AXIS_BANK,6500.0,SETTLED,2026-09-04T12:10:42,2026-09-04T12:24:42,2026-09-04T12:21:42,SETTLED_OK,Settlement completed successfully
TXN10077,BNK_SBI_TXN10077,SBI,1200.0,SETTLED,2026-09-04T16:06:00,2026-09-04T16:17:00,2026-09-04T16:16:00,SETTLED_OK,Settlement completed successfully
TXN10078,BNK_AXI_TXN10078,AXIS_BANK,12000.0,SETTLED,2026-09-04T13:38:40,2026-09-04T13:55:40,2026-09-04T13:50:40,SETTLED_OK,Settlement completed successfully
TXN10079,BNK_HDF_TXN10079,HDFC_BANK,499.0,SETTLED,2026-09-04T13:42:17,2026-09-04T13:56:17,2026-09-04T13:55:17,SETTLED_OK,Settlement completed successfully
TXN10080,BNK_ICI_TXN10080,ICICI_BANK,15000.0,SETTLED,2026-09-04T16:25:40,2026-09-04T16:37:40,2026-09-04T16:36:40,SETTLED_OK,Settlement completed successfully
TXN10081,BNK_AXI_TXN10081,AXIS_BANK,1200.0,SETTLED,2026-09-04T09:46:06,2026-09-04T10:01:06,2026-09-04T09:58:06,SETTLED_OK,Settlement completed successfully
TXN10082,BNK_HDF_TXN10082,HDFC_BANK,12500.0,SETTLED,2026-09-04T14:09:28,2026-09-04T14:24:28,2026-09-04T16:07:28,BANK_TIMEOUT,Batch settlement delayed by core banking timeout
TXN10083,BNK_KOT_TXN10083,KOTAK_BANK,1200.0,SETTLED,2026-09-04T09:51:51,2026-09-04T10:02:51,2026-09-04T09:57:51,SETTLED_OK,Settlement completed successfully
TXN10084,BNK_HDF_TXN10084,HDFC_BANK,10000.0,SETTLED,2026-09-04T14:33:15,2026-09-04T14:48:15,2026-09-04T16:08:15,BANK_TIMEOUT,Batch settlement delayed by core banking timeout
TXN10085,BNK_HDF_TXN10085,HDFC_BANK,7500.0,SETTLED,2026-09-04T15:14:43,2026-09-04T15:29:43,2026-09-04T16:30:43,BANK_TIMEOUT,Batch settlement delayed by core banking timeout
TXN10086,BNK_HDF_TXN10086,HDFC_BANK,10000.0,SETTLED,2026-09-04T15:21:23,2026-09-04T15:36:23,2026-09-04T16:27:23,BANK_TIMEOUT,Batch settlement delayed by core banking timeout
TXN10087,BNK_HDF_TXN10087,HDFC_BANK,5000.0,SETTLED,2026-09-04T14:33:15,2026-09-04T14:45:00,2026-09-04T16:17:00,BANK_TIMEOUT,Batch settlement delayed by core banking timeout
TXN10088,BNK_HDF_TXN10088,HDFC_BANK,18000.0,SETTLED,2026-09-04T15:06:54,2026-09-04T15:21:54,2026-09-04T16:19:54,BANK_TIMEOUT,Batch settlement delayed by core banking timeout
TXN10089,BNK_HDF_TXN10089,HDFC_BANK,1500.0,SETTLED,2026-09-04T15:25:44,2026-09-04T15:40:44,2026-09-04T16:28:44,BANK_TIMEOUT,Batch settlement delayed by core banking timeout
TXN10090,BNK_HDF_TXN10090,HDFC_BANK,2000.0,SETTLED,2026-09-04T14:59:53,2026-09-04T15:14:53,2026-09-04T16:09:53,BANK_TIMEOUT,Batch settlement delayed by core banking timeout
TXN10091,BNK_HDF_TXN10091,HDFC_BANK,3500.0,SETTLED,2026-09-04T14:10:54,2026-09-04T14:25:54,2026-09-04T15:51:54,BANK_TIMEOUT,Batch settlement delayed by core banking timeout
TXN10092,BNK_HDF_TXN10092,HDFC_BANK,18000.0,SETTLED,2026-09-04T14:42:18,2026-09-04T14:57:18,2026-09-04T15:54:18,BANK_TIMEOUT,Batch settlement delayed by core banking timeout
TXN10093,BNK_HDF_TXN10093,HDFC_BANK,25000.0,SETTLED,2026-09-04T15:30:57,2026-09-04T15:45:57,2026-09-04T16:59:57,BANK_TIMEOUT,Batch settlement delayed by core banking timeout
TXN10094,BNK_HDF_TXN10094,HDFC_BANK,12500.0,SETTLED,2026-09-04T14:55:45,2026-09-04T15:10:45,2026-09-04T16:35:45,BANK_TIMEOUT,Batch settlement delayed by core banking timeout
TXN10095,BNK_HDF_TXN10095,HDFC_BANK,18000.0,SETTLED,2026-09-04T14:21:41,2026-09-04T14:36:41,2026-09-04T15:32:41,BANK_TIMEOUT,Batch settlement delayed by core banking timeout
TXN10096,BNK_HDF_TXN10096,HDFC_BANK,10000.0,SETTLED,2026-09-04T15:42:16,2026-09-04T15:57:16,2026-09-04T17:24:16,BANK_TIMEOUT,Batch settlement delayed by core banking timeout
TXN10097,BNK_HDF_TXN10097,HDFC_BANK,12500.0,SETTLED,2026-09-04T14:49:36,2026-09-04T15:04:36,2026-09-04T16:28:36,BANK_TIMEOUT,Batch settlement delayed by core banking timeout
TXN10098,BNK_HDF_TXN10098,HDFC_BANK,5000.0,SETTLED,2026-09-04T15:10:42,2026-09-04T15:25:42,2026-09-04T16:23:42,BANK_TIMEOUT,Batch settlement delayed by core banking timeout
TXN10099,BNK_HDF_TXN10099,HDFC_BANK,6500.0,SETTLED,2026-09-04T12:53:02,2026-09-04T13:13:02,2026-09-04T13:10:02,SETTLED_OK,Settlement completed successfully
TXN10100,BNK_SBI_TXN10100,SBI,999.0,SETTLED,2026-09-04T14:01:24,2026-09-04T14:21:24,2026-09-04T14:20:24,SETTLED_OK,Settlement completed successfully
TXN10101,BNK_AXI_TXN10101,AXIS_BANK,2499.0,SETTLED,2026-09-04T16:22:47,2026-09-04T16:41:47,2026-09-04T16:40:47,SETTLED_OK,Settlement completed successfully
TXN10102,BNK_HDF_TXN10102,HDFC_BANK,2000.0,SETTLED,2026-09-04T14:08:25,2026-09-04T14:23:25,2026-09-04T16:10:25,BANK_TIMEOUT,Batch settlement delayed by core banking timeout
TXN10103,BNK_HDF_TXN10103,HDFC_BANK,5000.0,SETTLED,2026-09-04T14:38:47,2026-09-04T14:53:47,2026-09-04T16:33:47,BANK_TIMEOUT,Batch settlement delayed by core banking timeout
TXN10104,BNK_HDF_TXN10104,HDFC_BANK,18000.0,SETTLED,2026-09-04T15:34:11,2026-09-04T15:49:11,2026-09-04T17:02:11,BANK_TIMEOUT,Batch settlement delayed by core banking timeout
TXN10105,BNK_HDF_TXN10105,HDFC_BANK,5000.0,SETTLED,2026-09-04T14:02:18,2026-09-04T14:17:18,2026-09-04T15:34:18,BANK_TIMEOUT,Batch settlement delayed by core banking timeout
TXN10106,BNK_HDF_TXN10106,HDFC_BANK,18000.0,SETTLED,2026-09-04T14:02:25,2026-09-04T14:17:25,2026-09-04T15:50:25,BANK_TIMEOUT,Batch settlement delayed by core banking timeout
TXN10107,BNK_HDF_TXN10107,HDFC_BANK,25000.0,SETTLED,2026-09-04T15:09:36,2026-09-04T15:24:36,2026-09-04T16:14:36,BANK_TIMEOUT,Batch settlement delayed by core banking timeout
TXN10108,BNK_HDF_TXN10108,HDFC_BANK,10000.0,SETTLED,2026-09-04T14:12:32,2026-09-04T14:27:32,2026-09-04T16:05:32,BANK_TIMEOUT,Batch settlement delayed by core banking timeout
TXN10109,BNK_HDF_TXN10109,HDFC_BANK,10000.0,SETTLED,2026-09-04T14:04:33,2026-09-04T14:19:33,2026-09-04T15:50:33,BANK_TIMEOUT,Batch settlement delayed by core banking timeout
TXN10110,BNK_HDF_TXN10110,HDFC_BANK,12500.0,SETTLED,2026-09-04T14:34:53,2026-09-04T14:49:53,2026-09-04T16:24:53,BANK_TIMEOUT,Batch settlement delayed by core banking timeout
TXN10111,BNK_HDF_TXN10111,HDFC_BANK,5000.0,SETTLED,2026-09-04T14:47:34,2026-09-04T15:02:34,2026-09-04T16:52:34,BANK_TIMEOUT,Batch settlement delayed by core banking timeout
TXN10112,BNK_KOT_TXN10112,KOTAK_BANK,12000.0,SETTLED,2026-09-04T14:23:53,2026-09-04T14:35:53,2026-09-04T14:33:53,SETTLED_OK,Settlement completed successfully
TXN10113,BNK_HDF_TXN10113,HDFC_BANK,3500.0,SETTLED,2026-09-04T14:12:15,2026-09-04T14:27:15,2026-09-04T16:09:15,BANK_TIMEOUT,Batch settlement delayed by core banking timeout
TXN10114,BNK_HDF_TXN10114,HDFC_BANK,10000.0,SETTLED,2026-09-04T15:28:07,2026-09-04T15:43:07,2026-09-04T16:36:07,BANK_TIMEOUT,Batch settlement delayed by core banking timeout
TXN10115,BNK_HDF_TXN10115,HDFC_BANK,7500.0,SETTLED,2026-09-04T14:42:41,2026-09-04T14:57:41,2026-09-04T15:51:41,BANK_TIMEOUT,Batch settlement delayed by core banking timeout
TXN10116,BNK_HDF_TXN10116,HDFC_BANK,1500.0,SETTLED,2026-09-04T14:06:31,2026-09-04T14:21:31,2026-09-04T15:17:31,BANK_TIMEOUT,Batch settlement delayed by core banking timeout
TXN10117,BNK_HDF_TXN10117,HDFC_BANK,18000.0,SETTLED,2026-09-04T14:54:00,2026-09-04T15:09:00,2026-09-04T16:18:00,BANK_TIMEOUT,Batch settlement delayed by core banking timeout
TXN10118,BNK_HDF_TXN10118,HDFC_BANK,3500.0,SETTLED,2026-09-04T15:09:41,2026-09-04T15:24:41,2026-09-04T16:52:41,BANK_TIMEOUT,Batch settlement delayed by core banking timeout
TXN10119,BNK_HDF_TXN10119,HDFC_BANK,3500.0,SETTLED,2026-09-04T15:29:24,2026-09-04T15:44:24,2026-09-04T17:25:24,BANK_TIMEOUT,Batch settlement delayed by core banking timeout
TXN10120,BNK_ICI_TXN10120,ICICI_BANK,3500.0,SETTLED,2026-09-04T15:00:04,2026-09-04T15:10:04,2026-09-04T15:07:04,SETTLED_OK,Settlement completed successfully
TXN10121,BNK_HDF_TXN10121,HDFC_BANK,12500.0,SETTLED,2026-09-04T15:17:43,2026-09-04T15:32:43,2026-09-04T16:36:43,BANK_TIMEOUT,Batch settlement delayed by core banking timeout
TXN10122,BNK_HDF_TXN10122,HDFC_BANK,3500.0,SETTLED,2026-09-04T15:32:17,2026-09-04T15:47:17,2026-09-04T17:22:17,BANK_TIMEOUT,Batch settlement delayed by core banking timeout
TXN10123,BNK_HDF_TXN10123,HDFC_BANK,7500.0,SETTLED,2026-09-04T14:13:33,2026-09-04T14:28:33,2026-09-04T15:55:33,BANK_TIMEOUT,Batch settlement delayed by core banking timeout
TXN10124,BNK_HDF_TXN10124,HDFC_BANK,25000.0,SETTLED,2026-09-04T15:37:25,2026-09-04T15:52:25,2026-09-04T17:23:25,BANK_TIMEOUT,Batch settlement delayed by core banking timeout
TXN10125,BNK_ICI_TXN10125,ICICI_BANK,1200.0,SETTLED,2026-09-04T14:50:37,2026-09-04T15:01:37,2026-09-04T15:00:37,SETTLED_OK,Settlement completed successfully
TXN10126,BNK_HDF_TXN10126,HDFC_BANK,25000.0,SETTLED,2026-09-04T15:42:12,2026-09-04T15:57:12,2026-09-04T16:58:12,BANK_TIMEOUT,Batch settlement delayed by core banking timeout
TXN10127,BNK_HDF_TXN10127,HDFC_BANK,3500.0,SETTLED,2026-09-04T14:23:28,2026-09-04T14:38:28,2026-09-04T16:15:28,BANK_TIMEOUT,Batch settlement delayed by core banking timeout
TXN10128,BNK_HDF_TXN10128,HDFC_BANK,18000.0,SETTLED,2026-09-04T14:33:58,2026-09-04T14:48:58,2026-09-04T16:03:58,BANK_TIMEOUT,Batch settlement delayed by core banking timeout
TXN10129,BNK_HDF_TXN10129,HDFC_BANK,18000.0,SETTLED,2026-09-04T14:51:52,2026-09-04T15:06:52,2026-09-04T16:55:52,BANK_TIMEOUT,Batch settlement delayed by core banking timeout
TXN10130,BNK_HDF_TXN10130,HDFC_BANK,3500.0,SETTLED,2026-09-04T14:28:34,2026-09-04T14:43:34,2026-09-04T16:29:34,BANK_TIMEOUT,Batch settlement delayed by core banking timeout
TXN10131,BNK_HDF_TXN10131,HDFC_BANK,999.0,SETTLED,2026-09-04T13:07:29,2026-09-04T13:19:29,2026-09-04T13:18:29,SETTLED_OK,Settlement completed successfully
TXN10132,BNK_HDF_TXN10132,HDFC_BANK,1500.0,SETTLED,2026-09-04T14:49:04,2026-09-04T15:04:04,2026-09-04T16:53:04,BANK_TIMEOUT,Batch settlement delayed by core banking timeout
TXN10133,BNK_HDF_TXN10133,HDFC_BANK,10000.0,SETTLED,2026-09-04T14:12:13,2026-09-04T14:27:13,2026-09-04T15:24:13,BANK_TIMEOUT,Batch settlement delayed by core banking timeout
TXN10134,BNK_HDF_TXN10134,HDFC_BANK,3500.0,SETTLED,2026-09-04T14:46:45,2026-09-04T15:01:45,2026-09-04T16:46:45,BANK_TIMEOUT,Batch settlement delayed by core banking timeout
TXN10135,BNK_HDF_TXN10135,HDFC_BANK,18000.0,SETTLED,2026-09-04T15:04:47,2026-09-04T15:19:47,2026-09-04T16:36:47,BANK_TIMEOUT,Batch settlement delayed by core banking timeout
TXN10136,BNK_HDF_TXN10136,HDFC_BANK,25000.0,SETTLED,2026-09-04T15:40:40,2026-09-04T15:55:40,2026-09-04T17:10:40,BANK_TIMEOUT,Batch settlement delayed by core banking timeout
TXN10137,BNK_HDF_TXN10137,HDFC_BANK,12500.0,SETTLED,2026-09-04T14:33:49,2026-09-04T14:48:49,2026-09-04T16:36:49,BANK_TIMEOUT,Batch settlement delayed by core banking timeout
TXN10138,BNK_HDF_TXN10138,HDFC_BANK,25000.0,SETTLED,2026-09-04T15:27:29,2026-09-04T15:42:29,2026-09-04T17:21:29,BANK_TIMEOUT,Batch settlement delayed by core banking timeout
TXN10139,BNK_HDF_TXN10139,HDFC_BANK,12500.0,SETTLED,2026-09-04T14:34:02,2026-09-04T14:49:02,2026-09-04T16:20:02,BANK_TIMEOUT,Batch settlement delayed by core banking timeout
TXN10140,BNK_HDF_TXN10140,HDFC_BANK,25000.0,SETTLED,2026-09-04T15:10:44,2026-09-04T15:25:44,2026-09-04T17:10:44,BANK_TIMEOUT,Batch settlement delayed by core banking timeout
TXN10141,BNK_HDF_TXN10141,HDFC_BANK,7500.0,SETTLED,2026-09-04T14:52:03,2026-09-04T15:07:03,2026-09-04T16:36:03,BANK_TIMEOUT,Batch settlement delayed by core banking timeout
TXN10142,BNK_HDF_TXN10142,ICICI_BANK,4800.0,SETTLED,2026-09-04T11:03:27,2026-09-04T11:18:27,2026-09-04T11:16:27,SETTLED_OK,Settlement completed
TXN10143,BNK_HDF_TXN10143,HDFC_BANK,18000.0,SETTLED,2026-09-04T14:25:49,2026-09-04T14:40:49,2026-09-04T15:42:49,BANK_TIMEOUT,Batch settlement delayed by core banking timeout
TXN10144,BNK_HDF_TXN10144,HDFC_BANK,7500.0,SETTLED,2026-09-04T14:06:02,2026-09-04T14:21:02,2026-09-04T15:11:02,BANK_TIMEOUT,Batch settlement delayed by core banking timeout
TXN10145,BNK_HDF_TXN10145,HDFC_BANK,25000.0,SETTLED,2026-09-04T14:55:49,2026-09-04T15:10:49,2026-09-04T16:19:49,BANK_TIMEOUT,Batch settlement delayed by core banking timeout
TXN10146,BNK_HDF_TXN10146,HDFC_BANK,10000.0,SETTLED,2026-09-04T15:30:46,2026-09-04T15:45:46,2026-09-04T17:25:46,BANK_TIMEOUT,Batch settlement delayed by core banking timeout
TXN10147,BNK_HDF_TXN10147,HDFC_BANK,12500.0,SETTLED,2026-09-04T15:01:29,2026-09-04T15:16:29,2026-09-04T17:04:29,BANK_TIMEOUT,Batch settlement delayed by core banking timeout
TXN10148,BNK_HDF_TXN10148,HDFC_BANK,999.0,SETTLED,2026-09-04T10:29:20,2026-09-04T10:40:20,2026-09-04T10:37:20,SETTLED_OK,Settlement completed successfully
TXN10149,BNK_AXI_TXN10149,AXIS_BANK,250.0,SETTLED,2026-09-04T16:24:22,2026-09-04T16:38:22,2026-09-04T16:37:22,SETTLED_OK,Settlement completed successfully
TXN10150,BNK_HDF_TXN10150,HDFC_BANK,10000.0,SETTLED,2026-09-04T14:56:49,2026-09-04T15:11:49,2026-09-04T16:14:49,BANK_TIMEOUT,Batch settlement delayed by core banking timeout
TXN10151,BNK_HDF_TXN10151,HDFC_BANK,18000.0,SETTLED,2026-09-04T15:47:32,2026-09-04T16:02:32,2026-09-04T17:17:32,BANK_TIMEOUT,Batch settlement delayed by core banking timeout
TXN10152,BNK_HDF_TXN10152,HDFC_BANK,12500.0,SETTLED,2026-09-04T14:50:50,2026-09-04T15:05:50,2026-09-04T16:47:50,BANK_TIMEOUT,Batch settlement delayed by core banking timeout
TXN10153,BNK_HDF_TXN10153,HDFC_BANK,2000.0,SETTLED,2026-09-04T15:02:08,2026-09-04T15:17:08,2026-09-04T16:52:08,BANK_TIMEOUT,Batch settlement delayed by core banking timeout
TXN10154,BNK_HDF_TXN10154,HDFC_BANK,2000.0,SETTLED,2026-09-04T14:35:11,2026-09-04T14:50:11,2026-09-04T16:24:11,BANK_TIMEOUT,Batch settlement delayed by core banking timeout
TXN10155,BNK_SBI_TXN10155,SBI,1500.0,SETTLED,2026-09-04T16:15:05,2026-09-04T16:27:05,2026-09-04T16:23:05,SETTLED_OK,Settlement completed successfully
TXN10156,BNK_HDF_TXN10156,HDFC_BANK,10000.0,SETTLED,2026-09-04T14:13:22,2026-09-04T14:28:22,2026-09-04T15:50:22,BANK_TIMEOUT,Batch settlement delayed by core banking timeout
TXN10157,BNK_HDF_TXN10157,HDFC_BANK,3500.0,SETTLED,2026-09-04T15:38:53,2026-09-04T15:53:53,2026-09-04T16:53:53,BANK_TIMEOUT,Batch settlement delayed by core banking timeout
TXN10158,BNK_AXI_TXN10158,AXIS_BANK,2499.0,SETTLED,2026-09-04T14:37:24,2026-09-04T14:56:24,2026-09-04T14:55:24,SETTLED_OK,Settlement completed successfully
TXN10159,BNK_HDF_TXN10159,HDFC_BANK,18000.0,SETTLED,2026-09-04T15:40:00,2026-09-04T15:55:00,2026-09-04T16:49:00,BANK_TIMEOUT,Batch settlement delayed by core banking timeout
TXN10160,BNK_HDF_TXN10160,HDFC_BANK,18000.0,SETTLED,2026-09-04T14:12:00,2026-09-04T14:27:00,2026-09-04T15:28:00,BANK_TIMEOUT,Batch settlement delayed by core banking timeout
TXN10161,BNK_HDF_TXN10161,HDFC_BANK,3500.0,SETTLED,2026-09-04T15:28:52,2026-09-04T15:43:52,2026-09-04T16:35:52,BANK_TIMEOUT,Batch settlement delayed by core banking timeout
TXN10162,BNK_HDF_TXN10162,HDFC_BANK,7500.0,SETTLED,2026-09-04T14:22:03,2026-09-04T14:37:03,2026-09-04T15:50:03,BANK_TIMEOUT,Batch settlement delayed by core banking timeout
TXN10163,BNK_HDF_TXN10163,HDFC_BANK,7500.0,SETTLED,2026-09-04T14:12:35,2026-09-04T14:27:35,2026-09-04T15:47:35,BANK_TIMEOUT,Batch settlement delayed by core banking timeout
TXN10164,BNK_HDF_TXN10164,HDFC_BANK,25000.0,SETTLED,2026-09-04T15:25:30,2026-09-04T15:40:30,2026-09-04T16:46:30,BANK_TIMEOUT,Batch settlement delayed by core banking timeout
TXN10165,BNK_HDF_TXN10165,HDFC_BANK,10000.0,SETTLED,2026-09-04T14:24:07,2026-09-04T14:39:07,2026-09-04T15:29:07,BANK_TIMEOUT,Batch settlement delayed by core banking timeout
TXN10166,BNK_HDF_TXN10166,HDFC_BANK,5000.0,SETTLED,2026-09-04T14:38:13,2026-09-04T14:53:13,2026-09-04T15:41:13,BANK_TIMEOUT,Batch settlement delayed by core banking timeout
TXN10167,BNK_HDF_TXN10167,HDFC_BANK,7500.0,SETTLED,2026-09-04T14:41:09,2026-09-04T14:56:09,2026-09-04T16:19:09,BANK_TIMEOUT,Batch settlement delayed by core banking timeout
TXN10168,BNK_HDF_TXN10168,HDFC_BANK,3500.0,SETTLED,2026-09-04T14:09:59,2026-09-04T14:24:59,2026-09-04T16:08:59,BANK_TIMEOUT,Batch settlement delayed by core banking timeout
TXN10169,BNK_HDF_TXN10169,HDFC_BANK,10000.0,SETTLED,2026-09-04T14:21:10,2026-09-04T14:36:10,2026-09-04T15:37:10,BANK_TIMEOUT,Batch settlement delayed by core banking timeout
TXN10170,BNK_HDF_TXN10170,HDFC_BANK,2000.0,SETTLED,2026-09-04T15:18:10,2026-09-04T15:33:10,2026-09-04T16:33:10,BANK_TIMEOUT,Batch settlement delayed by core banking timeout
TXN10171,BNK_ICI_TXN10171,ICICI_BANK,8900.0,SETTLED,2026-09-04T09:19:50,2026-09-04T09:34:50,2026-09-04T09:31:50,SETTLED_OK,Settlement completed successfully
TXN10172,BNK_HDF_TXN10172,HDFC_BANK,25000.0,SETTLED,2026-09-04T15:09:50,2026-09-04T15:24:50,2026-09-04T17:12:50,BANK_TIMEOUT,Batch settlement delayed by core banking timeout
TXN10173,BNK_HDF_TXN10173,HDFC_BANK,18000.0,SETTLED,2026-09-04T15:10:26,2026-09-04T15:25:26,2026-09-04T16:55:26,BANK_TIMEOUT,Batch settlement delayed by core banking timeout
TXN10174,BNK_HDF_TXN10174,HDFC_BANK,18000.0,SETTLED,2026-09-04T15:09:06,2026-09-04T15:24:06,2026-09-04T16:22:06,BANK_TIMEOUT,Batch settlement delayed by core banking timeout
TXN10175,BNK_HDF_TXN10175,HDFC_BANK,10000.0,SETTLED,2026-09-04T15:40:48,2026-09-04T15:55:48,2026-09-04T17:31:48,BANK_TIMEOUT,Batch settlement delayed by core banking timeout
TXN10176,BNK_HDF_TXN10176,HDFC_BANK,10000.0,SETTLED,2026-09-04T14:28:09,2026-09-04T14:43:09,2026-09-04T16:17:09,BANK_TIMEOUT,Batch settlement delayed by core banking timeout
TXN10177,BNK_HDF_TXN10177,HDFC_BANK,2000.0,SETTLED,2026-09-04T14:39:17,2026-09-04T14:54:17,2026-09-04T16:26:17,BANK_TIMEOUT,Batch settlement delayed by core banking timeout
TXN10178,BNK_SBI_TXN10178,SBI,3500.0,SETTLED,2026-09-04T12:39:47,2026-09-04T12:49:47,2026-09-04T12:46:47,SETTLED_OK,Settlement completed successfully
TXN10179,BNK_HDF_TXN10179,HDFC_BANK,3500.0,SETTLED,2026-09-04T15:03:53,2026-09-04T15:18:53,2026-09-04T16:43:53,BANK_TIMEOUT,Batch settlement delayed by core banking timeout
TXN10180,BNK_HDF_TXN10180,HDFC_BANK,7500.0,SETTLED,2026-09-04T15:42:45,2026-09-04T15:57:45,2026-09-04T17:44:45,BANK_TIMEOUT,Batch settlement delayed by core banking timeout
TXN10181,BNK_AXI_TXN10181,AXIS_BANK,499.0,SETTLED,2026-09-04T14:23:35,2026-09-04T14:43:35,2026-09-04T14:39:35,SETTLED_OK,Settlement completed successfully
TXN10182,BNK_HDF_TXN10182,HDFC_BANK,5000.0,SETTLED,2026-09-04T15:20:26,2026-09-04T15:35:26,2026-09-04T16:41:26,BANK_TIMEOUT,Batch settlement delayed by core banking timeout
TXN10183,BNK_HDF_TXN10183,HDFC_BANK,12500.0,SETTLED,2026-09-04T15:25:41,2026-09-04T15:40:41,2026-09-04T16:39:41,BANK_TIMEOUT,Batch settlement delayed by core banking timeout
TXN10184,BNK_HDF_TXN10184,HDFC_BANK,12500.0,SETTLED,2026-09-04T14:44:10,2026-09-04T14:59:10,2026-09-04T16:36:10,BANK_TIMEOUT,Batch settlement delayed by core banking timeout
TXN10185,BNK_AXI_TXN10185,AXIS_BANK,6500.0,SETTLED,2026-09-04T11:34:59,2026-09-04T11:50:59,2026-09-04T11:48:59,SETTLED_OK,Settlement completed successfully
TXN10186,BNK_HDF_TXN10186,HDFC_BANK,10000.0,SETTLED,2026-09-04T15:16:25,2026-09-04T15:31:25,2026-09-04T16:40:25,BANK_TIMEOUT,Batch settlement delayed by core banking timeout
TXN10187,BNK_HDF_TXN10187,HDFC_BANK,5000.0,SETTLED,2026-09-04T14:42:08,2026-09-04T14:57:08,2026-09-04T16:44:08,BANK_TIMEOUT,Batch settlement delayed by core banking timeout
TXN10188,BNK_KOT_TXN10188,KOTAK_BANK,12000.0,SETTLED,2026-09-04T13:09:26,2026-09-04T13:24:26,2026-09-04T13:22:26,SETTLED_OK,Settlement completed successfully
TXN10189,BNK_HDF_TXN10189,HDFC_BANK,2000.0,SETTLED,2026-09-04T15:39:20,2026-09-04T15:54:20,2026-09-04T17:11:20,BANK_TIMEOUT,Batch settlement delayed by core banking timeout
TXN10190,BNK_HDF_TXN10190,HDFC_BANK,25000.0,SETTLED,2026-09-04T14:29:15,2026-09-04T14:44:15,2026-09-04T15:46:15,BANK_TIMEOUT,Batch settlement delayed by core banking timeout
TXN10191,BNK_HDF_TXN10191,HDFC_BANK,5000.0,SETTLED,2026-09-04T15:21:21,2026-09-04T15:36:21,2026-09-04T16:49:21,BANK_TIMEOUT,Batch settlement delayed by core banking timeout
TXN10192,BNK_HDF_TXN10192,HDFC_BANK,12500.0,SETTLED,2026-09-04T14:15:14,2026-09-04T14:30:14,2026-09-04T15:32:14,BANK_TIMEOUT,Batch settlement delayed by core banking timeout
TXN10193,BNK_HDF_TXN10193,HDFC_BANK,18000.0,SETTLED,2026-09-04T14:57:04,2026-09-04T15:12:04,2026-09-04T16:38:04,BANK_TIMEOUT,Batch settlement delayed by core banking timeout
TXN10194,BNK_HDF_TXN10194,HDFC_BANK,2000.0,SETTLED,2026-09-04T15:46:26,2026-09-04T16:01:26,2026-09-04T17:08:26,BANK_TIMEOUT,Batch settlement delayed by core banking timeout
TXN10195,BNK_HDF_TXN10195,HDFC_BANK,18000.0,SETTLED,2026-09-04T14:55:22,2026-09-04T15:10:22,2026-09-04T15:56:22,BANK_TIMEOUT,Batch settlement delayed by core banking timeout
TXN10196,BNK_HDF_TXN10196,HDFC_BANK,10000.0,SETTLED,2026-09-04T14:16:26,2026-09-04T14:31:26,2026-09-04T16:19:26,BANK_TIMEOUT,Batch settlement delayed by core banking timeout
TXN10197,BNK_HDF_TXN10197,HDFC_BANK,7500.0,SETTLED,2026-09-04T15:05:03,2026-09-04T15:20:03,2026-09-04T16:25:03,BANK_TIMEOUT,Batch settlement delayed by core banking timeout
TXN10198,BNK_SBI_TXN10198,SBI,1500.0,SETTLED,2026-09-04T09:48:43,2026-09-04T10:08:43,2026-09-04T10:04:43,SETTLED_OK,Settlement completed successfully
TXN10199,BNK_HDF_TXN10199,HDFC_BANK,2000.0,SETTLED,2026-09-04T14:55:57,2026-09-04T15:10:57,2026-09-04T16:36:57,BANK_TIMEOUT,Batch settlement delayed by core banking timeout
TXN10200,BNK_HDF_TXN10200,HDFC_BANK,12500.0,SETTLED,2026-09-04T14:37:07,2026-09-04T14:52:07,2026-09-04T16:19:07,BANK_TIMEOUT,Batch settlement delayed by core banking timeout
TXN10201,BNK_HDF_TXN10201,HDFC_BANK,1500.0,SETTLED,2026-09-04T15:19:39,2026-09-04T15:34:39,2026-09-04T16:26:39,BANK_TIMEOUT,Batch settlement delayed by core banking timeout
TXN10202,BNK_HDF_TXN10202,HDFC_BANK,3500.0,SETTLED,2026-09-04T14:43:39,2026-09-04T14:58:39,2026-09-04T15:58:39,BANK_TIMEOUT,Batch settlement delayed by core banking timeout
TXN10203,BNK_KOT_TXN10203,KOTAK_BANK,999.0,SETTLED,2026-09-04T12:10:28,2026-09-04T12:26:28,2026-09-04T12:22:28,SETTLED_OK,Settlement completed successfully
TXN10204,BNK_HDF_TXN10204,HDFC_BANK,5000.0,SETTLED,2026-09-04T14:31:21,2026-09-04T14:46:21,2026-09-04T16:17:21,BANK_TIMEOUT,Batch settlement delayed by core banking timeout
TXN10205,BNK_HDF_TXN10205,HDFC_BANK,25000.0,SETTLED,2026-09-04T14:10:07,2026-09-04T14:25:07,2026-09-04T15:29:07,BANK_TIMEOUT,Batch settlement delayed by core banking timeout
TXN10206,BNK_HDF_TXN10206,HDFC_BANK,2000.0,SETTLED,2026-09-04T15:02:04,2026-09-04T15:17:04,2026-09-04T16:13:04,BANK_TIMEOUT,Batch settlement delayed by core banking timeout
TXN10207,BNK_HDF_TXN10207,HDFC_BANK,18000.0,SETTLED,2026-09-04T14:09:08,2026-09-04T14:24:08,2026-09-04T16:07:08,BANK_TIMEOUT,Batch settlement delayed by core banking timeout
TXN10208,BNK_AXI_TXN10208,AXIS_BANK,250.0,SETTLED,2026-09-04T09:26:48,2026-09-04T09:36:48,2026-09-04T09:35:48,SETTLED_OK,Settlement completed successfully
TXN10209,BNK_HDF_TXN10209,HDFC_BANK,1500.0,SETTLED,2026-09-04T15:05:56,2026-09-04T15:20:56,2026-09-04T16:22:56,BANK_TIMEOUT,Batch settlement delayed by core banking timeout
TXN10210,BNK_HDF_TXN10210,HDFC_BANK,12500.0,SETTLED,2026-09-04T15:29:52,2026-09-04T15:44:52,2026-09-04T17:17:52,BANK_TIMEOUT,Batch settlement delayed by core banking timeout
TXN10212,BNK_ICI_TXN10212,ICICI_BANK,1500.0,SETTLED,2026-09-04T09:49:57,2026-09-04T10:07:57,2026-09-04T10:05:57,SETTLED_OK,Settlement completed successfully
TXN10213,BNK_HDF_TXN10213,HDFC_BANK,7500.0,SETTLED,2026-09-04T14:22:10,2026-09-04T14:37:10,2026-09-04T16:15:10,BANK_TIMEOUT,Batch settlement delayed by core banking timeout
TXN10214,BNK_HDF_TXN10214,HDFC_BANK,5000.0,SETTLED,2026-09-04T14:34:00,2026-09-04T14:49:00,2026-09-04T15:38:00,BANK_TIMEOUT,Batch settlement delayed by core banking timeout
TXN10215,BNK_HDF_TXN10215,HDFC_BANK,1500.0,SETTLED,2026-09-04T15:37:10,2026-09-04T15:52:10,2026-09-04T17:33:10,BANK_TIMEOUT,Batch settlement delayed by core banking timeout
TXN10216,BNK_HDF_TXN10216,HDFC_BANK,1500.0,SETTLED,2026-09-04T15:44:28,2026-09-04T15:59:28,2026-09-04T17:13:28,BANK_TIMEOUT,Batch settlement delayed by core banking timeout
TXN10217,BNK_HDF_TXN10217,HDFC_BANK,10000.0,SETTLED,2026-09-04T14:44:50,2026-09-04T14:59:50,2026-09-04T16:12:50,BANK_TIMEOUT,Batch settlement delayed by core banking timeout
TXN10218,BNK_HDF_TXN10218,HDFC_BANK,250.0,SETTLED,2026-09-04T15:37:13,2026-09-04T15:52:13,2026-09-04T15:48:13,SETTLED_OK,Settlement completed successfully
TXN10219,BNK_HDF_TXN10219,HDFC_BANK,25000.0,SETTLED,2026-09-04T14:26:38,2026-09-04T14:41:38,2026-09-04T16:04:38,BANK_TIMEOUT,Batch settlement delayed by core banking timeout
TXN10220,BNK_HDF_TXN10220,HDFC_BANK,18000.0,SETTLED,2026-09-04T15:51:31,2026-09-04T16:06:31,2026-09-04T17:44:31,BANK_TIMEOUT,Batch settlement delayed by core banking timeout
TXN10221,BNK_HDF_TXN10221,HDFC_BANK,5000.0,SETTLED,2026-09-04T14:54:20,2026-09-04T15:09:20,2026-09-04T16:04:20,BANK_TIMEOUT,Batch settlement delayed by core banking timeout
TXN10222,BNK_HDF_TXN10222,HDFC_BANK,25000.0,SETTLED,2026-09-04T14:13:40,2026-09-04T14:28:40,2026-09-04T16:01:40,BANK_TIMEOUT,Batch settlement delayed by core banking timeout
TXN10223,BNK_HDF_TXN10223,HDFC_BANK,2000.0,SETTLED,2026-09-04T14:07:09,2026-09-04T14:22:09,2026-09-04T15:34:09,BANK_TIMEOUT,Batch settlement delayed by core banking timeout
TXN10224,BNK_SBI_TXN10224,SBI,15000.0,SETTLED,2026-09-04T13:00:36,2026-09-04T13:19:36,2026-09-04T13:15:36,SETTLED_OK,Settlement completed successfully
TXN10225,BNK_SBI_TXN10225,SBI,12000.0,SETTLED,2026-09-04T15:31:03,2026-09-04T15:46:03,2026-09-04T15:42:03,SETTLED_OK,Settlement completed successfully
TXN10226,BNK_HDF_TXN10226,HDFC_BANK,10000.0,SETTLED,2026-09-04T15:05:32,2026-09-04T15:20:32,2026-09-04T16:57:32,BANK_TIMEOUT,Batch settlement delayed by core banking timeout
TXN10227,BNK_HDF_TXN10227,HDFC_BANK,3500.0,SETTLED,2026-09-04T15:42:26,2026-09-04T15:57:26,2026-09-04T17:35:26,BANK_TIMEOUT,Batch settlement delayed by core banking timeout
TXN10228,BNK_HDF_TXN10228,HDFC_BANK,5000.0,SETTLED,2026-09-04T14:46:49,2026-09-04T15:01:49,2026-09-04T16:49:49,BANK_TIMEOUT,Batch settlement delayed by core banking timeout
TXN10229,BNK_HDF_TXN10229,HDFC_BANK,7500.0,SETTLED,2026-09-04T14:48:01,2026-09-04T15:03:01,2026-09-04T16:09:01,BANK_TIMEOUT,Batch settlement delayed by core banking timeout
TXN10230,BNK_HDF_TXN10230,HDFC_BANK,25000.0,SETTLED,2026-09-04T14:20:45,2026-09-04T14:35:45,2026-09-04T15:27:45,BANK_TIMEOUT,Batch settlement delayed by core banking timeout
TXN10231,BNK_HDF_TXN10231,HDFC_BANK,1500.0,SETTLED,2026-09-04T15:32:24,2026-09-04T15:47:24,2026-09-04T17:01:24,BANK_TIMEOUT,Batch settlement delayed by core banking timeout
TXN10232,BNK_HDF_TXN10232,HDFC_BANK,250.0,SETTLED,2026-09-04T17:31:04,2026-09-04T17:41:04,2026-09-04T17:37:04,SETTLED_OK,Settlement completed successfully
TXN10233,BNK_SBI_TXN10233,SBI,15000.0,SETTLED,2026-09-04T09:34:13,2026-09-04T09:45:13,2026-09-04T09:43:13,SETTLED_OK,Settlement completed successfully
TXN10234,BNK_HDF_TXN10234,HDFC_BANK,10000.0,SETTLED,2026-09-04T14:35:51,2026-09-04T14:50:51,2026-09-04T16:22:51,BANK_TIMEOUT,Batch settlement delayed by core banking timeout
TXN10235,BNK_HDF_TXN10235,HDFC_BANK,5000.0,SETTLED,2026-09-04T14:34:36,2026-09-04T14:49:36,2026-09-04T15:38:36,BANK_TIMEOUT,Batch settlement delayed by core banking timeout
TXN10236,BNK_AXI_TXN10236,AXIS_BANK,15000.0,SETTLED,2026-09-04T09:41:10,2026-09-04T09:57:10,2026-09-04T09:54:10,SETTLED_OK,Settlement completed successfully
TXN10237,BNK_HDF_TXN10237,HDFC_BANK,5000.0,SETTLED,2026-09-04T14:07:32,2026-09-04T14:22:32,2026-09-04T15:41:32,BANK_TIMEOUT,Batch settlement delayed by core banking timeout
TXN10238,BNK_HDF_TXN10238,HDFC_BANK,25000.0,SETTLED,2026-09-04T14:39:19,2026-09-04T14:54:19,2026-09-04T15:41:19,BANK_TIMEOUT,Batch settlement delayed by core banking timeout
TXN10239,BNK_HDF_TXN10239,HDFC_BANK,12500.0,SETTLED,2026-09-04T15:43:50,2026-09-04T15:58:50,2026-09-04T17:13:50,BANK_TIMEOUT,Batch settlement delayed by core banking timeout
TXN10240,BNK_HDF_TXN10240,HDFC_BANK,10000.0,SETTLED,2026-09-04T15:15:02,2026-09-04T15:30:02,2026-09-04T17:19:02,BANK_TIMEOUT,Batch settlement delayed by core banking timeout
TXN10241,BNK_HDF_TXN10241,HDFC_BANK,2499.0,SETTLED,2026-09-04T12:54:29,2026-09-04T13:14:29,2026-09-04T13:10:29,SETTLED_OK,Settlement completed successfully
TXN10242,BNK_KOT_TXN10242,KOTAK_BANK,8900.0,SETTLED,2026-09-04T15:13:11,2026-09-04T15:27:11,2026-09-04T15:26:11,SETTLED_OK,Settlement completed successfully
TXN10243,BNK_AXI_TXN10243,AXIS_BANK,499.0,SETTLED,2026-09-04T15:21:17,2026-09-04T15:38:17,2026-09-04T15:35:17,SETTLED_OK,Settlement completed successfully
TXN10244,BNK_ICI_TXN10244,ICICI_BANK,6500.0,SETTLED,2026-09-04T16:36:47,2026-09-04T16:47:47,2026-09-04T16:46:47,SETTLED_OK,Settlement completed successfully
TXN10245,BNK_AXI_TXN10245,AXIS_BANK,499.0,SETTLED,2026-09-04T13:28:12,2026-09-04T13:46:12,2026-09-04T13:42:12,SETTLED_OK,Settlement completed successfully
TXN10246,BNK_SBI_TXN10246,SBI,999.0,SETTLED,2026-09-04T16:10:41,2026-09-04T16:24:41,2026-09-04T16:23:41,SETTLED_OK,Settlement completed successfully
TXN10247,BNK_AXI_TXN10247,AXIS_BANK,1500.0,SETTLED,2026-09-04T16:07:23,2026-09-04T16:26:23,2026-09-04T16:23:23,SETTLED_OK,Settlement completed successfully
TXN10248,BNK_KOT_TXN10248,KOTAK_BANK,15000.0,SETTLED,2026-09-04T13:22:10,2026-09-04T13:34:10,2026-09-04T13:31:10,SETTLED_OK,Settlement completed successfully
TXN10249,BNK_AXI_TXN10249,AXIS_BANK,3500.0,SETTLED,2026-09-04T14:25:45,2026-09-04T14:38:45,2026-09-04T14:33:45,SETTLED_OK,Settlement completed successfully
TXN10250,BNK_HDF_TXN10250,HDFC_BANK,1500.0,SETTLED,2026-09-04T12:30:16,2026-09-04T12:42:16,2026-09-04T12:40:16,SETTLED_OK,Settlement completed successfully
TXN10251,BNK_AXI_TXN10251,AXIS_BANK,4999.0,SETTLED,2026-09-04T10:30:33,2026-09-04T10:46:33,2026-09-04T10:43:33,SETTLED_OK,Settlement completed successfully
TXN10252,BNK_HDF_TXN10252,HDFC_BANK,2499.0,SETTLED,2026-09-04T12:44:12,2026-09-04T13:03:12,2026-09-04T12:59:12,SETTLED_OK,Settlement completed successfully
TXN10253,BNK_HDF_TXN10253,HDFC_BANK,6500.0,SETTLED,2026-09-04T10:18:20,2026-09-04T10:37:20,2026-09-04T10:34:20,SETTLED_OK,Settlement completed successfully
TXN10254,BNK_KOT_TXN10254,KOTAK_BANK,499.0,SETTLED,2026-09-04T14:02:56,2026-09-04T14:13:56,2026-09-04T14:11:56,SETTLED_OK,Settlement completed successfully
TXN10255,BNK_AXI_TXN10255,AXIS_BANK,4999.0,SETTLED,2026-09-04T17:31:50,2026-09-04T17:46:50,2026-09-04T17:45:50,SETTLED_OK,Settlement completed successfully
TXN10256,BNK_HDF_TXN10256,HDFC_BANK,999.0,SETTLED,2026-09-04T10:45:24,2026-09-04T11:03:24,2026-09-04T10:58:24,SETTLED_OK,Settlement completed successfully
TXN10257,BNK_AXI_TXN10257,AXIS_BANK,3500.0,SETTLED,2026-09-04T11:42:07,2026-09-04T11:55:07,2026-09-04T11:51:07,SETTLED_OK,Settlement completed successfully
TXN10258,BNK_ICI_TXN10258,ICICI_BANK,499.0,SETTLED,2026-09-04T13:50:10,2026-09-04T14:05:10,2026-09-04T14:01:10,SETTLED_OK,Settlement completed successfully
TXN10259,BNK_AXI_TXN10259,AXIS_BANK,8900.0,SETTLED,2026-09-04T15:40:45,2026-09-04T15:57:45,2026-09-04T15:54:45,SETTLED_OK,Settlement completed successfully
TXN10260,BNK_HDF_TXN10260,HDFC_BANK,1500.0,SETTLED,2026-09-04T14:08:24,2026-09-04T14:20:24,2026-09-04T14:16:24,SETTLED_OK,Settlement completed successfully
TXN10261,BNK_AXI_TXN10261,AXIS_BANK,6500.0,SETTLED,2026-09-04T11:33:11,2026-09-04T11:50:11,2026-09-04T11:48:11,SETTLED_OK,Settlement completed successfully
TXN10262,BNK_HDF_TXN10262,HDFC_BANK,1200.0,SETTLED,2026-09-04T09:33:03,2026-09-04T09:53:03,2026-09-04T09:49:03,SETTLED_OK,Settlement completed successfully
TXN10263,BNK_AXI_TXN10263,AXIS_BANK,1200.0,SETTLED,2026-09-04T10:37:09,2026-09-04T10:50:09,2026-09-04T10:48:09,SETTLED_OK,Settlement completed successfully
TXN10264,BNK_AXI_TXN10264,AXIS_BANK,6500.0,SETTLED,2026-09-04T10:19:27,2026-09-04T10:36:27,2026-09-04T10:32:27,SETTLED_OK,Settlement completed successfully
TXN10265,BNK_ICI_TXN10265,ICICI_BANK,2499.0,SETTLED,2026-09-04T09:29:32,2026-09-04T09:42:32,2026-09-04T09:37:32,SETTLED_OK,Settlement completed successfully
TXN10266,BNK_KOT_TXN10266,KOTAK_BANK,1200.0,SETTLED,2026-09-04T11:40:22,2026-09-04T11:55:22,2026-09-04T11:50:22,SETTLED_OK,Settlement completed successfully
TXN10267,BNK_SBI_TXN10267,SBI,12000.0,SETTLED,2026-09-04T13:55:39,2026-09-04T14:05:39,2026-09-04T14:03:39,SETTLED_OK,Settlement completed successfully
TXN10268,BNK_ICI_TXN10268,ICICI_BANK,12000.0,SETTLED,2026-09-04T12:50:33,2026-09-04T13:09:33,2026-09-04T13:05:33,SETTLED_OK,Settlement completed successfully
TXN10269,BNK_HDF_TXN10269,HDFC_BANK,15000.0,SETTLED,2026-09-04T17:49:04,2026-09-04T18:04:04,2026-09-04T18:03:04,SETTLED_OK,Settlement completed successfully
TXN10270,BNK_SBI_TXN10270,SBI,3500.0,SETTLED,2026-09-04T17:26:45,2026-09-04T17:41:45,2026-09-04T17:38:45,SETTLED_OK,Settlement completed successfully
TXN10271,BNK_KOT_TXN10271,KOTAK_BANK,250.0,SETTLED,2026-09-04T14:58:51,2026-09-04T15:15:51,2026-09-04T15:22:51,SLIGHT_DELAY,Minor settlement delay
TXN10272,BNK_AXI_TXN10272,AXIS_BANK,1500.0,SETTLED,2026-09-04T11:57:50,2026-09-04T12:17:50,2026-09-04T12:16:50,SETTLED_OK,Settlement completed successfully
TXN10273,BNK_ICI_TXN10273,ICICI_BANK,15000.0,SETTLED,2026-09-04T15:42:00,2026-09-04T15:53:00,2026-09-04T15:52:00,SETTLED_OK,Settlement completed successfully
TXN10274,BNK_ICI_TXN10274,ICICI_BANK,250.0,SETTLED,2026-09-04T17:44:32,2026-09-04T18:00:32,2026-09-04T17:56:32,SETTLED_OK,Settlement completed successfully
TXN10275,BNK_HDF_TXN10275,HDFC_BANK,1500.0,SETTLED,2026-09-04T10:21:39,2026-09-04T10:41:39,2026-09-04T10:39:39,SETTLED_OK,Settlement completed successfully
TXN10276,BNK_HDF_TXN10276,HDFC_BANK,1200.0,SETTLED,2026-09-04T16:24:20,2026-09-04T16:44:20,2026-09-04T16:42:20,SETTLED_OK,Settlement completed successfully
TXN10277,BNK_HDF_TXN10277,HDFC_BANK,999.0,SETTLED,2026-09-04T14:28:52,2026-09-04T14:39:52,2026-09-04T14:34:52,SETTLED_OK,Settlement completed successfully
TXN10278,BNK_SBI_TXN10278,SBI,8900.0,SETTLED,2026-09-04T13:15:09,2026-09-04T13:29:09,2026-09-04T13:27:09,SETTLED_OK,Settlement completed successfully
TXN10279,BNK_ICI_TXN10279,ICICI_BANK,250.0,SETTLED,2026-09-04T10:35:23,2026-09-04T10:51:23,2026-09-04T10:46:23,SETTLED_OK,Settlement completed successfully
TXN10280,BNK_ICI_TXN10280,ICICI_BANK,499.0,SETTLED,2026-09-04T10:02:39,2026-09-04T10:12:39,2026-09-04T10:08:39,SETTLED_OK,Settlement completed successfully
TXN10281,BNK_KOT_TXN10281,KOTAK_BANK,499.0,SETTLED,2026-09-04T15:46:32,2026-09-04T15:58:32,2026-09-04T15:55:32,SETTLED_OK,Settlement completed successfully
TXN10282,BNK_ICI_TXN10282,ICICI_BANK,12000.0,SETTLED,2026-09-04T15:38:56,2026-09-04T15:51:56,2026-09-04T15:50:56,SETTLED_OK,Settlement completed successfully
TXN10283,BNK_AXI_TXN10283,AXIS_BANK,12000.0,SETTLED,2026-09-04T13:43:45,2026-09-04T13:55:45,2026-09-04T13:53:45,SETTLED_OK,Settlement completed successfully
TXN10284,BNK_KOT_TXN10284,KOTAK_BANK,15000.0,SETTLED,2026-09-04T11:24:12,2026-09-04T11:39:12,2026-09-04T11:36:12,SETTLED_OK,Settlement completed successfully
TXN10285,BNK_KOT_TXN10285,KOTAK_BANK,2499.0,SETTLED,2026-09-04T16:31:04,2026-09-04T16:43:04,2026-09-04T16:40:04,SETTLED_OK,Settlement completed successfully
TXN10286,BNK_HDF_TXN10286,HDFC_BANK,250.0,SETTLED,2026-09-04T17:01:14,2026-09-04T17:16:14,2026-09-04T17:14:14,SETTLED_OK,Settlement completed successfully
TXN10287,BNK_AXI_TXN10287,AXIS_BANK,15000.0,SETTLED,2026-09-04T14:16:45,2026-09-04T14:35:45,2026-09-04T14:30:45,SETTLED_OK,Settlement completed successfully
TXN10288,BNK_ICI_TXN10288,ICICI_BANK,4999.0,SETTLED,2026-09-04T15:06:23,2026-09-04T15:17:23,2026-09-04T15:16:23,SETTLED_OK,Settlement completed successfully
TXN10289,BNK_KOT_TXN10289,KOTAK_BANK,8900.0,SETTLED,2026-09-04T12:31:03,2026-09-04T12:44:03,2026-09-04T12:40:03,SETTLED_OK,Settlement completed successfully
TXN10290,BNK_SBI_TXN10290,SBI,12000.0,SETTLED,2026-09-04T14:02:14,2026-09-04T14:15:14,2026-09-04T14:13:14,SETTLED_OK,Settlement completed successfully
TXN10291,BNK_ICI_TXN10291,ICICI_BANK,1200.0,SETTLED,2026-09-04T10:04:48,2026-09-04T10:21:48,2026-09-04T10:20:48,SETTLED_OK,Settlement completed successfully
TXN10292,BNK_ICI_TXN10292,ICICI_BANK,250.0,SETTLED,2026-09-04T10:38:58,2026-09-04T10:52:58,2026-09-04T10:49:58,SETTLED_OK,Settlement completed successfully
TXN10293,BNK_SBI_TXN10293,SBI,499.0,SETTLED,2026-09-04T16:18:32,2026-09-04T16:29:32,2026-09-04T16:27:32,SETTLED_OK,Settlement completed successfully
TXN10294,BNK_AXI_TXN10294,AXIS_BANK,1200.0,SETTLED,2026-09-04T17:24:30,2026-09-04T17:38:30,2026-09-04T17:37:30,SETTLED_OK,Settlement completed successfully
TXN10295,BNK_KOT_TXN10295,KOTAK_BANK,2499.0,SETTLED,2026-09-04T12:54:55,2026-09-04T13:09:55,2026-09-04T13:08:55,SETTLED_OK,Settlement completed successfully
TXN10296,BNK_ICI_TXN10296,ICICI_BANK,6500.0,SETTLED,2026-09-04T15:56:01,2026-09-04T16:13:01,2026-09-04T16:11:01,SETTLED_OK,Settlement completed successfully
TXN10297,BNK_ICI_TXN10297,ICICI_BANK,2499.0,SETTLED,2026-09-04T12:54:05,2026-09-04T13:08:05,2026-09-04T13:07:05,SETTLED_OK,Settlement completed successfully
TXN10298,BNK_AXI_TXN10298,AXIS_BANK,2499.0,SETTLED,2026-09-04T10:58:57,2026-09-04T11:08:57,2026-09-04T11:03:57,SETTLED_OK,Settlement completed successfully
TXN10299,BNK_AXI_TXN10299,AXIS_BANK,999.0,SETTLED,2026-09-04T15:44:47,2026-09-04T15:58:47,2026-09-04T15:56:47,SETTLED_OK,Settlement completed successfully
TXN10300,BNK_KOT_TXN10300,KOTAK_BANK,6500.0,SETTLED,2026-09-04T13:32:41,2026-09-04T13:46:41,2026-09-04T13:42:41,SETTLED_OK,Settlement completed successfully
TXN10301,BNK_ICI_TXN10301,ICICI_BANK,2499.0,SETTLED,2026-09-04T15:52:44,2026-09-04T16:07:44,2026-09-04T16:02:44,SETTLED_OK,Settlement completed successfully
TXN10302,BNK_ICI_TXN10302,ICICI_BANK,250.0,SETTLED,2026-09-04T14:39:29,2026-09-04T14:57:29,2026-09-04T14:52:29,SETTLED_OK,Settlement completed successfully
TXN10303,BNK_ICI_TXN10303,ICICI_BANK,15000.0,SETTLED,2026-09-04T13:36:07,2026-09-04T13:52:07,2026-09-04T13:50:07,SETTLED_OK,Settlement completed successfully
TXN10304,BNK_SBI_TXN10304,AXIS_BANK,7500.0,SETTLED,2026-09-04T09:46:44,2026-09-04T09:56:44,2026-09-04T09:54:44,SETTLED_OK,Settlement completed
TXN10305,BNK_ICI_TXN10305,ICICI_BANK,999.0,SETTLED,2026-09-04T16:35:34,2026-09-04T16:45:34,2026-09-04T16:43:34,SETTLED_OK,Settlement completed successfully
TXN10306,BNK_HDF_TXN10306,HDFC_BANK,2499.0,SETTLED,2026-09-04T12:52:20,2026-09-04T13:02:20,2026-09-04T13:00:20,SETTLED_OK,Settlement completed successfully
TXN10307,BNK_SBI_TXN10307,SBI,3500.0,SETTLED,2026-09-04T14:46:58,2026-09-04T15:01:58,2026-09-04T14:59:58,SETTLED_OK,Settlement completed successfully
TXN10308,BNK_AXI_TXN10308,AXIS_BANK,15000.0,SETTLED,2026-09-04T11:47:09,2026-09-04T11:59:09,2026-09-04T11:56:09,SETTLED_OK,Settlement completed successfully
TXN10309,BNK_HDF_TXN10309,HDFC_BANK,2499.0,SETTLED,2026-09-04T09:13:30,2026-09-04T09:24:30,2026-09-04T09:22:30,SETTLED_OK,Settlement completed successfully
TXN10310,BNK_ICI_TXN10310,ICICI_BANK,499.0,SETTLED,2026-09-04T14:12:09,2026-09-04T14:26:09,2026-09-04T14:25:09,SETTLED_OK,Settlement completed successfully
TXN10311,BNK_HDF_TXN10311,HDFC_BANK,3500.0,SETTLED,2026-09-04T15:30:17,2026-09-04T15:46:17,2026-09-04T15:42:17,SETTLED_OK,Settlement completed successfully
TXN10312,BNK_ICI_TXN10312,ICICI_BANK,250.0,SETTLED,2026-09-04T16:06:00,2026-09-04T16:20:00,2026-09-04T16:19:00,SETTLED_OK,Settlement completed successfully
TXN10313,BNK_ICI_TXN10313,ICICI_BANK,2499.0,SETTLED,2026-09-04T17:58:29,2026-09-04T18:18:29,2026-09-04T18:14:29,SETTLED_OK,Settlement completed successfully
TXN10314,BNK_SBI_TXN10314,SBI,6500.0,SETTLED,2026-09-04T12:28:23,2026-09-04T12:42:23,2026-09-04T12:41:23,SETTLED_OK,Settlement completed successfully
TXN10315,BNK_AXI_TXN10315,AXIS_BANK,3500.0,SETTLED,2026-09-04T09:24:23,2026-09-04T09:43:23,2026-09-04T09:42:23,SETTLED_OK,Settlement completed successfully
TXN10316,BNK_SBI_TXN10316,SBI,1500.0,SETTLED,2026-09-04T16:55:57,2026-09-04T17:15:57,2026-09-04T17:10:57,SETTLED_OK,Settlement completed successfully
TXN10317,BNK_AXI_TXN10317,AXIS_BANK,1500.0,SETTLED,2026-09-04T11:29:47,2026-09-04T11:42:47,2026-09-04T11:37:47,SETTLED_OK,Settlement completed successfully
TXN10318,BNK_HDF_TXN10318,HDFC_BANK,3500.0,SETTLED,2026-09-04T14:53:04,2026-09-04T15:09:04,2026-09-04T15:05:04,SETTLED_OK,Settlement completed successfully
TXN10319,BNK_KOT_TXN10319,KOTAK_BANK,3500.0,SETTLED,2026-09-04T16:20:37,2026-09-04T16:38:37,2026-09-04T16:33:37,SETTLED_OK,Settlement completed successfully
TXN10320,BNK_ICI_TXN10320,ICICI_BANK,999.0,SETTLED,2026-09-04T12:52:23,2026-09-04T13:12:23,2026-09-04T13:10:23,SETTLED_OK,Settlement completed successfully
TXN10321,BNK_SBI_TXN10321,SBI,3500.0,SETTLED,2026-09-04T10:26:18,2026-09-04T10:44:18,2026-09-04T10:43:18,SETTLED_OK,Settlement completed successfully
TXN10322,BNK_KOT_TXN10322,KOTAK_BANK,999.0,SETTLED,2026-09-04T10:27:19,2026-09-04T10:38:19,2026-09-04T10:33:19,SETTLED_OK,Settlement completed successfully
TXN10323,BNK_SBI_TXN10323,SBI,4999.0,SETTLED,2026-09-04T16:37:39,2026-09-04T16:53:39,2026-09-04T16:48:39,SETTLED_OK,Settlement completed successfully
TXN10324,BNK_HDF_TXN10324,HDFC_BANK,250.0,SETTLED,2026-09-04T14:45:53,2026-09-04T14:55:53,2026-09-04T14:52:53,SETTLED_OK,Settlement completed successfully
TXN10325,BNK_HDF_TXN10325,HDFC_BANK,4999.0,SETTLED,2026-09-04T11:21:17,2026-09-04T11:40:17,2026-09-04T11:38:17,SETTLED_OK,Settlement completed successfully
TXN10326,BNK_AXI_TXN10326,AXIS_BANK,999.0,SETTLED,2026-09-04T09:34:09,2026-09-04T09:50:09,2026-09-04T09:45:09,SETTLED_OK,Settlement completed successfully
TXN10327,BNK_ICI_TXN10327,ICICI_BANK,1200.0,SETTLED,2026-09-04T12:54:15,2026-09-04T13:09:15,2026-09-04T13:06:15,SETTLED_OK,Settlement completed successfully
TXN10328,BNK_AXI_TXN10328,AXIS_BANK,4999.0,SETTLED,2026-09-04T09:16:57,2026-09-04T09:35:57,2026-09-04T09:32:57,SETTLED_OK,Settlement completed successfully
TXN10329,BNK_HDF_TXN10329,HDFC_BANK,999.0,SETTLED,2026-09-04T09:25:30,2026-09-04T09:38:30,2026-09-04T09:35:30,SETTLED_OK,Settlement completed successfully
TXN10330,BNK_HDF_TXN10330,HDFC_BANK,12000.0,SETTLED,2026-09-04T16:59:37,2026-09-04T17:12:37,2026-09-04T17:09:37,SETTLED_OK,Settlement completed successfully
TXN10331,BNK_SBI_TXN10331,SBI,4999.0,SETTLED,2026-09-04T15:55:45,2026-09-04T16:09:45,2026-09-04T16:04:45,SETTLED_OK,Settlement completed successfully
TXN10332,BNK_HDF_TXN10332,HDFC_BANK,8900.0,SETTLED,2026-09-04T17:42:58,2026-09-04T17:59:58,2026-09-04T17:56:58,SETTLED_OK,Settlement completed successfully
TXN10333,BNK_SBI_TXN10333,SBI,1200.0,SETTLED,2026-09-04T12:11:06,2026-09-04T12:31:06,2026-09-04T12:29:06,SETTLED_OK,Settlement completed successfully
TXN10334,BNK_AXI_TXN10334,AXIS_BANK,3500.0,SETTLED,2026-09-04T13:59:50,2026-09-04T14:18:50,2026-09-04T14:15:50,SETTLED_OK,Settlement completed successfully
TXN10335,BNK_KOT_TXN10335,KOTAK_BANK,999.0,SETTLED,2026-09-04T14:33:54,2026-09-04T14:44:54,2026-09-04T14:41:54,SETTLED_OK,Settlement completed successfully
TXN10336,BNK_SBI_TXN10336,SBI,15000.0,SETTLED,2026-09-04T12:23:49,2026-09-04T12:38:49,2026-09-04T12:35:49,SETTLED_OK,Settlement completed successfully
TXN10337,BNK_HDF_TXN10337,HDFC_BANK,6500.0,SETTLED,2026-09-04T16:57:39,2026-09-04T17:11:39,2026-09-04T17:09:39,SETTLED_OK,Settlement completed successfully
TXN10338,BNK_AXI_TXN10338,AXIS_BANK,15000.0,SETTLED,2026-09-04T11:22:06,2026-09-04T11:37:06,2026-09-04T11:35:06,SETTLED_OK,Settlement completed successfully
TXN10339,BNK_HDF_TXN10339,HDFC_BANK,999.0,SETTLED,2026-09-04T13:15:11,2026-09-04T13:27:11,2026-09-04T13:23:11,SETTLED_OK,Settlement completed successfully
TXN10340,BNK_AXI_TXN10340,AXIS_BANK,15000.0,SETTLED,2026-09-04T09:35:25,2026-09-04T09:53:25,2026-09-04T09:52:25,SETTLED_OK,Settlement completed successfully
TXN10341,BNK_ICI_TXN10341,ICICI_BANK,3500.0,SETTLED,2026-09-04T13:10:04,2026-09-04T13:22:04,2026-09-04T13:21:04,SETTLED_OK,Settlement completed successfully
TXN10342,BNK_KOT_TXN10342,KOTAK_BANK,999.0,SETTLED,2026-09-04T15:58:26,2026-09-04T16:11:26,2026-09-04T16:07:26,SETTLED_OK,Settlement completed successfully
TXN10343,BNK_ICI_TXN10343,ICICI_BANK,999.0,SETTLED,2026-09-04T09:39:02,2026-09-04T09:49:02,2026-09-04T09:46:02,SETTLED_OK,Settlement completed successfully
TXN10344,BNK_HDF_TXN10344,HDFC_BANK,250.0,SETTLED,2026-09-04T10:42:56,2026-09-04T10:59:56,2026-09-04T10:54:56,SETTLED_OK,Settlement completed successfully
TXN10345,BNK_ICI_TXN10345,ICICI_BANK,12000.0,SETTLED,2026-09-04T09:20:53,2026-09-04T09:39:53,2026-09-04T09:37:53,SETTLED_OK,Settlement completed successfully
TXN10346,BNK_KOT_TXN10346,KOTAK_BANK,499.0,SETTLED,2026-09-04T13:09:32,2026-09-04T13:22:32,2026-09-04T13:17:32,SETTLED_OK,Settlement completed successfully
TXN10347,BNK_AXI_TXN10347,AXIS_BANK,4999.0,SETTLED,2026-09-04T11:04:08,2026-09-04T11:17:08,2026-09-04T11:23:08,SLIGHT_DELAY,Minor settlement delay
TXN10348,BNK_AXI_TXN10348,AXIS_BANK,499.0,SETTLED,2026-09-04T10:50:54,2026-09-04T11:03:54,2026-09-04T11:00:54,SETTLED_OK,Settlement completed successfully
TXN10349,BNK_HDF_TXN10349,HDFC_BANK,2499.0,SETTLED,2026-09-04T09:55:48,2026-09-04T10:06:48,2026-09-04T10:05:48,SETTLED_OK,Settlement completed successfully
TXN10350,BNK_ICI_TXN10350,ICICI_BANK,8900.0,SETTLED,2026-09-04T14:58:41,2026-09-04T15:13:41,2026-09-04T15:09:41,SETTLED_OK,Settlement completed successfully
TXN10351,BNK_AXI_TXN10351,AXIS_BANK,999.0,SETTLED,2026-09-04T15:42:52,2026-09-04T15:54:52,2026-09-04T15:49:52,SETTLED_OK,Settlement completed successfully
TXN10352,BNK_AXI_TXN10352,AXIS_BANK,8900.0,SETTLED,2026-09-04T15:50:26,2026-09-04T16:07:26,2026-09-04T16:03:26,SETTLED_OK,Settlement completed successfully
TXN10353,BNK_SBI_TXN10353,SBI,12000.0,SETTLED,2026-09-04T09:48:02,2026-09-04T10:01:02,2026-09-04T09:58:02,SETTLED_OK,Settlement completed successfully
TXN10354,BNK_KOT_TXN10354,KOTAK_BANK,1200.0,SETTLED,2026-09-04T15:44:38,2026-09-04T16:00:38,2026-09-04T15:55:38,SETTLED_OK,Settlement completed successfully
TXN10355,BNK_HDF_TXN10355,HDFC_BANK,4999.0,SETTLED,2026-09-04T17:55:39,2026-09-04T18:10:39,2026-09-04T18:07:39,SETTLED_OK,Settlement completed successfully
TXN10356,BNK_KOT_TXN10356,KOTAK_BANK,499.0,SETTLED,2026-09-04T15:54:10,2026-09-04T16:11:10,2026-09-04T16:07:10,SETTLED_OK,Settlement completed successfully
TXN10357,BNK_AXI_TXN10357,AXIS_BANK,250.0,SETTLED,2026-09-04T10:27:16,2026-09-04T10:38:16,2026-09-04T10:33:16,SETTLED_OK,Settlement completed successfully
TXN10358,BNK_KOT_TXN10358,KOTAK_BANK,250.0,SETTLED,2026-09-04T16:22:56,2026-09-04T16:40:56,2026-09-04T16:35:56,SETTLED_OK,Settlement completed successfully
TXN10359,BNK_SBI_TXN10359,SBI,12000.0,SETTLED,2026-09-04T10:07:52,2026-09-04T10:22:52,2026-09-04T10:19:52,SETTLED_OK,Settlement completed successfully
TXN10360,BNK_HDF_TXN10360,HDFC_BANK,15000.0,SETTLED,2026-09-04T11:32:28,2026-09-04T11:51:28,2026-09-04T11:50:28,SETTLED_OK,Settlement completed successfully
TXN10361,BNK_AXI_TXN10361,AXIS_BANK,3500.0,SETTLED,2026-09-04T14:08:28,2026-09-04T14:19:28,2026-09-04T14:15:28,SETTLED_OK,Settlement completed successfully
TXN10362,BNK_KOT_TXN10362,KOTAK_BANK,15000.0,SETTLED,2026-09-04T16:02:04,2026-09-04T16:21:04,2026-09-04T16:16:04,SETTLED_OK,Settlement completed successfully
TXN10363,BNK_KOT_TXN10363,KOTAK_BANK,12000.0,SETTLED,2026-09-04T11:08:08,2026-09-04T11:24:08,2026-09-04T11:22:08,SETTLED_OK,Settlement completed successfully
TXN10364,BNK_SBI_TXN10364,SBI,8900.0,SETTLED,2026-09-04T11:10:14,2026-09-04T11:25:14,2026-09-04T11:20:14,SETTLED_OK,Settlement completed successfully
TXN10365,BNK_ICI_TXN10365,ICICI_BANK,999.0,SETTLED,2026-09-04T15:00:23,2026-09-04T15:20:23,2026-09-04T15:19:23,SETTLED_OK,Settlement completed successfully
TXN10366,BNK_AXI_TXN10366,AXIS_BANK,3500.0,SETTLED,2026-09-04T17:20:12,2026-09-04T17:30:12,2026-09-04T17:29:12,SETTLED_OK,Settlement completed successfully
TXN10367,BNK_SBI_TXN10367,SBI,999.0,SETTLED,2026-09-04T13:44:23,2026-09-04T14:02:23,2026-09-04T13:58:23,SETTLED_OK,Settlement completed successfully
TXN10368,BNK_KOT_TXN10368,KOTAK_BANK,6500.0,SETTLED,2026-09-04T17:25:28,2026-09-04T17:41:28,2026-09-04T17:38:28,SETTLED_OK,Settlement completed successfully
TXN10369,BNK_SBI_TXN10369,SBI,12000.0,SETTLED,2026-09-04T16:55:11,2026-09-04T17:14:11,2026-09-04T17:12:11,SETTLED_OK,Settlement completed successfully
TXN10370,BNK_HDF_TXN10370,HDFC_BANK,499.0,SETTLED,2026-09-04T11:48:51,2026-09-04T12:02:51,2026-09-04T12:00:51,SETTLED_OK,Settlement completed successfully
TXN10371,BNK_HDF_TXN10371,HDFC_BANK,999.0,SETTLED,2026-09-04T16:47:00,2026-09-04T17:06:00,2026-09-04T17:01:00,SETTLED_OK,Settlement completed successfully
TXN10372,BNK_AXI_TXN10372,AXIS_BANK,2499.0,SETTLED,2026-09-04T10:52:17,2026-09-04T11:10:17,2026-09-04T11:05:17,SETTLED_OK,Settlement completed successfully
TXN10373,BNK_KOT_TXN10373,KOTAK_BANK,1200.0,SETTLED,2026-09-04T10:23:47,2026-09-04T10:37:47,2026-09-04T10:32:47,SETTLED_OK,Settlement completed successfully
TXN10374,BNK_HDF_TXN10374,HDFC_BANK,12000.0,SETTLED,2026-09-04T14:29:22,2026-09-04T14:45:22,2026-09-04T14:44:22,SETTLED_OK,Settlement completed successfully
TXN10375,BNK_SBI_TXN10375,SBI,2499.0,SETTLED,2026-09-04T17:54:47,2026-09-04T18:11:47,2026-09-04T18:09:47,SETTLED_OK,Settlement completed successfully
TXN10376,BNK_HDF_TXN10376,HDFC_BANK,12000.0,SETTLED,2026-09-04T17:35:17,2026-09-04T17:48:17,2026-09-04T17:44:17,SETTLED_OK,Settlement completed successfully
TXN10377,BNK_KOT_TXN10377,KOTAK_BANK,999.0,SETTLED,2026-09-04T10:49:03,2026-09-04T10:59:03,2026-09-04T10:58:03,SETTLED_OK,Settlement completed successfully
TXN10378,BNK_HDF_TXN10378,HDFC_BANK,4999.0,SETTLED,2026-09-04T13:28:06,2026-09-04T13:38:06,2026-09-04T13:37:06,SETTLED_OK,Settlement completed successfully
TXN10379,BNK_KOT_TXN10379,KOTAK_BANK,499.0,SETTLED,2026-09-04T09:46:31,2026-09-04T10:00:31,2026-09-04T09:57:31,SETTLED_OK,Settlement completed successfully
TXN10380,BNK_AXI_TXN10380,AXIS_BANK,250.0,SETTLED,2026-09-04T15:54:19,2026-09-04T16:07:19,2026-09-04T16:03:19,SETTLED_OK,Settlement completed successfully
TXN10381,BNK_ICI_TXN10381,ICICI_BANK,6500.0,SETTLED,2026-09-04T14:01:32,2026-09-04T14:11:32,2026-09-04T14:07:32,SETTLED_OK,Settlement completed successfully
TXN10382,BNK_SBI_TXN10382,SBI,12000.0,SETTLED,2026-09-04T14:14:52,2026-09-04T14:26:52,2026-09-04T14:23:52,SETTLED_OK,Settlement completed successfully
TXN10383,BNK_KOT_TXN10383,KOTAK_BANK,6500.0,SETTLED,2026-09-04T17:30:45,2026-09-04T17:44:45,2026-09-04T17:39:45,SETTLED_OK,Settlement completed successfully
TXN10384,BNK_ICI_TXN10384,ICICI_BANK,499.0,SETTLED,2026-09-04T10:20:06,2026-09-04T10:37:06,2026-09-04T10:34:06,SETTLED_OK,Settlement completed successfully
TXN10385,BNK_KOT_TXN10385,KOTAK_BANK,250.0,SETTLED,2026-09-04T14:28:32,2026-09-04T14:48:32,2026-09-04T14:45:32,SETTLED_OK,Settlement completed successfully
TXN10386,BNK_SBI_TXN10386,SBI,1500.0,SETTLED,2026-09-04T16:30:11,2026-09-04T16:42:11,2026-09-04T16:41:11,SETTLED_OK,Settlement completed successfully
TXN10387,BNK_KOT_TXN10387,KOTAK_BANK,12000.0,SETTLED,2026-09-04T13:47:44,2026-09-04T14:05:44,2026-09-04T14:00:44,SETTLED_OK,Settlement completed successfully
TXN10388,BNK_ICI_TXN10388,ICICI_BANK,6500.0,SETTLED,2026-09-04T17:18:04,2026-09-04T17:34:04,2026-09-04T17:29:04,SETTLED_OK,Settlement completed successfully
TXN10389,BNK_AXI_TXN10389,AXIS_BANK,250.0,SETTLED,2026-09-04T15:25:11,2026-09-04T15:43:11,2026-09-04T15:41:11,SETTLED_OK,Settlement completed successfully
TXN10390,BNK_ICI_TXN10390,ICICI_BANK,4999.0,SETTLED,2026-09-04T14:03:20,2026-09-04T14:18:20,2026-09-04T14:16:20,SETTLED_OK,Settlement completed successfully
TXN10391,BNK_AXI_TXN10391,AXIS_BANK,2499.0,SETTLED,2026-09-04T09:04:20,2026-09-04T09:18:20,2026-09-04T09:15:20,SETTLED_OK,Settlement completed successfully
TXN10392,BNK_ICI_TXN10392,ICICI_BANK,12000.0,SETTLED,2026-09-04T15:25:02,2026-09-04T15:41:02,2026-09-04T15:39:02,SETTLED_OK,Settlement completed successfully
TXN10393,BNK_SBI_TXN10393,SBI,250.0,SETTLED,2026-09-04T16:58:12,2026-09-04T17:10:12,2026-09-04T17:05:12,SETTLED_OK,Settlement completed successfully
TXN10394,BNK_ICI_TXN10394,ICICI_BANK,15000.0,SETTLED,2026-09-04T11:24:52,2026-09-04T11:39:52,2026-09-04T11:35:52,SETTLED_OK,Settlement completed successfully
TXN10395,BNK_ICI_TXN10395,ICICI_BANK,250.0,SETTLED,2026-09-04T15:02:57,2026-09-04T15:14:57,2026-09-04T15:09:57,SETTLED_OK,Settlement completed successfully
TXN10396,BNK_HDF_TXN10396,HDFC_BANK,6500.0,SETTLED,2026-09-04T14:01:12,2026-09-04T14:21:12,2026-09-04T14:30:12,SLIGHT_DELAY,Minor settlement delay
TXN10397,BNK_AXI_TXN10397,AXIS_BANK,3500.0,SETTLED,2026-09-04T16:11:45,2026-09-04T16:30:45,2026-09-04T16:27:45,SETTLED_OK,Settlement completed successfully
TXN10398,BNK_SBI_TXN10398,SBI,3500.0,SETTLED,2026-09-04T10:15:18,2026-09-04T10:28:18,2026-09-04T10:23:18,SETTLED_OK,Settlement completed successfully
TXN10399,BNK_KOT_TXN10399,KOTAK_BANK,8900.0,SETTLED,2026-09-04T11:32:29,2026-09-04T11:43:29,2026-09-04T11:41:29,SETTLED_OK,Settlement completed successfully
TXN10400,BNK_HDF_TXN10400,HDFC_BANK,250.0,SETTLED,2026-09-04T17:28:10,2026-09-04T17:45:10,2026-09-04T17:41:10,SETTLED_OK,Settlement completed successfully
TXN10401,BNK_KOT_TXN10401,KOTAK_BANK,4999.0,SETTLED,2026-09-04T15:09:24,2026-09-04T15:28:24,2026-09-04T15:24:24,SETTLED_OK,Settlement completed successfully
TXN10402,BNK_HDF_TXN10402,HDFC_BANK,12000.0,SETTLED,2026-09-04T17:01:50,2026-09-04T17:16:50,2026-09-04T17:12:50,SETTLED_OK,Settlement completed successfully
TXN10403,BNK_SBI_TXN10403,SBI,12000.0,SETTLED,2026-09-04T14:40:48,2026-09-04T14:58:48,2026-09-04T14:54:48,SETTLED_OK,Settlement completed successfully
TXN10404,BNK_KOT_TXN10404,KOTAK_BANK,2499.0,SETTLED,2026-09-04T13:20:52,2026-09-04T13:33:52,2026-09-04T13:31:52,SETTLED_OK,Settlement completed successfully
TXN10405,BNK_AXI_TXN10405,AXIS_BANK,12000.0,SETTLED,2026-09-04T17:40:49,2026-09-04T18:00:49,2026-09-04T18:06:49,SLIGHT_DELAY,Minor settlement delay
TXN10406,BNK_KOT_TXN10406,KOTAK_BANK,1200.0,SETTLED,2026-09-04T10:05:43,2026-09-04T10:15:43,2026-09-04T10:11:43,SETTLED_OK,Settlement completed successfully
TXN10407,BNK_SBI_TXN10407,SBI,4999.0,SETTLED,2026-09-04T11:41:39,2026-09-04T11:55:39,2026-09-04T11:50:39,SETTLED_OK,Settlement completed successfully
TXN10408,BNK_ICI_TXN10408,ICICI_BANK,12000.0,SETTLED,2026-09-04T09:24:07,2026-09-04T09:38:07,2026-09-04T09:35:07,SETTLED_OK,Settlement completed successfully
TXN10409,BNK_KOT_TXN10409,KOTAK_BANK,15000.0,SETTLED,2026-09-04T17:01:53,2026-09-04T17:15:53,2026-09-04T17:10:53,SETTLED_OK,Settlement completed successfully
TXN10410,BNK_SBI_TXN10410,SBI,4999.0,SETTLED,2026-09-04T12:39:53,2026-09-04T12:53:53,2026-09-04T12:48:53,SETTLED_OK,Settlement completed successfully
TXN10411,BNK_KOT_TXN10411,KOTAK_BANK,6500.0,SETTLED,2026-09-04T14:09:39,2026-09-04T14:23:39,2026-09-04T14:19:39,SETTLED_OK,Settlement completed successfully
TXN10412,BNK_SBI_TXN10412,SBI,250.0,SETTLED,2026-09-04T16:59:02,2026-09-04T17:10:02,2026-09-04T17:08:02,SETTLED_OK,Settlement completed successfully
TXN10413,BNK_SBI_TXN10413,SBI,250.0,SETTLED,2026-09-04T14:34:54,2026-09-04T14:45:54,2026-09-04T14:42:54,SETTLED_OK,Settlement completed successfully
TXN10414,BNK_AXI_TXN10414,AXIS_BANK,8900.0,SETTLED,2026-09-04T14:15:11,2026-09-04T14:32:11,2026-09-04T14:30:11,SETTLED_OK,Settlement completed successfully
TXN10415,BNK_ICI_TXN10415,ICICI_BANK,8900.0,SETTLED,2026-09-04T12:54:29,2026-09-04T13:05:29,2026-09-04T13:01:29,SETTLED_OK,Settlement completed successfully
TXN10416,BNK_HDF_TXN10416,HDFC_BANK,4999.0,SETTLED,2026-09-04T14:40:53,2026-09-04T14:58:53,2026-09-04T14:56:53,SETTLED_OK,Settlement completed successfully
TXN10417,BNK_HDF_TXN10417,HDFC_BANK,6500.0,SETTLED,2026-09-04T16:35:34,2026-09-04T16:52:34,2026-09-04T16:47:34,SETTLED_OK,Settlement completed successfully
TXN10418,BNK_HDF_TXN10418,HDFC_BANK,499.0,SETTLED,2026-09-04T12:26:19,2026-09-04T12:40:19,2026-09-04T12:37:19,SETTLED_OK,Settlement completed successfully
TXN10419,BNK_KOT_TXN10419,KOTAK_BANK,3500.0,SETTLED,2026-09-04T14:13:01,2026-09-04T14:28:01,2026-09-04T14:25:01,SETTLED_OK,Settlement completed successfully
TXN10420,BNK_ICI_TXN10420,ICICI_BANK,1200.0,SETTLED,2026-09-04T10:48:11,2026-09-04T11:01:11,2026-09-04T10:59:11,SETTLED_OK,Settlement completed successfully
TXN10421,BNK_AXI_TXN10421,AXIS_BANK,12000.0,SETTLED,2026-09-04T11:59:51,2026-09-04T12:16:51,2026-09-04T12:11:51,SETTLED_OK,Settlement completed successfully
TXN10422,BNK_AXI_TXN10422,AXIS_BANK,1500.0,SETTLED,2026-09-04T11:05:06,2026-09-04T11:22:06,2026-09-04T11:19:06,SETTLED_OK,Settlement completed successfully
TXN10423,BNK_KOT_TXN10423,KOTAK_BANK,499.0,SETTLED,2026-09-04T14:03:12,2026-09-04T14:22:12,2026-09-04T14:17:12,SETTLED_OK,Settlement completed successfully
TXN10424,BNK_SBI_TXN10424,SBI,15000.0,SETTLED,2026-09-04T17:33:14,2026-09-04T17:52:14,2026-09-04T17:50:14,SETTLED_OK,Settlement completed successfully
TXN10425,BNK_SBI_TXN10425,SBI,499.0,SETTLED,2026-09-04T15:56:03,2026-09-04T16:09:03,2026-09-04T16:06:03,SETTLED_OK,Settlement completed successfully
TXN10426,BNK_AXI_TXN10426,AXIS_BANK,2499.0,SETTLED,2026-09-04T16:51:49,2026-09-04T17:03:49,2026-09-04T17:02:49,SETTLED_OK,Settlement completed successfully
TXN10427,BNK_SBI_TXN10427,SBI,499.0,SETTLED,2026-09-04T12:11:30,2026-09-04T12:29:30,2026-09-04T12:25:30,SETTLED_OK,Settlement completed successfully
TXN10428,BNK_HDF_TXN10428,HDFC_BANK,3500.0,SETTLED,2026-09-04T11:07:01,2026-09-04T11:21:01,2026-09-04T11:19:01,SETTLED_OK,Settlement completed successfully
TXN10429,BNK_HDF_TXN10429,HDFC_BANK,2499.0,SETTLED,2026-09-04T14:57:54,2026-09-04T15:11:54,2026-09-04T15:09:54,SETTLED_OK,Settlement completed successfully
TXN10430,BNK_ICI_TXN10430,ICICI_BANK,12000.0,SETTLED,2026-09-04T15:35:24,2026-09-04T15:52:24,2026-09-04T15:51:24,SETTLED_OK,Settlement completed successfully
TXN10431,BNK_AXI_TXN10431,AXIS_BANK,250.0,SETTLED,2026-09-04T11:20:32,2026-09-04T11:34:32,2026-09-04T11:33:32,SETTLED_OK,Settlement completed successfully
TXN10432,BNK_SBI_TXN10432,SBI,8900.0,SETTLED,2026-09-04T15:52:29,2026-09-04T16:07:29,2026-09-04T16:02:29,SETTLED_OK,Settlement completed successfully
TXN10433,BNK_ICI_TXN10433,ICICI_BANK,499.0,SETTLED,2026-09-04T15:16:10,2026-09-04T15:34:10,2026-09-04T15:29:10,SETTLED_OK,Settlement completed successfully
TXN10434,BNK_SBI_TXN10434,SBI,3500.0,SETTLED,2026-09-04T17:52:18,2026-09-04T18:04:18,2026-09-04T18:00:18,SETTLED_OK,Settlement completed successfully
TXN10435,BNK_KOT_TXN10435,KOTAK_BANK,999.0,SETTLED,2026-09-04T12:21:18,2026-09-04T12:33:18,2026-09-04T12:30:18,SETTLED_OK,Settlement completed successfully
TXN10436,BNK_AXI_TXN10436,AXIS_BANK,250.0,SETTLED,2026-09-04T12:06:43,2026-09-04T12:22:43,2026-09-04T12:18:43,SETTLED_OK,Settlement completed successfully
TXN10437,BNK_HDF_TXN10437,HDFC_BANK,999.0,SETTLED,2026-09-04T10:55:00,2026-09-04T11:06:00,2026-09-04T11:04:00,SETTLED_OK,Settlement completed successfully
TXN10438,BNK_HDF_TXN10438,HDFC_BANK,4999.0,SETTLED,2026-09-04T12:25:52,2026-09-04T12:42:52,2026-09-04T12:41:52,SETTLED_OK,Settlement completed successfully
TXN10439,BNK_AXI_TXN10439,AXIS_BANK,999.0,SETTLED,2026-09-04T14:00:53,2026-09-04T14:11:53,2026-09-04T14:08:53,SETTLED_OK,Settlement completed successfully
TXN10440,BNK_ICI_TXN10440,ICICI_BANK,2499.0,SETTLED,2026-09-04T12:41:25,2026-09-04T13:00:25,2026-09-04T12:58:25,SETTLED_OK,Settlement completed successfully
TXN10441,BNK_AXI_TXN10441,AXIS_BANK,1200.0,SETTLED,2026-09-04T14:50:28,2026-09-04T15:10:28,2026-09-04T15:09:28,SETTLED_OK,Settlement completed successfully
TXN10442,BNK_ICI_TXN10442,ICICI_BANK,2499.0,SETTLED,2026-09-04T11:33:05,2026-09-04T11:46:05,2026-09-04T11:42:05,SETTLED_OK,Settlement completed successfully
TXN10443,BNK_SBI_TXN10443,SBI,6500.0,SETTLED,2026-09-04T16:47:15,2026-09-04T17:00:15,2026-09-04T16:55:15,SETTLED_OK,Settlement completed successfully
TXN10444,BNK_AXI_TXN10444,AXIS_BANK,6500.0,SETTLED,2026-09-04T17:11:30,2026-09-04T17:25:30,2026-09-04T17:21:30,SETTLED_OK,Settlement completed successfully
TXN10445,BNK_KOT_TXN10445,KOTAK_BANK,8900.0,SETTLED,2026-09-04T11:57:50,2026-09-04T12:12:50,2026-09-04T12:07:50,SETTLED_OK,Settlement completed successfully
TXN10446,BNK_KOT_TXN10446,KOTAK_BANK,1500.0,SETTLED,2026-09-04T17:11:25,2026-09-04T17:26:25,2026-09-04T17:21:25,SETTLED_OK,Settlement completed successfully
TXN10447,BNK_ICI_TXN10447,ICICI_BANK,4999.0,SETTLED,2026-09-04T09:13:05,2026-09-04T09:32:05,2026-09-04T09:28:05,SETTLED_OK,Settlement completed successfully
TXN10448,BNK_KOT_TXN10448,KOTAK_BANK,8900.0,SETTLED,2026-09-04T09:24:04,2026-09-04T09:44:04,2026-09-04T09:43:04,SETTLED_OK,Settlement completed successfully
TXN10449,BNK_SBI_TXN10449,SBI,250.0,SETTLED,2026-09-04T14:52:16,2026-09-04T15:03:16,2026-09-04T15:02:16,SETTLED_OK,Settlement completed successfully
TXN10450,BNK_HDF_TXN10450,HDFC_BANK,1200.0,SETTLED,2026-09-04T12:35:56,2026-09-04T12:54:56,2026-09-04T12:52:56,SETTLED_OK,Settlement completed successfully
TXN10451,BNK_AXI_TXN10451,AXIS_BANK,15000.0,SETTLED,2026-09-04T14:44:47,2026-09-04T14:56:47,2026-09-04T14:51:47,SETTLED_OK,Settlement completed successfully
TXN10452,BNK_KOT_TXN10452,KOTAK_BANK,6500.0,SETTLED,2026-09-04T14:58:56,2026-09-04T15:18:56,2026-09-04T15:15:56,SETTLED_OK,Settlement completed successfully
TXN10453,BNK_KOT_TXN10453,KOTAK_BANK,15000.0,SETTLED,2026-09-04T15:51:08,2026-09-04T16:08:08,2026-09-04T16:07:08,SETTLED_OK,Settlement completed successfully
TXN10454,BNK_KOT_TXN10454,KOTAK_BANK,1500.0,SETTLED,2026-09-04T17:10:02,2026-09-04T17:23:02,2026-09-04T17:22:02,SETTLED_OK,Settlement completed successfully
TXN10455,BNK_KOT_TXN10455,KOTAK_BANK,2499.0,SETTLED,2026-09-04T10:03:34,2026-09-04T10:18:34,2026-09-04T10:16:34,SETTLED_OK,Settlement completed successfully
TXN10456,BNK_HDF_TXN10456,HDFC_BANK,15000.0,SETTLED,2026-09-04T12:47:39,2026-09-04T13:04:39,2026-09-04T12:59:39,SETTLED_OK,Settlement completed successfully
TXN10457,BNK_SBI_TXN10457,SBI,250.0,SETTLED,2026-09-04T15:07:25,2026-09-04T15:23:25,2026-09-04T15:22:25,SETTLED_OK,Settlement completed successfully
TXN10458,BNK_KOT_TXN10458,KOTAK_BANK,6500.0,SETTLED,2026-09-04T15:04:38,2026-09-04T15:23:38,2026-09-04T15:18:38,SETTLED_OK,Settlement completed successfully
TXN10459,BNK_HDF_TXN10459,HDFC_BANK,8900.0,SETTLED,2026-09-04T16:50:02,2026-09-04T17:06:02,2026-09-04T17:02:02,SETTLED_OK,Settlement completed successfully
TXN10460,BNK_HDF_TXN10460,HDFC_BANK,1500.0,SETTLED,2026-09-04T09:36:51,2026-09-04T09:52:51,2026-09-04T09:50:51,SETTLED_OK,Settlement completed successfully
TXN10461,BNK_KOT_TXN10461,KOTAK_BANK,8900.0,SETTLED,2026-09-04T16:27:27,2026-09-04T16:45:27,2026-09-04T16:44:27,SETTLED_OK,Settlement completed successfully
TXN10462,BNK_SBI_TXN10462,SBI,3500.0,SETTLED,2026-09-04T10:43:57,2026-09-04T10:58:57,2026-09-04T10:57:57,SETTLED_OK,Settlement completed successfully
TXN10463,BNK_SBI_TXN10463,SBI,1200.0,SETTLED,2026-09-04T11:29:21,2026-09-04T11:40:21,2026-09-04T11:39:21,SETTLED_OK,Settlement completed successfully
TXN10464,BNK_SBI_TXN10464,SBI,499.0,SETTLED,2026-09-04T14:46:33,2026-09-04T14:56:33,2026-09-04T14:51:33,SETTLED_OK,Settlement completed successfully
TXN10465,BNK_KOT_TXN10465,KOTAK_BANK,15000.0,SETTLED,2026-09-04T17:31:41,2026-09-04T17:50:41,2026-09-04T17:45:41,SETTLED_OK,Settlement completed successfully
TXN10466,BNK_HDF_TXN10466,HDFC_BANK,8900.0,SETTLED,2026-09-04T12:51:58,2026-09-04T13:11:58,2026-09-04T13:10:58,SETTLED_OK,Settlement completed successfully
TXN10467,BNK_SBI_TXN10467,SBI,12000.0,SETTLED,2026-09-04T09:20:25,2026-09-04T09:38:25,2026-09-04T09:37:25,SETTLED_OK,Settlement completed successfully
TXN10468,BNK_KOT_TXN10468,KOTAK_BANK,4999.0,SETTLED,2026-09-04T11:13:49,2026-09-04T11:26:49,2026-09-04T11:23:49,SETTLED_OK,Settlement completed successfully
TXN10469,BNK_ICI_TXN10469,ICICI_BANK,2499.0,SETTLED,2026-09-04T14:44:52,2026-09-04T14:58:52,2026-09-04T14:55:52,SETTLED_OK,Settlement completed successfully
TXN10470,BNK_KOT_TXN10470,KOTAK_BANK,3500.0,SETTLED,2026-09-04T12:10:26,2026-09-04T12:28:26,2026-09-04T12:23:26,SETTLED_OK,Settlement completed successfully
TXN10471,BNK_ICI_TXN10471,ICICI_BANK,3500.0,SETTLED,2026-09-04T12:37:56,2026-09-04T12:54:56,2026-09-04T12:52:56,SETTLED_OK,Settlement completed successfully
TXN10472,BNK_KOT_TXN10472,KOTAK_BANK,15000.0,SETTLED,2026-09-04T11:21:18,2026-09-04T11:33:18,2026-09-04T11:28:18,SETTLED_OK,Settlement completed successfully
TXN10473,BNK_HDF_TXN10473,HDFC_BANK,999.0,SETTLED,2026-09-04T11:22:07,2026-09-04T11:38:07,2026-09-04T11:35:07,SETTLED_OK,Settlement completed successfully
TXN10474,BNK_HDF_TXN10474,HDFC_BANK,8900.0,SETTLED,2026-09-04T11:03:41,2026-09-04T11:22:41,2026-09-04T11:20:41,SETTLED_OK,Settlement completed successfully
TXN10475,BNK_SBI_TXN10475,SBI,8900.0,SETTLED,2026-09-04T16:10:10,2026-09-04T16:26:10,2026-09-04T16:24:10,SETTLED_OK,Settlement completed successfully
TXN10476,BNK_HDF_TXN10476,HDFC_BANK,3500.0,SETTLED,2026-09-04T10:00:29,2026-09-04T10:11:29,2026-09-04T10:07:29,SETTLED_OK,Settlement completed successfully
TXN10477,BNK_SBI_TXN10477,SBI,250.0,SETTLED,2026-09-04T12:29:01,2026-09-04T12:48:01,2026-09-04T12:43:01,SETTLED_OK,Settlement completed successfully
TXN10478,BNK_HDF_TXN10478,HDFC_BANK,250.0,SETTLED,2026-09-04T16:31:37,2026-09-04T16:47:37,2026-09-04T16:46:37,SETTLED_OK,Settlement completed successfully
TXN10479,BNK_HDF_TXN10479,HDFC_BANK,1500.0,SETTLED,2026-09-04T13:29:57,2026-09-04T13:45:57,2026-09-04T13:44:57,SETTLED_OK,Settlement completed successfully
TXN10480,BNK_AXI_TXN10480,AXIS_BANK,499.0,SETTLED,2026-09-04T10:48:17,2026-09-04T11:00:17,2026-09-04T10:57:17,SETTLED_OK,Settlement completed successfully
TXN10481,BNK_AXI_TXN10481,AXIS_BANK,2499.0,SETTLED,2026-09-04T16:06:15,2026-09-04T16:17:15,2026-09-04T16:14:15,SETTLED_OK,Settlement completed successfully
TXN10482,BNK_AXI_TXN10482,SBI,3500.0,SETTLED,2026-09-04T15:36:39,2026-09-04T15:51:39,2026-09-04T15:50:39,SETTLED_OK,Settlement completed
TXN10483,BNK_SBI_TXN10483,SBI,999.0,SETTLED,2026-09-04T11:56:27,2026-09-04T12:10:27,2026-09-04T12:06:27,SETTLED_OK,Settlement completed successfully
TXN10484,BNK_HDF_TXN10484,HDFC_BANK,1500.0,SETTLED,2026-09-04T12:02:03,2026-09-04T12:19:03,2026-09-04T12:18:03,SETTLED_OK,Settlement completed successfully
TXN10485,BNK_ICI_TXN10485,ICICI_BANK,499.0,SETTLED,2026-09-04T16:27:40,2026-09-04T16:41:40,2026-09-04T16:36:40,SETTLED_OK,Settlement completed successfully
TXN10486,BNK_ICI_TXN10486,ICICI_BANK,250.0,SETTLED,2026-09-04T09:42:31,2026-09-04T10:01:31,2026-09-04T10:00:31,SETTLED_OK,Settlement completed successfully
TXN10487,BNK_ICI_TXN10487,ICICI_BANK,15000.0,SETTLED,2026-09-04T13:41:22,2026-09-04T14:00:22,2026-09-04T13:59:22,SETTLED_OK,Settlement completed successfully
TXN10488,BNK_SBI_TXN10488,SBI,3500.0,SETTLED,2026-09-04T15:53:32,2026-09-04T16:10:32,2026-09-04T16:07:32,SETTLED_OK,Settlement completed successfully
TXN10489,BNK_KOT_TXN10489,KOTAK_BANK,499.0,SETTLED,2026-09-04T12:40:36,2026-09-04T12:59:36,2026-09-04T12:56:36,SETTLED_OK,Settlement completed successfully
TXN10490,BNK_SBI_TXN10490,SBI,4999.0,SETTLED,2026-09-04T11:41:44,2026-09-04T11:58:44,2026-09-04T11:53:44,SETTLED_OK,Settlement completed successfully
TXN10491,BNK_ICI_TXN10491,ICICI_BANK,12000.0,SETTLED,2026-09-04T10:02:48,2026-09-04T10:18:48,2026-09-04T10:15:48,SETTLED_OK,Settlement completed successfully
TXN10492,BNK_ICI_TXN10492,ICICI_BANK,1500.0,SETTLED,2026-09-04T12:45:30,2026-09-04T13:03:30,2026-09-04T13:02:30,SETTLED_OK,Settlement completed successfully
TXN10493,BNK_SBI_TXN10493,SBI,1200.0,SETTLED,2026-09-04T09:54:48,2026-09-04T10:11:48,2026-09-04T10:09:48,SETTLED_OK,Settlement completed successfully
TXN10494,BNK_AXI_TXN10494,AXIS_BANK,3500.0,SETTLED,2026-09-04T16:52:17,2026-09-04T17:11:17,2026-09-04T17:08:17,SETTLED_OK,Settlement completed successfully
TXN10495,BNK_ICI_TXN10495,ICICI_BANK,1500.0,SETTLED,2026-09-04T14:05:23,2026-09-04T14:25:23,2026-09-04T14:23:23,SETTLED_OK,Settlement completed successfully
TXN10496,BNK_ICI_TXN10496,ICICI_BANK,2499.0,SETTLED,2026-09-04T13:47:06,2026-09-04T13:58:06,2026-09-04T13:56:06,SETTLED_OK,Settlement completed successfully
TXN10497,BNK_ICI_TXN10497,ICICI_BANK,250.0,SETTLED,2026-09-04T11:08:34,2026-09-04T11:26:34,2026-09-04T11:22:34,SETTLED_OK,Settlement completed successfully
TXN10498,BNK_ICI_TXN10498,ICICI_BANK,6500.0,SETTLED,2026-09-04T16:48:18,2026-09-04T16:59:18,2026-09-04T16:54:18,SETTLED_OK,Settlement completed successfully
TXN10499,BNK_HDF_TXN10499,HDFC_BANK,6500.0,SETTLED,2026-09-04T15:46:51,2026-09-04T15:56:51,2026-09-04T15:51:51,SETTLED_OK,Settlement completed successfully
TXN10500,BNK_AXI_TXN10500,AXIS_BANK,12000.0,SETTLED,2026-09-04T10:35:07,2026-09-04T10:49:07,2026-09-04T10:47:07,SETTLED_OK,Settlement completed successfully
TXN10501,BNK_SBI_TXN10501,SBI,4999.0,SETTLED,2026-09-04T17:21:57,2026-09-04T17:33:57,2026-09-04T17:32:57,SETTLED_OK,Settlement completed successfully
TXN10502,BNK_HDF_TXN10502,HDFC_BANK,2499.0,SETTLED,2026-09-04T17:23:50,2026-09-04T17:42:50,2026-09-04T17:41:50,SETTLED_OK,Settlement completed successfully
TXN10503,BNK_KOT_TXN10503,KOTAK_BANK,4999.0,SETTLED,2026-09-04T09:09:02,2026-09-04T09:19:02,2026-09-04T09:15:02,SETTLED_OK,Settlement completed successfully
TXN10504,BNK_KOT_TXN10504,KOTAK_BANK,1200.0,SETTLED,2026-09-04T14:20:54,2026-09-04T14:39:54,2026-09-04T14:35:54,SETTLED_OK,Settlement completed successfully
TXN10505,BNK_AXI_TXN10505,AXIS_BANK,8900.0,SETTLED,2026-09-04T12:15:40,2026-09-04T12:27:40,2026-09-04T12:24:40,SETTLED_OK,Settlement completed successfully
TXN10506,BNK_AXI_TXN10506,AXIS_BANK,2499.0,SETTLED,2026-09-04T10:31:51,2026-09-04T10:45:51,2026-09-04T10:40:51,SETTLED_OK,Settlement completed successfully
TXN10507,BNK_HDF_TXN10507,HDFC_BANK,12000.0,SETTLED,2026-09-04T10:21:55,2026-09-04T10:38:55,2026-09-04T10:34:55,SETTLED_OK,Settlement completed successfully
TXN10508,BNK_KOT_TXN10508,KOTAK_BANK,2499.0,SETTLED,2026-09-04T16:25:47,2026-09-04T16:41:47,2026-09-04T16:38:47,SETTLED_OK,Settlement completed successfully
TXN10509,BNK_ICI_TXN10509,ICICI_BANK,8900.0,SETTLED,2026-09-04T16:09:23,2026-09-04T16:20:23,2026-09-04T16:18:23,SETTLED_OK,Settlement completed successfully
TXN10510,BNK_KOT_TXN10510,KOTAK_BANK,12000.0,SETTLED,2026-09-04T15:21:25,2026-09-04T15:33:25,2026-09-04T15:32:25,SETTLED_OK,Settlement completed successfully
TXN10511,BNK_ICI_TXN10511,ICICI_BANK,8900.0,SETTLED,2026-09-04T17:19:50,2026-09-04T17:39:50,2026-09-04T17:36:50,SETTLED_OK,Settlement completed successfully
TXN10512,BNK_AXI_TXN10512,AXIS_BANK,8900.0,SETTLED,2026-09-04T10:38:41,2026-09-04T10:52:41,2026-09-04T10:47:41,SETTLED_OK,Settlement completed successfully
TXN10513,BNK_KOT_TXN10513,KOTAK_BANK,250.0,SETTLED,2026-09-04T10:56:58,2026-09-04T11:12:58,2026-09-04T11:08:58,SETTLED_OK,Settlement completed successfully
TXN10514,BNK_KOT_TXN10514,KOTAK_BANK,1200.0,SETTLED,2026-09-04T11:31:58,2026-09-04T11:47:58,2026-09-04T11:45:58,SETTLED_OK,Settlement completed successfully
TXN10515,BNK_HDF_TXN10515,HDFC_BANK,999.0,SETTLED,2026-09-04T16:43:40,2026-09-04T16:59:40,2026-09-04T16:54:40,SETTLED_OK,Settlement completed successfully
TXN10516,BNK_ICI_TXN10516,ICICI_BANK,4999.0,SETTLED,2026-09-04T17:29:08,2026-09-04T17:41:08,2026-09-04T17:40:08,SETTLED_OK,Settlement completed successfully
TXN10517,BNK_ICI_TXN10517,ICICI_BANK,8900.0,SETTLED,2026-09-04T16:00:40,2026-09-04T16:19:40,2026-09-04T16:16:40,SETTLED_OK,Settlement completed successfully
TXN10518,BNK_HDF_TXN10518,HDFC_BANK,1500.0,SETTLED,2026-09-04T17:56:32,2026-09-04T18:14:32,2026-09-04T18:13:32,SETTLED_OK,Settlement completed successfully
TXN10519,BNK_HDF_TXN10519,HDFC_BANK,6500.0,SETTLED,2026-09-04T09:58:45,2026-09-04T10:16:45,2026-09-04T10:11:45,SETTLED_OK,Settlement completed successfully
TXN10520,BNK_SBI_TXN10520,SBI,15000.0,SETTLED,2026-09-04T13:11:45,2026-09-04T13:21:45,2026-09-04T13:16:45,SETTLED_OK,Settlement completed successfully
TXN10521,BNK_SBI_TXN10521,SBI,999.0,SETTLED,2026-09-04T13:32:29,2026-09-04T13:46:29,2026-09-04T13:43:29,SETTLED_OK,Settlement completed successfully
TXN10522,BNK_HDF_TXN10522,HDFC_BANK,2499.0,SETTLED,2026-09-04T11:43:42,2026-09-04T12:00:42,2026-09-04T11:55:42,SETTLED_OK,Settlement completed successfully
TXN10523,BNK_HDF_TXN10523,HDFC_BANK,3500.0,SETTLED,2026-09-04T11:55:04,2026-09-04T12:15:04,2026-09-04T12:10:04,SETTLED_OK,Settlement completed successfully
TXN10524,BNK_SBI_TXN10524,SBI,3500.0,SETTLED,2026-09-04T09:12:13,2026-09-04T09:30:13,2026-09-04T09:26:13,SETTLED_OK,Settlement completed successfully
TXN10525,BNK_KOT_TXN10525,KOTAK_BANK,4999.0,SETTLED,2026-09-04T09:20:39,2026-09-04T09:40:39,2026-09-04T09:39:39,SETTLED_OK,Settlement completed successfully
TXN10526,BNK_SBI_TXN10526,SBI,1500.0,SETTLED,2026-09-04T13:22:39,2026-09-04T13:41:39,2026-09-04T13:39:39,SETTLED_OK,Settlement completed successfully
TXN10527,BNK_ICI_TXN10527,ICICI_BANK,250.0,SETTLED,2026-09-04T11:21:19,2026-09-04T11:37:19,2026-09-04T11:36:19,SETTLED_OK,Settlement completed successfully
TXN10528,BNK_ICI_TXN10528,ICICI_BANK,250.0,SETTLED,2026-09-04T13:13:09,2026-09-04T13:33:09,2026-09-04T13:31:09,SETTLED_OK,Settlement completed successfully
TXN10529,BNK_HDF_TXN10529,HDFC_BANK,999.0,SETTLED,2026-09-04T10:56:23,2026-09-04T11:07:23,2026-09-04T11:04:23,SETTLED_OK,Settlement completed successfully
TXN10530,BNK_HDF_TXN10530,HDFC_BANK,15000.0,SETTLED,2026-09-04T13:50:48,2026-09-04T14:01:48,2026-09-04T14:00:48,SETTLED_OK,Settlement completed successfully
TXN10531,BNK_HDF_TXN10531,KOTAK_BANK,4200.0,SETTLED,2026-09-04T13:05:00,2026-09-04T13:20:00,2026-09-04T13:10:00,SETTLED_OK,Settlement completed
TXN10532,BNK_KOT_TXN10532,KOTAK_BANK,499.0,SETTLED,2026-09-04T11:43:07,2026-09-04T11:56:07,2026-09-04T11:55:07,SETTLED_OK,Settlement completed successfully
TXN10533,BNK_SBI_TXN10533,SBI,8900.0,SETTLED,2026-09-04T09:05:28,2026-09-04T09:22:28,2026-09-04T09:21:28,SETTLED_OK,Settlement completed successfully
TXN10534,BNK_AXI_TXN10534,AXIS_BANK,3500.0,SETTLED,2026-09-04T11:45:48,2026-09-04T12:02:48,2026-09-04T12:01:48,SETTLED_OK,Settlement completed successfully
TXN10535,BNK_AXI_TXN10535,AXIS_BANK,2499.0,SETTLED,2026-09-04T10:38:06,2026-09-04T10:48:06,2026-09-04T10:47:06,SETTLED_OK,Settlement completed successfully
TXN10536,BNK_HDF_TXN10536,HDFC_BANK,999.0,SETTLED,2026-09-04T13:42:41,2026-09-04T14:02:41,2026-09-04T13:58:41,SETTLED_OK,Settlement completed successfully
TXN10537,BNK_SBI_TXN10537,SBI,4999.0,SETTLED,2026-09-04T10:57:41,2026-09-04T11:10:41,2026-09-04T11:05:41,SETTLED_OK,Settlement completed successfully
TXN10538,BNK_HDF_TXN10538,HDFC_BANK,4999.0,SETTLED,2026-09-04T16:35:46,2026-09-04T16:45:46,2026-09-04T16:44:46,SETTLED_OK,Settlement completed successfully
TXN10539,BNK_KOT_TXN10539,KOTAK_BANK,8900.0,SETTLED,2026-09-04T17:10:46,2026-09-04T17:22:46,2026-09-04T17:21:46,SETTLED_OK,Settlement completed successfully
TXN10540,BNK_ICI_TXN10540,ICICI_BANK,250.0,SETTLED,2026-09-04T09:12:59,2026-09-04T09:31:59,2026-09-04T09:26:59,SETTLED_OK,Settlement completed successfully
TXN10541,BNK_AXI_TXN10541,AXIS_BANK,3500.0,SETTLED,2026-09-04T10:52:48,2026-09-04T11:03:48,2026-09-04T10:58:48,SETTLED_OK,Settlement completed successfully
TXN10542,BNK_ICI_TXN10542,ICICI_BANK,499.0,SETTLED,2026-09-04T11:22:23,2026-09-04T11:34:23,2026-09-04T11:29:23,SETTLED_OK,Settlement completed successfully
TXN10543,BNK_KOT_TXN10543,KOTAK_BANK,12000.0,SETTLED,2026-09-04T11:08:04,2026-09-04T11:25:04,2026-09-04T11:24:04,SETTLED_OK,Settlement completed successfully
TXN10544,BNK_KOT_TXN10544,KOTAK_BANK,4999.0,SETTLED,2026-09-04T15:45:56,2026-09-04T16:05:56,2026-09-04T16:01:56,SETTLED_OK,Settlement completed successfully
TXN10545,BNK_KOT_TXN10545,KOTAK_BANK,8900.0,SETTLED,2026-09-04T11:47:05,2026-09-04T12:02:05,2026-09-04T11:57:05,SETTLED_OK,Settlement completed successfully
TXN10546,BNK_KOT_TXN10546,KOTAK_BANK,6500.0,SETTLED,2026-09-04T14:57:28,2026-09-04T15:17:28,2026-09-04T15:14:28,SETTLED_OK,Settlement completed successfully
TXN10547,BNK_ICI_TXN10547,ICICI_BANK,12000.0,SETTLED,2026-09-04T16:12:15,2026-09-04T16:27:15,2026-09-04T16:23:15,SETTLED_OK,Settlement completed successfully
TXN10548,BNK_AXI_TXN10548,AXIS_BANK,6500.0,SETTLED,2026-09-04T10:48:04,2026-09-04T11:05:04,2026-09-04T11:04:04,SETTLED_OK,Settlement completed successfully
TXN10549,BNK_AXI_TXN10549,AXIS_BANK,12000.0,SETTLED,2026-09-04T15:14:04,2026-09-04T15:29:04,2026-09-04T15:27:04,SETTLED_OK,Settlement completed successfully
TXN10550,BNK_AXI_TXN10550,AXIS_BANK,4999.0,SETTLED,2026-09-04T10:31:51,2026-09-04T10:44:51,2026-09-04T10:40:51,SETTLED_OK,Settlement completed successfully
TXN10551,BNK_ICI_TXN10551,ICICI_BANK,1500.0,SETTLED,2026-09-04T12:41:39,2026-09-04T12:51:39,2026-09-04T12:50:39,SETTLED_OK,Settlement completed successfully
TXN10552,BNK_AXI_TXN10552,AXIS_BANK,2499.0,SETTLED,2026-09-04T15:12:19,2026-09-04T15:24:19,2026-09-04T15:19:19,SETTLED_OK,Settlement completed successfully
TXN10553,BNK_KOT_TXN10553,KOTAK_BANK,6500.0,SETTLED,2026-09-04T10:28:36,2026-09-04T10:45:36,2026-09-04T10:42:36,SETTLED_OK,Settlement completed successfully
TXN10554,BNK_ICI_TXN10554,ICICI_BANK,1200.0,SETTLED,2026-09-04T14:29:02,2026-09-04T14:45:02,2026-09-04T14:44:02,SETTLED_OK,Settlement completed successfully
TXN10555,BNK_HDF_TXN10555,HDFC_BANK,15000.0,SETTLED,2026-09-04T17:26:59,2026-09-04T17:39:59,2026-09-04T17:38:59,SETTLED_OK,Settlement completed successfully
TXN10556,BNK_ICI_TXN10556,ICICI_BANK,12000.0,SETTLED,2026-09-04T14:19:16,2026-09-04T14:39:16,2026-09-04T14:35:16,SETTLED_OK,Settlement completed successfully
TXN10557,BNK_KOT_TXN10557,KOTAK_BANK,999.0,SETTLED,2026-09-04T16:31:16,2026-09-04T16:51:16,2026-09-04T16:50:16,SETTLED_OK,Settlement completed successfully
TXN10558,BNK_AXI_TXN10558,AXIS_BANK,3500.0,SETTLED,2026-09-04T17:04:11,2026-09-04T17:23:11,2026-09-04T17:22:11,SETTLED_OK,Settlement completed successfully
TXN10559,BNK_HDF_TXN10559,HDFC_BANK,2499.0,SETTLED,2026-09-04T09:09:13,2026-09-04T09:24:13,2026-09-04T09:19:13,SETTLED_OK,Settlement completed successfully
TXN10560,BNK_ICI_TXN10560,ICICI_BANK,499.0,SETTLED,2026-09-04T14:17:27,2026-09-04T14:30:27,2026-09-04T14:27:27,SETTLED_OK,Settlement completed successfully
TXN10561,BNK_SBI_TXN10561,SBI,4999.0,SETTLED,2026-09-04T10:25:21,2026-09-04T10:36:21,2026-09-04T10:31:21,SETTLED_OK,Settlement completed successfully
TXN10562,BNK_AXI_TXN10562,AXIS_BANK,4999.0,SETTLED,2026-09-04T10:13:59,2026-09-04T10:25:59,2026-09-04T10:24:59,SETTLED_OK,Settlement completed successfully
TXN10563,BNK_HDF_TXN10563,HDFC_BANK,1200.0,SETTLED,2026-09-04T16:11:48,2026-09-04T16:25:48,2026-09-04T16:20:48,SETTLED_OK,Settlement completed successfully
TXN10564,BNK_SBI_TXN10564,SBI,250.0,SETTLED,2026-09-04T16:48:53,2026-09-04T16:58:53,2026-09-04T16:56:53,SETTLED_OK,Settlement completed successfully
TXN10565,BNK_SBI_TXN10565,SBI,2499.0,SETTLED,2026-09-04T14:43:45,2026-09-04T15:01:45,2026-09-04T14:58:45,SETTLED_OK,Settlement completed successfully
TXN10566,BNK_ICI_TXN10566,ICICI_BANK,1500.0,SETTLED,2026-09-04T12:31:26,2026-09-04T12:45:26,2026-09-04T12:43:26,SETTLED_OK,Settlement completed successfully
TXN10567,BNK_KOT_TXN10567,KOTAK_BANK,15000.0,SETTLED,2026-09-04T11:12:59,2026-09-04T11:23:59,2026-09-04T11:20:59,SETTLED_OK,Settlement completed successfully
TXN10568,BNK_SBI_TXN10568,SBI,15000.0,SETTLED,2026-09-04T11:14:48,2026-09-04T11:26:48,2026-09-04T11:21:48,SETTLED_OK,Settlement completed successfully
TXN10569,BNK_HDF_TXN10569,HDFC_BANK,999.0,SETTLED,2026-09-04T16:01:04,2026-09-04T16:11:04,2026-09-04T16:06:04,SETTLED_OK,Settlement completed successfully
TXN10570,BNK_SBI_TXN10570,SBI,12000.0,SETTLED,2026-09-04T13:50:15,2026-09-04T14:05:15,2026-09-04T14:01:15,SETTLED_OK,Settlement completed successfully
TXN10571,BNK_KOT_TXN10571,KOTAK_BANK,8900.0,SETTLED,2026-09-04T13:02:58,2026-09-04T13:13:58,2026-09-04T13:08:58,SETTLED_OK,Settlement completed successfully
TXN10572,BNK_KOT_TXN10572,KOTAK_BANK,499.0,SETTLED,2026-09-04T13:13:45,2026-09-04T13:31:45,2026-09-04T13:27:45,SETTLED_OK,Settlement completed successfully
TXN10573,BNK_KOT_TXN10573,KOTAK_BANK,15000.0,SETTLED,2026-09-04T14:26:51,2026-09-04T14:41:51,2026-09-04T14:51:51,SLIGHT_DELAY,Minor settlement delay
TXN10574,BNK_KOT_TXN10574,KOTAK_BANK,4999.0,SETTLED,2026-09-04T12:48:39,2026-09-04T13:00:39,2026-09-04T12:56:39,SETTLED_OK,Settlement completed successfully
TXN10575,BNK_KOT_TXN10575,KOTAK_BANK,4999.0,SETTLED,2026-09-04T11:14:55,2026-09-04T11:33:55,2026-09-04T11:32:55,SETTLED_OK,Settlement completed successfully
TXN10576,BNK_SBI_TXN10576,SBI,15000.0,SETTLED,2026-09-04T11:36:34,2026-09-04T11:52:34,2026-09-04T11:48:34,SETTLED_OK,Settlement completed successfully
TXN10577,BNK_SBI_TXN10577,SBI,1200.0,SETTLED,2026-09-04T17:48:14,2026-09-04T18:02:14,2026-09-04T17:58:14,SETTLED_OK,Settlement completed successfully
TXN10578,BNK_SBI_TXN10578,SBI,15000.0,SETTLED,2026-09-04T11:32:57,2026-09-04T11:46:57,2026-09-04T11:45:57,SETTLED_OK,Settlement completed successfully
TXN10579,BNK_KOT_TXN10579,KOTAK_BANK,12000.0,SETTLED,2026-09-04T15:56:44,2026-09-04T16:14:44,2026-09-04T16:13:44,SETTLED_OK,Settlement completed successfully
TXN10580,BNK_KOT_TXN10580,KOTAK_BANK,15000.0,SETTLED,2026-09-04T11:21:44,2026-09-04T11:31:44,2026-09-04T11:27:44,SETTLED_OK,Settlement completed successfully
TXN10581,BNK_SBI_TXN10581,SBI,499.0,SETTLED,2026-09-04T17:42:43,2026-09-04T17:54:43,2026-09-04T17:49:43,SETTLED_OK,Settlement completed successfully
TXN10582,BNK_SBI_TXN10582,SBI,15000.0,SETTLED,2026-09-04T13:19:09,2026-09-04T13:38:09,2026-09-04T13:36:09,SETTLED_OK,Settlement completed successfully
TXN10583,BNK_SBI_TXN10583,SBI,999.0,SETTLED,2026-09-04T16:27:24,2026-09-04T16:45:24,2026-09-04T16:43:24,SETTLED_OK,Settlement completed successfully
TXN10584,BNK_KOT_TXN10584,KOTAK_BANK,499.0,SETTLED,2026-09-04T15:30:53,2026-09-04T15:47:53,2026-09-04T15:44:53,SETTLED_OK,Settlement completed successfully
TXN10585,BNK_KOT_TXN10585,KOTAK_BANK,250.0,SETTLED,2026-09-04T11:46:24,2026-09-04T11:58:24,2026-09-04T11:55:24,SETTLED_OK,Settlement completed successfully
TXN10586,BNK_HDF_TXN10586,HDFC_BANK,4999.0,SETTLED,2026-09-04T10:05:16,2026-09-04T10:16:16,2026-09-04T10:11:16,SETTLED_OK,Settlement completed successfully
TXN10587,BNK_HDF_TXN10587,HDFC_BANK,12000.0,SETTLED,2026-09-04T09:05:08,2026-09-04T09:24:08,2026-09-04T09:22:08,SETTLED_OK,Settlement completed successfully
TXN10588,BNK_HDF_TXN10588,HDFC_BANK,1500.0,SETTLED,2026-09-04T11:56:16,2026-09-04T12:14:16,2026-09-04T12:09:16,SETTLED_OK,Settlement completed successfully
TXN10589,BNK_HDF_TXN10589,HDFC_BANK,15000.0,SETTLED,2026-09-04T09:34:28,2026-09-04T09:52:28,2026-09-04T09:58:28,SLIGHT_DELAY,Minor settlement delay
TXN10590,BNK_AXI_TXN10590,AXIS_BANK,499.0,SETTLED,2026-09-04T11:30:08,2026-09-04T11:46:08,2026-09-04T11:44:08,SETTLED_OK,Settlement completed successfully
TXN10591,BNK_HDF_TXN10591,HDFC_BANK,4999.0,SETTLED,2026-09-04T10:34:46,2026-09-04T10:44:46,2026-09-04T10:40:46,SETTLED_OK,Settlement completed successfully
TXN10592,BNK_AXI_TXN10592,AXIS_BANK,3500.0,SETTLED,2026-09-04T16:16:06,2026-09-04T16:27:06,2026-09-04T16:23:06,SETTLED_OK,Settlement completed successfully
TXN10593,BNK_ICI_TXN10593,ICICI_BANK,3500.0,SETTLED,2026-09-04T16:44:49,2026-09-04T16:55:49,2026-09-04T16:51:49,SETTLED_OK,Settlement completed successfully
TXN10594,BNK_ICI_TXN10594,ICICI_BANK,1200.0,SETTLED,2026-09-04T14:13:40,2026-09-04T14:29:40,2026-09-04T14:26:40,SETTLED_OK,Settlement completed successfully
TXN10595,BNK_KOT_TXN10595,KOTAK_BANK,12000.0,SETTLED,2026-09-04T15:24:22,2026-09-04T15:38:22,2026-09-04T15:34:22,SETTLED_OK,Settlement completed successfully
TXN10596,BNK_AXI_TXN10596,AXIS_BANK,250.0,SETTLED,2026-09-04T12:40:59,2026-09-04T12:57:59,2026-09-04T12:55:59,SETTLED_OK,Settlement completed successfully
TXN10597,BNK_SBI_TXN10597,SBI,499.0,SETTLED,2026-09-04T13:41:11,2026-09-04T13:58:11,2026-09-04T13:54:11,SETTLED_OK,Settlement completed successfully
TXN10598,BNK_KOT_TXN10598,KOTAK_BANK,250.0,SETTLED,2026-09-04T17:35:27,2026-09-04T17:52:27,2026-09-04T17:48:27,SETTLED_OK,Settlement completed successfully
TXN10599,BNK_HDF_TXN10599,HDFC_BANK,1500.0,SETTLED,2026-09-04T17:44:29,2026-09-04T17:56:29,2026-09-04T17:52:29,SETTLED_OK,Settlement completed successfully
TXN10600,BNK_KOT_TXN10600,KOTAK_BANK,8900.0,SETTLED,2026-09-04T17:45:31,2026-09-04T17:57:31,2026-09-04T17:53:31,SETTLED_OK,Settlement completed successfully
TXN10601,BNK_AXI_TXN10601,AXIS_BANK,250.0,SETTLED,2026-09-04T13:21:04,2026-09-04T13:36:04,2026-09-04T13:31:04,SETTLED_OK,Settlement completed successfully
TXN10602,BNK_SBI_TXN10602,SBI,2499.0,SETTLED,2026-09-04T10:28:51,2026-09-04T10:48:51,2026-09-04T10:46:51,SETTLED_OK,Settlement completed successfully
TXN10603,BNK_HDF_TXN10603,HDFC_BANK,999.0,SETTLED,2026-09-04T13:08:46,2026-09-04T13:18:46,2026-09-04T13:14:46,SETTLED_OK,Settlement completed successfully
TXN10604,BNK_SBI_TXN10604,SBI,2499.0,SETTLED,2026-09-04T16:38:53,2026-09-04T16:53:53,2026-09-04T16:49:53,SETTLED_OK,Settlement completed successfully
TXN10605,BNK_ICI_TXN10605,ICICI_BANK,12000.0,SETTLED,2026-09-04T16:34:21,2026-09-04T16:48:21,2026-09-04T16:44:21,SETTLED_OK,Settlement completed successfully
TXN10606,BNK_HDF_TXN10606,HDFC_BANK,1500.0,SETTLED,2026-09-04T13:17:41,2026-09-04T13:28:41,2026-09-04T13:23:41,SETTLED_OK,Settlement completed successfully
TXN10607,BNK_SBI_TXN10607,SBI,1200.0,SETTLED,2026-09-04T17:31:53,2026-09-04T17:45:53,2026-09-04T17:42:53,SETTLED_OK,Settlement completed successfully
TXN10608,BNK_SBI_TXN10608,SBI,8900.0,SETTLED,2026-09-04T15:27:14,2026-09-04T15:39:14,2026-09-04T15:34:14,SETTLED_OK,Settlement completed successfully
TXN10609,BNK_AXI_TXN10609,AXIS_BANK,12000.0,SETTLED,2026-09-04T16:20:05,2026-09-04T16:39:05,2026-09-04T16:38:05,SETTLED_OK,Settlement completed successfully
TXN10610,BNK_AXI_TXN10610,AXIS_BANK,12000.0,SETTLED,2026-09-04T12:11:26,2026-09-04T12:26:26,2026-09-04T12:25:26,SETTLED_OK,Settlement completed successfully
TXN10611,BNK_SBI_TXN10611,SBI,8900.0,SETTLED,2026-09-04T11:18:10,2026-09-04T11:29:10,2026-09-04T11:28:10,SETTLED_OK,Settlement completed successfully
TXN10612,BNK_AXI_TXN10612,AXIS_BANK,250.0,SETTLED,2026-09-04T15:43:07,2026-09-04T15:55:07,2026-09-04T15:52:07,SETTLED_OK,Settlement completed successfully
TXN10613,BNK_HDF_TXN10613,HDFC_BANK,499.0,SETTLED,2026-09-04T09:05:42,2026-09-04T09:16:42,2026-09-04T09:12:42,SETTLED_OK,Settlement completed successfully
TXN10614,BNK_HDF_TXN10614,HDFC_BANK,8900.0,SETTLED,2026-09-04T11:16:42,2026-09-04T11:36:42,2026-09-04T11:31:42,SETTLED_OK,Settlement completed successfully
TXN10615,BNK_ICI_TXN10615,ICICI_BANK,8900.0,SETTLED,2026-09-04T14:23:25,2026-09-04T14:36:25,2026-09-04T14:34:25,SETTLED_OK,Settlement completed successfully
TXN10616,BNK_AXI_TXN10616,AXIS_BANK,2499.0,SETTLED,2026-09-04T09:32:58,2026-09-04T09:48:58,2026-09-04T09:46:58,SETTLED_OK,Settlement completed successfully
TXN10617,BNK_AXI_TXN10617,AXIS_BANK,8900.0,SETTLED,2026-09-04T13:02:33,2026-09-04T13:16:33,2026-09-04T13:13:33,SETTLED_OK,Settlement completed successfully
TXN10618,BNK_HDF_TXN10618,HDFC_BANK,3500.0,SETTLED,2026-09-04T16:25:17,2026-09-04T16:38:17,2026-09-04T16:36:17,SETTLED_OK,Settlement completed successfully
TXN10619,BNK_SBI_TXN10619,SBI,499.0,SETTLED,2026-09-04T09:19:49,2026-09-04T09:34:49,2026-09-04T09:33:49,SETTLED_OK,Settlement completed successfully
TXN10620,BNK_SBI_TXN10620,SBI,15000.0,SETTLED,2026-09-04T14:28:27,2026-09-04T14:38:27,2026-09-04T14:36:27,SETTLED_OK,Settlement completed successfully
TXN10621,BNK_ICI_TXN10621,ICICI_BANK,1500.0,SETTLED,2026-09-04T15:14:18,2026-09-04T15:25:18,2026-09-04T15:20:18,SETTLED_OK,Settlement completed successfully
TXN10622,BNK_ICI_TXN10622,ICICI_BANK,15000.0,SETTLED,2026-09-04T14:29:39,2026-09-04T14:49:39,2026-09-04T14:46:39,SETTLED_OK,Settlement completed successfully
TXN10623,BNK_HDF_TXN10623,HDFC_BANK,3500.0,SETTLED,2026-09-04T14:12:20,2026-09-04T14:30:20,2026-09-04T14:28:20,SETTLED_OK,Settlement completed successfully
TXN10624,BNK_ICI_TXN10624,ICICI_BANK,8900.0,SETTLED,2026-09-04T11:05:18,2026-09-04T11:17:18,2026-09-04T11:14:18,SETTLED_OK,Settlement completed successfully
TXN10625,BNK_HDF_TXN10625,HDFC_BANK,4999.0,SETTLED,2026-09-04T16:53:50,2026-09-04T17:06:50,2026-09-04T17:03:50,SETTLED_OK,Settlement completed successfully
TXN10626,BNK_AXI_TXN10626,AXIS_BANK,8900.0,SETTLED,2026-09-04T15:55:30,2026-09-04T16:11:30,2026-09-04T16:09:30,SETTLED_OK,Settlement completed successfully
TXN10627,BNK_ICI_TXN10627,ICICI_BANK,12000.0,SETTLED,2026-09-04T12:24:51,2026-09-04T12:41:51,2026-09-04T12:38:51,SETTLED_OK,Settlement completed successfully
TXN10628,BNK_ICI_TXN10628,ICICI_BANK,1500.0,SETTLED,2026-09-04T15:48:45,2026-09-04T15:58:45,2026-09-04T15:56:45,SETTLED_OK,Settlement completed successfully
TXN10629,BNK_KOT_TXN10629,KOTAK_BANK,8900.0,SETTLED,2026-09-04T09:18:07,2026-09-04T09:38:07,2026-09-04T09:33:07,SETTLED_OK,Settlement completed successfully
TXN10630,BNK_SBI_TXN10630,SBI,2499.0,SETTLED,2026-09-04T17:33:18,2026-09-04T17:48:18,2026-09-04T17:44:18,SETTLED_OK,Settlement completed successfully
TXN10631,BNK_SBI_TXN10631,SBI,1500.0,SETTLED,2026-09-04T11:33:34,2026-09-04T11:47:34,2026-09-04T11:44:34,SETTLED_OK,Settlement completed successfully
TXN10632,BNK_ICI_TXN10632,ICICI_BANK,6500.0,SETTLED,2026-09-04T16:49:26,2026-09-04T17:01:26,2026-09-04T16:59:26,SETTLED_OK,Settlement completed successfully
TXN10633,BNK_ICI_TXN10633,ICICI_BANK,4999.0,SETTLED,2026-09-04T15:09:18,2026-09-04T15:27:18,2026-09-04T15:23:18,SETTLED_OK,Settlement completed successfully
TXN10634,BNK_HDF_TXN10634,HDFC_BANK,1500.0,SETTLED,2026-09-04T10:15:12,2026-09-04T10:29:12,2026-09-04T10:24:12,SETTLED_OK,Settlement completed successfully
TXN10635,BNK_KOT_TXN10635,KOTAK_BANK,1200.0,SETTLED,2026-09-04T15:59:31,2026-09-04T16:09:31,2026-09-04T16:08:31,SETTLED_OK,Settlement completed successfully
TXN10636,BNK_HDF_TXN10636,HDFC_BANK,4999.0,SETTLED,2026-09-04T11:03:04,2026-09-04T11:17:04,2026-09-04T11:16:04,SETTLED_OK,Settlement completed successfully
TXN10637,BNK_KOT_TXN10637,KOTAK_BANK,8900.0,SETTLED,2026-09-04T14:47:48,2026-09-04T15:07:48,2026-09-04T15:06:48,SETTLED_OK,Settlement completed successfully
TXN10638,BNK_KOT_TXN10638,KOTAK_BANK,999.0,SETTLED,2026-09-04T10:26:38,2026-09-04T10:36:38,2026-09-04T10:34:38,SETTLED_OK,Settlement completed successfully
TXN10639,BNK_SBI_TXN10639,SBI,3500.0,SETTLED,2026-09-04T10:21:12,2026-09-04T10:36:12,2026-09-04T10:33:12,SETTLED_OK,Settlement completed successfully
TXN10640,BNK_AXI_TXN10640,AXIS_BANK,8900.0,SETTLED,2026-09-04T16:19:01,2026-09-04T16:34:01,2026-09-04T16:30:01,SETTLED_OK,Settlement completed successfully
TXN10641,BNK_HDF_TXN10641,HDFC_BANK,12000.0,SETTLED,2026-09-04T16:44:50,2026-09-04T17:04:50,2026-09-04T17:03:50,SETTLED_OK,Settlement completed successfully
TXN10642,BNK_HDF_TXN10642,HDFC_BANK,12000.0,SETTLED,2026-09-04T13:10:38,2026-09-04T13:26:38,2026-09-04T13:25:38,SETTLED_OK,Settlement completed successfully
TXN10643,BNK_KOT_TXN10643,KOTAK_BANK,499.0,SETTLED,2026-09-04T17:29:19,2026-09-04T17:44:19,2026-09-04T17:43:19,SETTLED_OK,Settlement completed successfully
TXN10644,BNK_HDF_TXN10644,HDFC_BANK,3500.0,SETTLED,2026-09-04T11:51:11,2026-09-04T12:05:11,2026-09-04T12:01:11,SETTLED_OK,Settlement completed successfully
TXN10645,BNK_KOT_TXN10645,KOTAK_BANK,999.0,SETTLED,2026-09-04T15:00:01,2026-09-04T15:19:01,2026-09-04T15:18:01,SETTLED_OK,Settlement completed successfully
TXN10646,BNK_HDF_TXN10646,HDFC_BANK,12000.0,SETTLED,2026-09-04T10:02:01,2026-09-04T10:22:01,2026-09-04T10:17:01,SETTLED_OK,Settlement completed successfully
TXN10647,BNK_KOT_TXN10647,KOTAK_BANK,499.0,SETTLED,2026-09-04T15:52:15,2026-09-04T16:05:15,2026-09-04T16:04:15,SETTLED_OK,Settlement completed successfully
TXN10648,BNK_ICI_TXN10648,ICICI_BANK,3500.0,SETTLED,2026-09-04T11:42:43,2026-09-04T11:56:43,2026-09-04T11:54:43,SETTLED_OK,Settlement completed successfully
TXN10649,BNK_HDF_TXN10649,HDFC_BANK,4999.0,SETTLED,2026-09-04T11:49:25,2026-09-04T12:06:25,2026-09-04T12:04:25,SETTLED_OK,Settlement completed successfully
TXN10650,BNK_HDF_TXN10650,HDFC_BANK,15000.0,SETTLED,2026-09-04T09:08:28,2026-09-04T09:27:28,2026-09-04T09:22:28,SETTLED_OK,Settlement completed successfully
TXN10651,BNK_AXI_TXN10651,AXIS_BANK,8900.0,SETTLED,2026-09-04T17:39:12,2026-09-04T17:57:12,2026-09-04T18:07:12,SLIGHT_DELAY,Minor settlement delay
TXN10652,BNK_AXI_TXN10652,AXIS_BANK,12000.0,SETTLED,2026-09-04T10:33:22,2026-09-04T10:43:22,2026-09-04T10:41:22,SETTLED_OK,Settlement completed successfully
TXN10653,BNK_ICI_TXN10653,ICICI_BANK,15000.0,SETTLED,2026-09-04T15:00:04,2026-09-04T15:16:04,2026-09-04T15:13:04,SETTLED_OK,Settlement completed successfully
TXN10654,BNK_KOT_TXN10654,KOTAK_BANK,499.0,SETTLED,2026-09-04T13:46:10,2026-09-04T13:59:10,2026-09-04T13:55:10,SETTLED_OK,Settlement completed successfully
TXN10655,BNK_SBI_TXN10655,SBI,250.0,SETTLED,2026-09-04T12:36:32,2026-09-04T12:56:32,2026-09-04T12:51:32,SETTLED_OK,Settlement completed successfully
TXN10656,BNK_AXI_TXN10656,AXIS_BANK,1200.0,SETTLED,2026-09-04T12:09:12,2026-09-04T12:24:12,2026-09-04T12:19:12,SETTLED_OK,Settlement completed successfully
TXN10657,BNK_KOT_TXN10657,KOTAK_BANK,4999.0,SETTLED,2026-09-04T10:00:40,2026-09-04T10:19:40,2026-09-04T10:18:40,SETTLED_OK,Settlement completed successfully
TXN10658,BNK_KOT_TXN10658,KOTAK_BANK,1200.0,SETTLED,2026-09-04T11:41:29,2026-09-04T11:58:29,2026-09-04T11:54:29,SETTLED_OK,Settlement completed successfully
TXN10659,BNK_SBI_TXN10659,SBI,1200.0,SETTLED,2026-09-04T11:09:28,2026-09-04T11:22:28,2026-09-04T11:18:28,SETTLED_OK,Settlement completed successfully
TXN10660,BNK_ICI_TXN10660,ICICI_BANK,3500.0,SETTLED,2026-09-04T13:25:35,2026-09-04T13:37:35,2026-09-04T13:32:35,SETTLED_OK,Settlement completed successfully
TXN10661,BNK_AXI_TXN10661,AXIS_BANK,6500.0,SETTLED,2026-09-04T15:58:47,2026-09-04T16:10:47,2026-09-04T16:05:47,SETTLED_OK,Settlement completed successfully
TXN10662,BNK_SBI_TXN10662,SBI,3500.0,SETTLED,2026-09-04T15:50:19,2026-09-04T16:10:19,2026-09-04T16:08:19,SETTLED_OK,Settlement completed successfully
TXN10663,BNK_KOT_TXN10663,KOTAK_BANK,12000.0,SETTLED,2026-09-04T15:27:40,2026-09-04T15:42:40,2026-09-04T15:51:40,SLIGHT_DELAY,Minor settlement delay
TXN10664,BNK_ICI_TXN10664,ICICI_BANK,6500.0,SETTLED,2026-09-04T16:43:03,2026-09-04T16:59:03,2026-09-04T16:56:03,SETTLED_OK,Settlement completed successfully
TXN10665,BNK_SBI_TXN10665,SBI,1500.0,SETTLED,2026-09-04T11:34:48,2026-09-04T11:52:48,2026-09-04T11:49:48,SETTLED_OK,Settlement completed successfully
TXN10666,BNK_HDF_TXN10666,HDFC_BANK,1200.0,SETTLED,2026-09-04T17:38:58,2026-09-04T17:49:58,2026-09-04T17:46:58,SETTLED_OK,Settlement completed successfully
TXN10667,BNK_SBI_TXN10667,SBI,499.0,SETTLED,2026-09-04T09:50:26,2026-09-04T10:00:26,2026-09-04T09:58:26,SETTLED_OK,Settlement completed successfully
TXN10668,BNK_KOT_TXN10668,KOTAK_BANK,12000.0,SETTLED,2026-09-04T14:20:46,2026-09-04T14:33:46,2026-09-04T14:28:46,SETTLED_OK,Settlement completed successfully
TXN10669,BNK_AXI_TXN10669,AXIS_BANK,3500.0,SETTLED,2026-09-04T11:46:18,2026-09-04T12:02:18,2026-09-04T11:58:18,SETTLED_OK,Settlement completed successfully
TXN10670,BNK_SBI_TXN10670,SBI,3500.0,SETTLED,2026-09-04T17:35:37,2026-09-04T17:55:37,2026-09-04T17:51:37,SETTLED_OK,Settlement completed successfully
TXN10671,BNK_AXI_TXN10671,AXIS_BANK,4999.0,SETTLED,2026-09-04T11:33:41,2026-09-04T11:51:41,2026-09-04T11:49:41,SETTLED_OK,Settlement completed successfully
TXN10672,BNK_ICI_TXN10672,ICICI_BANK,3500.0,SETTLED,2026-09-04T10:39:59,2026-09-04T10:58:59,2026-09-04T10:53:59,SETTLED_OK,Settlement completed successfully
TXN10673,BNK_SBI_TXN10673,SBI,250.0,SETTLED,2026-09-04T13:19:47,2026-09-04T13:35:47,2026-09-04T13:32:47,SETTLED_OK,Settlement completed successfully
TXN10674,BNK_ICI_TXN10674,ICICI_BANK,2499.0,SETTLED,2026-09-04T09:08:34,2026-09-04T09:25:34,2026-09-04T09:20:34,SETTLED_OK,Settlement completed successfully
TXN10675,BNK_AXI_TXN10675,AXIS_BANK,4999.0,SETTLED,2026-09-04T11:34:20,2026-09-04T11:49:20,2026-09-04T11:44:20,SETTLED_OK,Settlement completed successfully
TXN10676,BNK_AXI_TXN10676,AXIS_BANK,250.0,SETTLED,2026-09-04T15:23:19,2026-09-04T15:34:19,2026-09-04T15:33:19,SETTLED_OK,Settlement completed successfully
TXN10677,BNK_SBI_TXN10677,SBI,8900.0,SETTLED,2026-09-04T17:07:03,2026-09-04T17:26:03,2026-09-04T17:22:03,SETTLED_OK,Settlement completed successfully
TXN10678,BNK_KOT_TXN10678,KOTAK_BANK,1200.0,SETTLED,2026-09-04T09:19:36,2026-09-04T09:30:36,2026-09-04T09:25:36,SETTLED_OK,Settlement completed successfully
TXN10679,BNK_HDF_TXN10679,HDFC_BANK,999.0,SETTLED,2026-09-04T09:22:50,2026-09-04T09:37:50,2026-09-04T09:36:50,SETTLED_OK,Settlement completed successfully
TXN10680,BNK_ICI_TXN10680,ICICI_BANK,499.0,SETTLED,2026-09-04T11:12:37,2026-09-04T11:32:37,2026-09-04T11:27:37,SETTLED_OK,Settlement completed successfully
TXN10681,BNK_HDF_TXN10681,HDFC_BANK,999.0,SETTLED,2026-09-04T15:07:54,2026-09-04T15:23:54,2026-09-04T15:22:54,SETTLED_OK,Settlement completed successfully
TXN10682,BNK_KOT_TXN10682,KOTAK_BANK,6500.0,SETTLED,2026-09-04T16:34:07,2026-09-04T16:44:07,2026-09-04T16:39:07,SETTLED_OK,Settlement completed successfully
TXN10683,BNK_HDF_TXN10683,HDFC_BANK,250.0,SETTLED,2026-09-04T13:00:46,2026-09-04T13:20:46,2026-09-04T13:15:46,SETTLED_OK,Settlement completed successfully
TXN10684,BNK_KOT_TXN10684,KOTAK_BANK,12000.0,SETTLED,2026-09-04T16:07:23,2026-09-04T16:22:23,2026-09-04T16:20:23,SETTLED_OK,Settlement completed successfully
TXN10685,BNK_AXI_TXN10685,AXIS_BANK,4999.0,SETTLED,2026-09-04T09:02:00,2026-09-04T09:12:00,2026-09-04T09:08:00,SETTLED_OK,Settlement completed successfully
TXN10686,BNK_AXI_TXN10686,AXIS_BANK,6500.0,SETTLED,2026-09-04T12:38:58,2026-09-04T12:56:58,2026-09-04T12:53:58,SETTLED_OK,Settlement completed successfully
TXN10687,BNK_HDF_TXN10687,HDFC_BANK,3500.0,SETTLED,2026-09-04T17:19:44,2026-09-04T17:34:44,2026-09-04T17:31:44,SETTLED_OK,Settlement completed successfully
TXN10688,BNK_AXI_TXN10688,AXIS_BANK,2499.0,SETTLED,2026-09-04T12:44:01,2026-09-04T12:59:01,2026-09-04T13:06:01,SLIGHT_DELAY,Minor settlement delay
TXN10689,BNK_AXI_TXN10689,AXIS_BANK,3500.0,SETTLED,2026-09-04T09:45:09,2026-09-04T10:03:09,2026-09-04T10:02:09,SETTLED_OK,Settlement completed successfully
TXN10690,BNK_AXI_TXN10690,AXIS_BANK,8900.0,SETTLED,2026-09-04T14:53:55,2026-09-04T15:03:55,2026-09-04T15:00:55,SETTLED_OK,Settlement completed successfully
TXN10691,BNK_HDF_TXN10691,HDFC_BANK,12000.0,SETTLED,2026-09-04T09:49:33,2026-09-04T10:08:33,2026-09-04T10:06:33,SETTLED_OK,Settlement completed successfully
TXN10692,BNK_HDF_TXN10692,HDFC_BANK,15000.0,SETTLED,2026-09-04T16:58:44,2026-09-04T17:18:44,2026-09-04T17:15:44,SETTLED_OK,Settlement completed successfully
TXN10693,BNK_ICI_TXN10693,ICICI_BANK,999.0,SETTLED,2026-09-04T11:05:37,2026-09-04T11:24:37,2026-09-04T11:19:37,SETTLED_OK,Settlement completed successfully
TXN10694,BNK_HDF_TXN10694,HDFC_BANK,250.0,SETTLED,2026-09-04T17:57:49,2026-09-04T18:13:49,2026-09-04T18:09:49,SETTLED_OK,Settlement completed successfully
TXN10695,BNK_KOT_TXN10695,KOTAK_BANK,250.0,SETTLED,2026-09-04T16:24:38,2026-09-04T16:40:38,2026-09-04T16:37:38,SETTLED_OK,Settlement completed successfully
TXN10696,BNK_SBI_TXN10696,SBI,15000.0,SETTLED,2026-09-04T09:48:32,2026-09-04T10:01:32,2026-09-04T09:58:32,SETTLED_OK,Settlement completed successfully
TXN10697,BNK_HDF_TXN10697,HDFC_BANK,250.0,SETTLED,2026-09-04T16:29:15,2026-09-04T16:40:15,2026-09-04T16:37:15,SETTLED_OK,Settlement completed successfully
TXN10698,BNK_KOT_TXN10698,KOTAK_BANK,8900.0,SETTLED,2026-09-04T10:51:12,2026-09-04T11:08:12,2026-09-04T11:07:12,SETTLED_OK,Settlement completed successfully
TXN10699,BNK_SBI_TXN10699,SBI,4999.0,SETTLED,2026-09-04T11:05:19,2026-09-04T11:25:19,2026-09-04T11:24:19,SETTLED_OK,Settlement completed successfully
TXN10700,BNK_HDF_TXN10700,HDFC_BANK,8900.0,SETTLED,2026-09-04T15:26:45,2026-09-04T15:46:45,2026-09-04T15:42:45,SETTLED_OK,Settlement completed successfully
TXN10701,BNK_KOT_TXN10701,KOTAK_BANK,250.0,SETTLED,2026-09-04T14:43:35,2026-09-04T15:02:35,2026-09-04T15:01:35,SETTLED_OK,Settlement completed successfully
TXN10702,BNK_HDF_TXN10702,HDFC_BANK,1500.0,SETTLED,2026-09-04T11:42:15,2026-09-04T12:01:15,2026-09-04T11:59:15,SETTLED_OK,Settlement completed successfully
TXN10703,BNK_ICI_TXN10703,ICICI_BANK,2499.0,SETTLED,2026-09-04T15:34:34,2026-09-04T15:46:34,2026-09-04T15:43:34,SETTLED_OK,Settlement completed successfully
TXN10704,BNK_SBI_TXN10704,SBI,12000.0,SETTLED,2026-09-04T17:38:41,2026-09-04T17:56:41,2026-09-04T17:51:41,SETTLED_OK,Settlement completed successfully
TXN10705,BNK_SBI_TXN10705,SBI,1200.0,SETTLED,2026-09-04T12:42:09,2026-09-04T13:02:09,2026-09-04T12:58:09,SETTLED_OK,Settlement completed successfully
TXN10706,BNK_KOT_TXN10706,KOTAK_BANK,999.0,SETTLED,2026-09-04T13:27:37,2026-09-04T13:44:37,2026-09-04T13:43:37,SETTLED_OK,Settlement completed successfully
TXN10707,BNK_ICI_TXN10707,ICICI_BANK,15000.0,SETTLED,2026-09-04T12:17:01,2026-09-04T12:33:01,2026-09-04T12:32:01,SETTLED_OK,Settlement completed successfully
TXN10708,BNK_SBI_TXN10708,SBI,1500.0,SETTLED,2026-09-04T17:08:49,2026-09-04T17:27:49,2026-09-04T17:24:49,SETTLED_OK,Settlement completed successfully
TXN10709,BNK_ICI_TXN10709,ICICI_BANK,1500.0,SETTLED,2026-09-04T11:16:25,2026-09-04T11:29:25,2026-09-04T11:28:25,SETTLED_OK,Settlement completed successfully
TXN10710,BNK_HDF_TXN10710,HDFC_BANK,499.0,SETTLED,2026-09-04T15:43:13,2026-09-04T16:00:13,2026-09-04T15:57:13,SETTLED_OK,Settlement completed successfully
TXN10711,BNK_KOT_TXN10711,KOTAK_BANK,999.0,SETTLED,2026-09-04T10:08:30,2026-09-04T10:24:30,2026-09-04T10:21:30,SETTLED_OK,Settlement completed successfully
TXN10712,BNK_ICI_TXN10712,ICICI_BANK,1500.0,SETTLED,2026-09-04T12:55:50,2026-09-04T13:05:50,2026-09-04T13:02:50,SETTLED_OK,Settlement completed successfully
TXN10713,BNK_KOT_TXN10713,KOTAK_BANK,4999.0,SETTLED,2026-09-04T12:47:15,2026-09-04T13:03:15,2026-09-04T12:58:15,SETTLED_OK,Settlement completed successfully
TXN10714,BNK_AXI_TXN10714,AXIS_BANK,6500.0,SETTLED,2026-09-04T14:47:19,2026-09-04T15:01:19,2026-09-04T14:56:19,SETTLED_OK,Settlement completed successfully
TXN10715,BNK_ICI_TXN10715,ICICI_BANK,3500.0,SETTLED,2026-09-04T16:56:40,2026-09-04T17:12:40,2026-09-04T17:09:40,SETTLED_OK,Settlement completed successfully
TXN10716,BNK_ICI_TXN10716,ICICI_BANK,2499.0,SETTLED,2026-09-04T13:30:05,2026-09-04T13:47:05,2026-09-04T13:44:05,SETTLED_OK,Settlement completed successfully
TXN10717,BNK_AXI_TXN10717,AXIS_BANK,2499.0,SETTLED,2026-09-04T14:52:52,2026-09-04T15:04:52,2026-09-04T15:01:52,SETTLED_OK,Settlement completed successfully
TXN10718,BNK_HDF_TXN10718,HDFC_BANK,12000.0,SETTLED,2026-09-04T17:33:43,2026-09-04T17:44:43,2026-09-04T17:41:43,SETTLED_OK,Settlement completed successfully
TXN10719,BNK_SBI_TXN10719,SBI,15000.0,SETTLED,2026-09-04T14:17:47,2026-09-04T14:29:47,2026-09-04T14:24:47,SETTLED_OK,Settlement completed successfully
TXN10720,BNK_SBI_TXN10720,SBI,3500.0,SETTLED,2026-09-04T14:51:55,2026-09-04T15:09:55,2026-09-04T15:07:55,SETTLED_OK,Settlement completed successfully
TXN10721,BNK_ICI_TXN10721,ICICI_BANK,8900.0,SETTLED,2026-09-04T16:16:31,2026-09-04T16:31:31,2026-09-04T16:28:31,SETTLED_OK,Settlement completed successfully
TXN10722,BNK_AXI_TXN10722,AXIS_BANK,6500.0,SETTLED,2026-09-04T16:30:02,2026-09-04T16:49:02,2026-09-04T16:46:02,SETTLED_OK,Settlement completed successfully
TXN10723,BNK_AXI_TXN10723,AXIS_BANK,3500.0,SETTLED,2026-09-04T14:16:14,2026-09-04T14:31:14,2026-09-04T14:26:14,SETTLED_OK,Settlement completed successfully
TXN10724,BNK_ICI_TXN10724,ICICI_BANK,3500.0,SETTLED,2026-09-04T15:25:43,2026-09-04T15:38:43,2026-09-04T15:35:43,SETTLED_OK,Settlement completed successfully
TXN10725,BNK_SBI_TXN10725,SBI,6500.0,SETTLED,2026-09-04T11:07:55,2026-09-04T11:24:55,2026-09-04T11:22:55,SETTLED_OK,Settlement completed successfully
TXN10726,BNK_ICI_TXN10726,ICICI_BANK,499.0,SETTLED,2026-09-04T13:43:56,2026-09-04T14:01:56,2026-09-04T14:11:56,SLIGHT_DELAY,Minor settlement delay
TXN10727,BNK_ICI_TXN10727,ICICI_BANK,4999.0,SETTLED,2026-09-04T11:35:40,2026-09-04T11:47:40,2026-09-04T11:44:40,SETTLED_OK,Settlement completed successfully
TXN10728,BNK_AXI_TXN10728,AXIS_BANK,6500.0,SETTLED,2026-09-04T13:38:44,2026-09-04T13:48:44,2026-09-04T13:44:44,SETTLED_OK,Settlement completed successfully
TXN10729,BNK_ICI_TXN10729,ICICI_BANK,8900.0,SETTLED,2026-09-04T16:30:25,2026-09-04T16:50:25,2026-09-04T16:46:25,SETTLED_OK,Settlement completed successfully
TXN10730,BNK_SBI_TXN10730,SBI,999.0,SETTLED,2026-09-04T11:28:03,2026-09-04T11:48:03,2026-09-04T11:43:03,SETTLED_OK,Settlement completed successfully
TXN10731,BNK_HDF_TXN10731,HDFC_BANK,12000.0,SETTLED,2026-09-04T11:19:30,2026-09-04T11:32:30,2026-09-04T11:28:30,SETTLED_OK,Settlement completed successfully
TXN10732,BNK_SBI_TXN10732,SBI,2499.0,SETTLED,2026-09-04T10:34:28,2026-09-04T10:48:28,2026-09-04T10:47:28,SETTLED_OK,Settlement completed successfully
TXN10733,BNK_AXI_TXN10733,AXIS_BANK,1200.0,SETTLED,2026-09-04T14:48:32,2026-09-04T15:02:32,2026-09-04T15:00:32,SETTLED_OK,Settlement completed successfully
TXN10734,BNK_AXI_TXN10734,AXIS_BANK,6500.0,SETTLED,2026-09-04T16:05:32,2026-09-04T16:22:32,2026-09-04T16:20:32,SETTLED_OK,Settlement completed successfully
TXN10735,BNK_HDF_TXN10735,HDFC_BANK,15000.0,SETTLED,2026-09-04T13:08:51,2026-09-04T13:28:51,2026-09-04T13:25:51,SETTLED_OK,Settlement completed successfully
TXN10736,BNK_ICI_TXN10736,ICICI_BANK,6500.0,SETTLED,2026-09-04T09:59:05,2026-09-04T10:19:05,2026-09-04T10:18:05,SETTLED_OK,Settlement completed successfully
TXN10737,BNK_AXI_TXN10737,AXIS_BANK,3500.0,SETTLED,2026-09-04T09:05:07,2026-09-04T09:18:07,2026-09-04T09:17:07,SETTLED_OK,Settlement completed successfully
TXN10738,BNK_SBI_TXN10738,SBI,499.0,SETTLED,2026-09-04T10:15:57,2026-09-04T10:31:57,2026-09-04T10:28:57,SETTLED_OK,Settlement completed successfully
TXN10739,BNK_ICI_TXN10739,ICICI_BANK,499.0,SETTLED,2026-09-04T17:26:37,2026-09-04T17:41:37,2026-09-04T17:40:37,SETTLED_OK,Settlement completed successfully
TXN10740,BNK_HDF_TXN10740,HDFC_BANK,499.0,SETTLED,2026-09-04T12:31:01,2026-09-04T12:41:01,2026-09-04T12:39:01,SETTLED_OK,Settlement completed successfully
TXN10741,BNK_AXI_TXN10741,AXIS_BANK,8900.0,SETTLED,2026-09-04T17:52:08,2026-09-04T18:11:08,2026-09-04T18:07:08,SETTLED_OK,Settlement completed successfully
TXN10742,BNK_ICI_TXN10742,ICICI_BANK,15000.0,SETTLED,2026-09-04T11:42:20,2026-09-04T11:57:20,2026-09-04T12:09:20,SLIGHT_DELAY,Minor settlement delay
TXN10743,BNK_ICI_TXN10743,ICICI_BANK,499.0,SETTLED,2026-09-04T12:03:06,2026-09-04T12:16:06,2026-09-04T12:15:06,SETTLED_OK,Settlement completed successfully
TXN10744,BNK_SBI_TXN10744,SBI,12000.0,SETTLED,2026-09-04T11:25:29,2026-09-04T11:42:29,2026-09-04T11:39:29,SETTLED_OK,Settlement completed successfully
TXN10745,BNK_HDF_TXN10745,HDFC_BANK,1200.0,SETTLED,2026-09-04T13:49:30,2026-09-04T14:02:30,2026-09-04T14:00:30,SETTLED_OK,Settlement completed successfully
TXN10746,BNK_ICI_TXN10746,ICICI_BANK,4999.0,SETTLED,2026-09-04T17:21:10,2026-09-04T17:32:10,2026-09-04T17:31:10,SETTLED_OK,Settlement completed successfully
TXN10747,BNK_ICI_TXN10747,ICICI_BANK,1200.0,SETTLED,2026-09-04T11:39:04,2026-09-04T11:55:04,2026-09-04T11:52:04,SETTLED_OK,Settlement completed successfully
TXN10748,BNK_ICI_TXN10748,ICICI_BANK,1500.0,SETTLED,2026-09-04T11:40:03,2026-09-04T12:00:03,2026-09-04T11:56:03,SETTLED_OK,Settlement completed successfully
TXN10749,BNK_AXI_TXN10749,AXIS_BANK,6500.0,SETTLED,2026-09-04T16:29:58,2026-09-04T16:39:58,2026-09-04T16:35:58,SETTLED_OK,Settlement completed successfully
TXN10750,BNK_KOT_TXN10750,KOTAK_BANK,1500.0,SETTLED,2026-09-04T17:47:53,2026-09-04T18:04:53,2026-09-04T17:59:53,SETTLED_OK,Settlement completed successfully
TXN10751,BNK_SBI_TXN10751,SBI,1200.0,SETTLED,2026-09-04T16:13:05,2026-09-04T16:28:05,2026-09-04T16:24:05,SETTLED_OK,Settlement completed successfully
TXN10752,BNK_SBI_TXN10752,SBI,8900.0,SETTLED,2026-09-04T16:20:52,2026-09-04T16:31:52,2026-09-04T16:26:52,SETTLED_OK,Settlement completed successfully
TXN10753,BNK_SBI_TXN10753,SBI,12000.0,SETTLED,2026-09-04T17:46:57,2026-09-04T18:02:57,2026-09-04T18:00:57,SETTLED_OK,Settlement completed successfully
TXN10754,BNK_SBI_TXN10754,SBI,4999.0,SETTLED,2026-09-04T11:17:50,2026-09-04T11:36:50,2026-09-04T11:34:50,SETTLED_OK,Settlement completed successfully
TXN10755,BNK_AXI_TXN10755,AXIS_BANK,1200.0,SETTLED,2026-09-04T10:35:28,2026-09-04T10:49:28,2026-09-04T10:44:28,SETTLED_OK,Settlement completed successfully
TXN10756,BNK_KOT_TXN10756,KOTAK_BANK,15000.0,SETTLED,2026-09-04T15:50:07,2026-09-04T16:09:07,2026-09-04T16:06:07,SETTLED_OK,Settlement completed successfully
TXN10757,BNK_ICI_TXN10757,ICICI_BANK,4999.0,SETTLED,2026-09-04T13:00:58,2026-09-04T13:16:58,2026-09-04T13:13:58,SETTLED_OK,Settlement completed successfully
TXN10758,BNK_ICI_TXN10758,ICICI_BANK,1200.0,SETTLED,2026-09-04T11:46:46,2026-09-04T11:57:46,2026-09-04T11:55:46,SETTLED_OK,Settlement completed successfully
TXN10759,BNK_ICI_TXN10759,ICICI_BANK,3500.0,SETTLED,2026-09-04T14:00:02,2026-09-04T14:11:02,2026-09-04T14:09:02,SETTLED_OK,Settlement completed successfully
TXN10760,BNK_AXI_TXN10760,AXIS_BANK,250.0,SETTLED,2026-09-04T13:06:01,2026-09-04T13:26:01,2026-09-04T13:25:01,SETTLED_OK,Settlement completed successfully
TXN10761,BNK_KOT_TXN10761,KOTAK_BANK,250.0,SETTLED,2026-09-04T10:15:31,2026-09-04T10:29:31,2026-09-04T10:25:31,SETTLED_OK,Settlement completed successfully
TXN10762,BNK_AXI_TXN10762,AXIS_BANK,2499.0,SETTLED,2026-09-04T14:45:22,2026-09-04T15:05:22,2026-09-04T15:00:22,SETTLED_OK,Settlement completed successfully
TXN10763,BNK_HDF_TXN10763,HDFC_BANK,3500.0,SETTLED,2026-09-04T16:56:52,2026-09-04T17:07:52,2026-09-04T17:04:52,SETTLED_OK,Settlement completed successfully
TXN10764,BNK_SBI_TXN10764,SBI,12000.0,SETTLED,2026-09-04T16:33:38,2026-09-04T16:48:38,2026-09-04T16:58:38,SLIGHT_DELAY,Minor settlement delay
TXN10765,BNK_SBI_TXN10765,SBI,3500.0,SETTLED,2026-09-04T12:39:51,2026-09-04T12:56:51,2026-09-04T12:55:51,SETTLED_OK,Settlement completed successfully
TXN10766,BNK_KOT_TXN10766,KOTAK_BANK,8900.0,SETTLED,2026-09-04T11:56:51,2026-09-04T12:13:51,2026-09-04T12:10:51,SETTLED_OK,Settlement completed successfully
TXN10767,BNK_AXI_TXN10767,AXIS_BANK,12000.0,SETTLED,2026-09-04T16:09:06,2026-09-04T16:22:06,2026-09-04T16:21:06,SETTLED_OK,Settlement completed successfully
TXN10768,BNK_HDF_TXN10768,HDFC_BANK,1500.0,SETTLED,2026-09-04T14:58:49,2026-09-04T15:18:49,2026-09-04T15:16:49,SETTLED_OK,Settlement completed successfully
TXN10769,BNK_AXI_TXN10769,AXIS_BANK,8900.0,SETTLED,2026-09-04T14:56:31,2026-09-04T15:12:31,2026-09-04T15:07:31,SETTLED_OK,Settlement completed successfully
TXN10770,BNK_ICI_TXN10770,ICICI_BANK,499.0,SETTLED,2026-09-04T10:19:29,2026-09-04T10:32:29,2026-09-04T10:31:29,SETTLED_OK,Settlement completed successfully
TXN10771,BNK_SBI_TXN10771,SBI,8900.0,SETTLED,2026-09-04T09:20:41,2026-09-04T09:36:41,2026-09-04T09:33:41,SETTLED_OK,Settlement completed successfully
TXN10772,BNK_KOT_TXN10772,KOTAK_BANK,6500.0,SETTLED,2026-09-04T10:26:33,2026-09-04T10:40:33,2026-09-04T10:36:33,SETTLED_OK,Settlement completed successfully
TXN10773,BNK_KOT_TXN10773,KOTAK_BANK,15000.0,SETTLED,2026-09-04T11:49:12,2026-09-04T12:03:12,2026-09-04T12:02:12,SETTLED_OK,Settlement completed successfully
TXN10774,BNK_AXI_TXN10774,AXIS_BANK,3500.0,SETTLED,2026-09-04T16:19:53,2026-09-04T16:32:53,2026-09-04T16:30:53,SETTLED_OK,Settlement completed successfully
TXN10775,BNK_ICI_TXN10775,ICICI_BANK,12000.0,SETTLED,2026-09-04T15:21:00,2026-09-04T15:37:00,2026-09-04T15:33:00,SETTLED_OK,Settlement completed successfully
TXN10776,BNK_AXI_TXN10776,AXIS_BANK,1500.0,SETTLED,2026-09-04T17:47:57,2026-09-04T17:58:57,2026-09-04T17:53:57,SETTLED_OK,Settlement completed successfully
TXN10777,BNK_SBI_TXN10777,SBI,4999.0,SETTLED,2026-09-04T11:37:40,2026-09-04T11:50:40,2026-09-04T11:48:40,SETTLED_OK,Settlement completed successfully
TXN10778,BNK_SBI_TXN10778,SBI,12000.0,SETTLED,2026-09-04T11:25:23,2026-09-04T11:40:23,2026-09-04T11:38:23,SETTLED_OK,Settlement completed successfully
TXN10779,BNK_KOT_TXN10779,KOTAK_BANK,15000.0,SETTLED,2026-09-04T15:11:01,2026-09-04T15:22:01,2026-09-04T15:18:01,SETTLED_OK,Settlement completed successfully
TXN10780,BNK_ICI_TXN10780,ICICI_BANK,12000.0,SETTLED,2026-09-04T10:51:10,2026-09-04T11:11:10,2026-09-04T11:10:10,SETTLED_OK,Settlement completed successfully
TXN10781,BNK_HDF_TXN10781,HDFC_BANK,8900.0,SETTLED,2026-09-04T17:15:31,2026-09-04T17:34:31,2026-09-04T17:30:31,SETTLED_OK,Settlement completed successfully
TXN10782,BNK_SBI_TXN10782,SBI,15000.0,SETTLED,2026-09-04T10:21:41,2026-09-04T10:31:41,2026-09-04T10:26:41,SETTLED_OK,Settlement completed successfully
TXN10783,BNK_HDF_TXN10783,HDFC_BANK,499.0,SETTLED,2026-09-04T12:44:31,2026-09-04T12:54:31,2026-09-04T12:51:31,SETTLED_OK,Settlement completed successfully
TXN10784,BNK_KOT_TXN10784,KOTAK_BANK,1500.0,SETTLED,2026-09-04T11:06:25,2026-09-04T11:24:25,2026-09-04T11:19:25,SETTLED_OK,Settlement completed successfully
TXN10785,BNK_HDF_TXN10785,HDFC_BANK,1500.0,SETTLED,2026-09-04T13:04:19,2026-09-04T13:23:19,2026-09-04T13:20:19,SETTLED_OK,Settlement completed successfully
TXN10786,BNK_KOT_TXN10786,KOTAK_BANK,250.0,SETTLED,2026-09-04T10:43:55,2026-09-04T10:55:55,2026-09-04T10:53:55,SETTLED_OK,Settlement completed successfully
TXN10787,BNK_ICI_TXN10787,ICICI_BANK,8900.0,SETTLED,2026-09-04T13:10:14,2026-09-04T13:24:14,2026-09-04T13:22:14,SETTLED_OK,Settlement completed successfully
TXN10788,BNK_SBI_TXN10788,SBI,499.0,SETTLED,2026-09-04T11:36:10,2026-09-04T11:49:10,2026-09-04T11:44:10,SETTLED_OK,Settlement completed successfully
TXN10789,BNK_KOT_TXN10789,KOTAK_BANK,2499.0,SETTLED,2026-09-04T15:53:40,2026-09-04T16:12:40,2026-09-04T16:09:40,SETTLED_OK,Settlement completed successfully
TXN10790,BNK_KOT_TXN10790,KOTAK_BANK,499.0,SETTLED,2026-09-04T10:23:12,2026-09-04T10:35:12,2026-09-04T10:33:12,SETTLED_OK,Settlement completed successfully
TXN10791,BNK_AXI_TXN10791,AXIS_BANK,499.0,SETTLED,2026-09-04T15:08:23,2026-09-04T15:27:23,2026-09-04T15:23:23,SETTLED_OK,Settlement completed successfully
TXN10792,BNK_KOT_TXN10792,KOTAK_BANK,499.0,SETTLED,2026-09-04T17:18:41,2026-09-04T17:34:41,2026-09-04T17:29:41,SETTLED_OK,Settlement completed successfully
TXN10793,BNK_AXI_TXN10793,AXIS_BANK,6500.0,SETTLED,2026-09-04T13:01:44,2026-09-04T13:17:44,2026-09-04T13:14:44,SETTLED_OK,Settlement completed successfully
TXN10794,BNK_SBI_TXN10794,SBI,999.0,SETTLED,2026-09-04T15:47:13,2026-09-04T16:05:13,2026-09-04T16:01:13,SETTLED_OK,Settlement completed successfully
TXN10795,BNK_SBI_TXN10795,SBI,2499.0,SETTLED,2026-09-04T13:28:16,2026-09-04T13:39:16,2026-09-04T13:38:16,SETTLED_OK,Settlement completed successfully
TXN10796,BNK_HDF_TXN10796,HDFC_BANK,250.0,SETTLED,2026-09-04T18:01:14,2026-09-04T18:18:14,2026-09-04T18:13:14,SETTLED_OK,Settlement completed successfully
TXN10797,BNK_HDF_TXN10797,HDFC_BANK,15000.0,SETTLED,2026-09-04T09:47:10,2026-09-04T10:07:10,2026-09-04T10:02:10,SETTLED_OK,Settlement completed successfully
TXN10798,BNK_KOT_TXN10798,KOTAK_BANK,6500.0,SETTLED,2026-09-04T11:45:06,2026-09-04T12:00:06,2026-09-04T11:55:06,SETTLED_OK,Settlement completed successfully
TXN10799,BNK_AXI_TXN10799,AXIS_BANK,2499.0,SETTLED,2026-09-04T11:24:39,2026-09-04T11:38:39,2026-09-04T11:35:39,SETTLED_OK,Settlement completed successfully
TXN10800,BNK_KOT_TXN10800,KOTAK_BANK,12000.0,SETTLED,2026-09-04T13:00:47,2026-09-04T13:19:47,2026-09-04T13:18:47,SETTLED_OK,Settlement completed successfully
TXN10801,BNK_AXI_TXN10801,AXIS_BANK,250.0,SETTLED,2026-09-04T13:23:31,2026-09-04T13:38:31,2026-09-04T13:49:31,SLIGHT_DELAY,Minor settlement delay
TXN10802,BNK_KOT_TXN10802,KOTAK_BANK,4999.0,SETTLED,2026-09-04T15:08:55,2026-09-04T15:21:55,2026-09-04T15:18:55,SETTLED_OK,Settlement completed successfully
TXN10803,BNK_ICI_TXN10803,ICICI_BANK,4999.0,SETTLED,2026-09-04T10:29:51,2026-09-04T10:45:51,2026-09-04T10:53:51,SLIGHT_DELAY,Minor settlement delay
TXN10804,BNK_HDF_TXN10804,HDFC_BANK,2499.0,SETTLED,2026-09-04T15:27:45,2026-09-04T15:44:45,2026-09-04T15:41:45,SETTLED_OK,Settlement completed successfully
TXN10805,BNK_KOT_TXN10805,KOTAK_BANK,3500.0,SETTLED,2026-09-04T11:22:28,2026-09-04T11:33:28,2026-09-04T11:32:28,SETTLED_OK,Settlement completed successfully
TXN10806,BNK_KOT_TXN10806,KOTAK_BANK,2499.0,SETTLED,2026-09-04T12:05:28,2026-09-04T12:21:28,2026-09-04T12:18:28,SETTLED_OK,Settlement completed successfully
TXN10807,BNK_ICI_TXN10807,ICICI_BANK,1500.0,SETTLED,2026-09-04T17:12:25,2026-09-04T17:32:25,2026-09-04T17:30:25,SETTLED_OK,Settlement completed successfully
TXN10808,BNK_KOT_TXN10808,KOTAK_BANK,12000.0,SETTLED,2026-09-04T12:55:43,2026-09-04T13:07:43,2026-09-04T13:04:43,SETTLED_OK,Settlement completed successfully
TXN10809,BNK_HDF_TXN10809,HDFC_BANK,3500.0,SETTLED,2026-09-04T10:56:51,2026-09-04T11:16:51,2026-09-04T11:14:51,SETTLED_OK,Settlement completed successfully
TXN10810,BNK_HDF_TXN10810,HDFC_BANK,1500.0,SETTLED,2026-09-04T09:20:38,2026-09-04T09:36:38,2026-09-04T09:35:38,SETTLED_OK,Settlement completed successfully
TXN10811,BNK_HDF_TXN10811,HDFC_BANK,1500.0,SETTLED,2026-09-04T12:19:48,2026-09-04T12:33:48,2026-09-04T12:30:48,SETTLED_OK,Settlement completed successfully
TXN10812,BNK_HDF_TXN10812,HDFC_BANK,999.0,SETTLED,2026-09-04T17:51:30,2026-09-04T18:10:30,2026-09-04T18:07:30,SETTLED_OK,Settlement completed successfully
TXN10813,BNK_ICI_TXN10813,ICICI_BANK,999.0,SETTLED,2026-09-04T10:57:13,2026-09-04T11:17:13,2026-09-04T11:15:13,SETTLED_OK,Settlement completed successfully
TXN10814,BNK_HDF_TXN10814,HDFC_BANK,1200.0,SETTLED,2026-09-04T13:47:54,2026-09-04T13:59:54,2026-09-04T13:54:54,SETTLED_OK,Settlement completed successfully
TXN10815,BNK_SBI_TXN10815,SBI,499.0,SETTLED,2026-09-04T16:42:11,2026-09-04T16:58:11,2026-09-04T16:53:11,SETTLED_OK,Settlement completed successfully
TXN10816,BNK_KOT_TXN10816,KOTAK_BANK,8900.0,SETTLED,2026-09-04T11:19:09,2026-09-04T11:36:09,2026-09-04T11:31:09,SETTLED_OK,Settlement completed successfully
TXN10817,BNK_KOT_TXN10817,KOTAK_BANK,3500.0,SETTLED,2026-09-04T17:50:39,2026-09-04T18:00:39,2026-09-04T17:58:39,SETTLED_OK,Settlement completed successfully
TXN10818,BNK_KOT_TXN10818,KOTAK_BANK,6500.0,SETTLED,2026-09-04T17:47:08,2026-09-04T18:01:08,2026-09-04T17:56:08,SETTLED_OK,Settlement completed successfully
TXN10819,BNK_HDF_TXN10819,HDFC_BANK,999.0,SETTLED,2026-09-04T13:03:53,2026-09-04T13:13:53,2026-09-04T13:11:53,SETTLED_OK,Settlement completed successfully
TXN10820,BNK_HDF_TXN10820,HDFC_BANK,2499.0,SETTLED,2026-09-04T14:42:00,2026-09-04T14:56:00,2026-09-04T14:52:00,SETTLED_OK,Settlement completed successfully
TXN10821,BNK_SBI_TXN10821,SBI,1200.0,SETTLED,2026-09-04T09:53:38,2026-09-04T10:03:38,2026-09-04T09:58:38,SETTLED_OK,Settlement completed successfully
TXN10822,BNK_AXI_TXN10822,AXIS_BANK,4999.0,SETTLED,2026-09-04T17:15:14,2026-09-04T17:28:14,2026-09-04T17:24:14,SETTLED_OK,Settlement completed successfully
TXN10823,BNK_AXI_TXN10823,AXIS_BANK,499.0,SETTLED,2026-09-04T11:59:06,2026-09-04T12:11:06,2026-09-04T12:09:06,SETTLED_OK,Settlement completed successfully
TXN10824,BNK_ICI_TXN10824,ICICI_BANK,999.0,SETTLED,2026-09-04T09:20:59,2026-09-04T09:31:59,2026-09-04T09:27:59,SETTLED_OK,Settlement completed successfully
TXN10825,BNK_AXI_TXN10825,AXIS_BANK,250.0,SETTLED,2026-09-04T17:10:08,2026-09-04T17:20:08,2026-09-04T17:19:08,SETTLED_OK,Settlement completed successfully
TXN10826,BNK_ICI_TXN10826,ICICI_BANK,12000.0,SETTLED,2026-09-04T10:17:52,2026-09-04T10:35:52,2026-09-04T10:32:52,SETTLED_OK,Settlement completed successfully
TXN10827,BNK_ICI_TXN10827,ICICI_BANK,4999.0,SETTLED,2026-09-04T16:49:55,2026-09-04T17:06:55,2026-09-04T17:05:55,SETTLED_OK,Settlement completed successfully
TXN10828,BNK_KOT_TXN10828,KOTAK_BANK,499.0,SETTLED,2026-09-04T09:53:37,2026-09-04T10:11:37,2026-09-04T10:07:37,SETTLED_OK,Settlement completed successfully
TXN10829,BNK_HDF_TXN10829,HDFC_BANK,2499.0,SETTLED,2026-09-04T15:25:33,2026-09-04T15:45:33,2026-09-04T15:44:33,SETTLED_OK,Settlement completed successfully
TXN10830,BNK_ICI_TXN10830,ICICI_BANK,8900.0,SETTLED,2026-09-04T13:23:23,2026-09-04T13:34:23,2026-09-04T13:29:23,SETTLED_OK,Settlement completed successfully
TXN10831,BNK_KOT_TXN10831,KOTAK_BANK,999.0,SETTLED,2026-09-04T11:45:14,2026-09-04T12:00:14,2026-09-04T11:57:14,SETTLED_OK,Settlement completed successfully
TXN10832,BNK_SBI_TXN10832,SBI,999.0,SETTLED,2026-09-04T10:51:13,2026-09-04T11:07:13,2026-09-04T11:03:13,SETTLED_OK,Settlement completed successfully
TXN10833,BNK_KOT_TXN10833,KOTAK_BANK,2499.0,SETTLED,2026-09-04T13:10:16,2026-09-04T13:25:16,2026-09-04T13:21:16,SETTLED_OK,Settlement completed successfully
TXN10834,BNK_KOT_TXN10834,KOTAK_BANK,1200.0,SETTLED,2026-09-04T11:53:28,2026-09-04T12:10:28,2026-09-04T12:06:28,SETTLED_OK,Settlement completed successfully
TXN10835,BNK_AXI_TXN10835,AXIS_BANK,15000.0,SETTLED,2026-09-04T15:34:42,2026-09-04T15:49:42,2026-09-04T15:54:42,SLIGHT_DELAY,Minor settlement delay
TXN10836,BNK_ICI_TXN10836,ICICI_BANK,2499.0,SETTLED,2026-09-04T09:59:42,2026-09-04T10:11:42,2026-09-04T10:06:42,SETTLED_OK,Settlement completed successfully
TXN10837,BNK_ICI_TXN10837,ICICI_BANK,499.0,SETTLED,2026-09-04T09:48:21,2026-09-04T10:04:21,2026-09-04T10:03:21,SETTLED_OK,Settlement completed successfully
TXN10838,BNK_AXI_TXN10838,AXIS_BANK,999.0,SETTLED,2026-09-04T09:10:25,2026-09-04T09:20:25,2026-09-04T09:16:25,SETTLED_OK,Settlement completed successfully
TXN10839,BNK_AXI_TXN10839,AXIS_BANK,4999.0,SETTLED,2026-09-04T17:46:00,2026-09-04T18:06:00,2026-09-04T18:03:00,SETTLED_OK,Settlement completed successfully
TXN10840,BNK_HDF_TXN10840,HDFC_BANK,3500.0,SETTLED,2026-09-04T17:11:53,2026-09-04T17:25:53,2026-09-04T17:20:53,SETTLED_OK,Settlement completed successfully
TXN10841,BNK_AXI_TXN10841,AXIS_BANK,3500.0,SETTLED,2026-09-04T13:06:46,2026-09-04T13:25:46,2026-09-04T13:21:46,SETTLED_OK,Settlement completed successfully
TXN10842,BNK_KOT_TXN10842,KOTAK_BANK,12000.0,SETTLED,2026-09-04T16:31:54,2026-09-04T16:41:54,2026-09-04T16:37:54,SETTLED_OK,Settlement completed successfully
TXN10843,BNK_HDF_TXN10843,HDFC_BANK,2499.0,SETTLED,2026-09-04T14:39:54,2026-09-04T14:51:54,2026-09-04T14:50:54,SETTLED_OK,Settlement completed successfully
TXN10844,BNK_SBI_TXN10844,SBI,250.0,SETTLED,2026-09-04T17:13:54,2026-09-04T17:32:54,2026-09-04T17:27:54,SETTLED_OK,Settlement completed successfully
TXN10845,BNK_HDF_TXN10845,HDFC_BANK,2499.0,SETTLED,2026-09-04T10:20:39,2026-09-04T10:33:39,2026-09-04T10:29:39,SETTLED_OK,Settlement completed successfully
TXN10846,BNK_HDF_TXN10846,HDFC_BANK,6500.0,SETTLED,2026-09-04T15:59:09,2026-09-04T16:09:09,2026-09-04T16:05:09,SETTLED_OK,Settlement completed successfully
TXN10847,BNK_SBI_TXN10847,SBI,499.0,SETTLED,2026-09-04T11:44:34,2026-09-04T12:04:34,2026-09-04T12:02:34,SETTLED_OK,Settlement completed successfully
TXN10848,BNK_KOT_TXN10848,KOTAK_BANK,2499.0,SETTLED,2026-09-04T16:51:48,2026-09-04T17:07:48,2026-09-04T17:03:48,SETTLED_OK,Settlement completed successfully
TXN10849,BNK_KOT_TXN10849,KOTAK_BANK,4999.0,SETTLED,2026-09-04T11:37:30,2026-09-04T11:51:30,2026-09-04T11:50:30,SETTLED_OK,Settlement completed successfully
TXN10850,BNK_SBI_TXN10850,SBI,1500.0,SETTLED,2026-09-04T13:11:31,2026-09-04T13:22:31,2026-09-04T13:18:31,SETTLED_OK,Settlement completed successfully
TXN10851,BNK_AXI_TXN10851,AXIS_BANK,250.0,SETTLED,2026-09-04T10:38:04,2026-09-04T10:54:04,2026-09-04T10:52:04,SETTLED_OK,Settlement completed successfully
TXN10852,BNK_KOT_TXN10852,KOTAK_BANK,3500.0,SETTLED,2026-09-04T14:07:31,2026-09-04T14:27:31,2026-09-04T14:26:31,SETTLED_OK,Settlement completed successfully
TXN10853,BNK_KOT_TXN10853,KOTAK_BANK,1500.0,SETTLED,2026-09-04T11:55:38,2026-09-04T12:11:38,2026-09-04T12:09:38,SETTLED_OK,Settlement completed successfully
TXN10854,BNK_HDF_TXN10854,HDFC_BANK,6500.0,SETTLED,2026-09-04T16:30:58,2026-09-04T16:42:58,2026-09-04T16:38:58,SETTLED_OK,Settlement completed successfully
TXN10855,BNK_AXI_TXN10855,AXIS_BANK,8900.0,SETTLED,2026-09-04T10:22:00,2026-09-04T10:33:00,2026-09-04T10:32:00,SETTLED_OK,Settlement completed successfully
TXN10856,BNK_ICI_TXN10856,ICICI_BANK,8900.0,SETTLED,2026-09-04T14:37:20,2026-09-04T14:53:20,2026-09-04T14:51:20,SETTLED_OK,Settlement completed successfully
TXN10857,BNK_AXI_TXN10857,AXIS_BANK,499.0,SETTLED,2026-09-04T13:41:12,2026-09-04T13:57:12,2026-09-04T13:53:12,SETTLED_OK,Settlement completed successfully
TXN10858,BNK_ICI_TXN10858,ICICI_BANK,499.0,SETTLED,2026-09-04T11:54:40,2026-09-04T12:06:40,2026-09-04T12:02:40,SETTLED_OK,Settlement completed successfully
TXN10859,BNK_ICI_TXN10859,ICICI_BANK,8900.0,SETTLED,2026-09-04T15:00:05,2026-09-04T15:19:05,2026-09-04T15:14:05,SETTLED_OK,Settlement completed successfully
TXN10860,BNK_SBI_TXN10860,SBI,999.0,SETTLED,2026-09-04T11:59:03,2026-09-04T12:19:03,2026-09-04T12:14:03,SETTLED_OK,Settlement completed successfully
TXN10861,BNK_ICI_TXN10861,ICICI_BANK,15000.0,SETTLED,2026-09-04T10:03:48,2026-09-04T10:15:48,2026-09-04T10:13:48,SETTLED_OK,Settlement completed successfully
TXN10862,BNK_KOT_TXN10862,KOTAK_BANK,250.0,SETTLED,2026-09-04T14:53:57,2026-09-04T15:04:57,2026-09-04T15:00:57,SETTLED_OK,Settlement completed successfully
TXN10863,BNK_SBI_TXN10863,SBI,499.0,SETTLED,2026-09-04T17:49:54,2026-09-04T18:04:54,2026-09-04T17:59:54,SETTLED_OK,Settlement completed successfully
TXN10864,BNK_AXI_TXN10864,AXIS_BANK,15000.0,SETTLED,2026-09-04T15:41:12,2026-09-04T15:52:12,2026-09-04T15:47:12,SETTLED_OK,Settlement completed successfully
TXN10865,BNK_AXI_TXN10865,AXIS_BANK,250.0,SETTLED,2026-09-04T16:34:07,2026-09-04T16:47:07,2026-09-04T16:42:07,SETTLED_OK,Settlement completed successfully
TXN10866,BNK_AXI_TXN10866,AXIS_BANK,4999.0,SETTLED,2026-09-04T14:52:29,2026-09-04T15:07:29,2026-09-04T15:02:29,SETTLED_OK,Settlement completed successfully
TXN10867,BNK_SBI_TXN10867,SBI,250.0,SETTLED,2026-09-04T15:44:23,2026-09-04T15:54:23,2026-09-04T15:51:23,SETTLED_OK,Settlement completed successfully
TXN10868,BNK_KOT_TXN10868,KOTAK_BANK,3500.0,SETTLED,2026-09-04T14:12:18,2026-09-04T14:25:18,2026-09-04T14:21:18,SETTLED_OK,Settlement completed successfully
TXN10869,BNK_AXI_TXN10869,AXIS_BANK,3500.0,SETTLED,2026-09-04T15:47:49,2026-09-04T16:03:49,2026-09-04T16:01:49,SETTLED_OK,Settlement completed successfully
TXN10870,BNK_KOT_TXN10870,KOTAK_BANK,999.0,SETTLED,2026-09-04T13:54:50,2026-09-04T14:05:50,2026-09-04T14:04:50,SETTLED_OK,Settlement completed successfully
TXN10871,BNK_ICI_TXN10871,ICICI_BANK,8900.0,SETTLED,2026-09-04T17:59:14,2026-09-04T18:16:14,2026-09-04T18:13:14,SETTLED_OK,Settlement completed successfully
TXN10872,BNK_ICI_TXN10872,ICICI_BANK,1200.0,SETTLED,2026-09-04T12:36:14,2026-09-04T12:50:14,2026-09-04T12:48:14,SETTLED_OK,Settlement completed successfully
TXN10873,BNK_KOT_TXN10873,KOTAK_BANK,8900.0,SETTLED,2026-09-04T10:30:56,2026-09-04T10:44:56,2026-09-04T10:42:56,SETTLED_OK,Settlement completed successfully
TXN10874,BNK_SBI_TXN10874,SBI,250.0,SETTLED,2026-09-04T15:07:56,2026-09-04T15:27:56,2026-09-04T15:23:56,SETTLED_OK,Settlement completed successfully
TXN10875,BNK_AXI_TXN10875,AXIS_BANK,999.0,SETTLED,2026-09-04T11:19:59,2026-09-04T11:34:59,2026-09-04T11:29:59,SETTLED_OK,Settlement completed successfully
TXN10876,BNK_ICI_TXN10876,ICICI_BANK,250.0,SETTLED,2026-09-04T10:14:09,2026-09-04T10:32:09,2026-09-04T10:30:09,SETTLED_OK,Settlement completed successfully
TXN10877,BNK_ICI_TXN10877,ICICI_BANK,499.0,SETTLED,2026-09-04T14:09:27,2026-09-04T14:26:27,2026-09-04T14:25:27,SETTLED_OK,Settlement completed successfully
TXN10878,BNK_SBI_TXN10878,SBI,3500.0,SETTLED,2026-09-04T16:28:45,2026-09-04T16:41:45,2026-09-04T16:38:45,SETTLED_OK,Settlement completed successfully
TXN10879,BNK_KOT_TXN10879,KOTAK_BANK,15000.0,SETTLED,2026-09-04T11:52:05,2026-09-04T12:08:05,2026-09-04T12:05:05,SETTLED_OK,Settlement completed successfully
TXN10880,BNK_HDF_TXN10880,HDFC_BANK,2499.0,SETTLED,2026-09-04T15:14:21,2026-09-04T15:31:21,2026-09-04T15:30:21,SETTLED_OK,Settlement completed successfully
TXN10881,BNK_AXI_TXN10881,AXIS_BANK,250.0,SETTLED,2026-09-04T17:23:33,2026-09-04T17:39:33,2026-09-04T17:36:33,SETTLED_OK,Settlement completed successfully
TXN10882,BNK_SBI_TXN10882,SBI,499.0,SETTLED,2026-09-04T11:50:20,2026-09-04T12:05:20,2026-09-04T12:00:20,SETTLED_OK,Settlement completed successfully
TXN10883,BNK_KOT_TXN10883,KOTAK_BANK,1200.0,SETTLED,2026-09-04T15:20:07,2026-09-04T15:38:07,2026-09-04T15:33:07,SETTLED_OK,Settlement completed successfully
TXN10884,BNK_KOT_TXN10884,KOTAK_BANK,2499.0,SETTLED,2026-09-04T15:21:57,2026-09-04T15:38:57,2026-09-04T15:35:57,SETTLED_OK,Settlement completed successfully
TXN10885,BNK_AXI_TXN10885,AXIS_BANK,1200.0,SETTLED,2026-09-04T14:38:23,2026-09-04T14:58:23,2026-09-04T14:53:23,SETTLED_OK,Settlement completed successfully
TXN10886,BNK_ICI_TXN10886,ICICI_BANK,6500.0,SETTLED,2026-09-04T09:58:57,2026-09-04T10:08:57,2026-09-04T10:07:57,SETTLED_OK,Settlement completed successfully
TXN10887,BNK_SBI_TXN10887,SBI,3500.0,SETTLED,2026-09-04T14:49:52,2026-09-04T15:06:52,2026-09-04T15:02:52,SETTLED_OK,Settlement completed successfully
TXN10888,BNK_AXI_TXN10888,AXIS_BANK,250.0,SETTLED,2026-09-04T14:40:03,2026-09-04T14:52:03,2026-09-04T14:49:03,SETTLED_OK,Settlement completed successfully
TXN10889,BNK_AXI_TXN10889,AXIS_BANK,15000.0,SETTLED,2026-09-04T11:06:49,2026-09-04T11:16:49,2026-09-04T11:15:49,SETTLED_OK,Settlement completed successfully
TXN10890,BNK_HDF_TXN10890,HDFC_BANK,3500.0,SETTLED,2026-09-04T14:45:50,2026-09-04T15:04:50,2026-09-04T15:02:50,SETTLED_OK,Settlement completed successfully
TXN10891,BNK_AXI_TXN10891,AXIS_BANK,1200.0,SETTLED,2026-09-04T10:35:22,2026-09-04T10:50:22,2026-09-04T10:46:22,SETTLED_OK,Settlement completed successfully
TXN10892,BNK_SBI_TXN10892,SBI,1200.0,SETTLED,2026-09-04T14:36:52,2026-09-04T14:53:52,2026-09-04T14:52:52,SETTLED_OK,Settlement completed successfully
TXN10893,BNK_AXI_TXN10893,AXIS_BANK,1200.0,SETTLED,2026-09-04T16:08:16,2026-09-04T16:22:16,2026-09-04T16:20:16,SETTLED_OK,Settlement completed successfully
TXN10894,BNK_ICI_TXN10894,ICICI_BANK,8900.0,SETTLED,2026-09-04T14:26:04,2026-09-04T14:39:04,2026-09-04T14:35:04,SETTLED_OK,Settlement completed successfully
TXN10895,BNK_KOT_TXN10895,KOTAK_BANK,499.0,SETTLED,2026-09-04T11:30:58,2026-09-04T11:47:58,2026-09-04T11:46:58,SETTLED_OK,Settlement completed successfully
TXN10896,BNK_AXI_TXN10896,AXIS_BANK,6500.0,SETTLED,2026-09-04T13:09:19,2026-09-04T13:22:19,2026-09-04T13:17:19,SETTLED_OK,Settlement completed successfully
TXN10897,BNK_HDF_TXN10897,HDFC_BANK,250.0,SETTLED,2026-09-04T13:24:43,2026-09-04T13:38:43,2026-09-04T13:36:43,SETTLED_OK,Settlement completed successfully
TXN10898,BNK_KOT_TXN10898,KOTAK_BANK,12000.0,SETTLED,2026-09-04T17:28:07,2026-09-04T17:41:07,2026-09-04T17:40:07,SETTLED_OK,Settlement completed successfully
TXN10899,BNK_HDF_TXN10899,HDFC_BANK,8900.0,SETTLED,2026-09-04T13:16:38,2026-09-04T13:27:38,2026-09-04T13:24:38,SETTLED_OK,Settlement completed successfully
TXN10900,BNK_ICI_TXN10900,ICICI_BANK,1500.0,SETTLED,2026-09-04T13:46:29,2026-09-04T14:04:29,2026-09-04T13:59:29,SETTLED_OK,Settlement completed successfully
TXN10901,BNK_ICI_TXN10901,ICICI_BANK,999.0,SETTLED,2026-09-04T14:44:30,2026-09-04T14:56:30,2026-09-04T14:52:30,SETTLED_OK,Settlement completed successfully
TXN10902,BNK_ICI_TXN10902,ICICI_BANK,250.0,SETTLED,2026-09-04T10:12:33,2026-09-04T10:22:33,2026-09-04T10:20:33,SETTLED_OK,Settlement completed successfully
TXN10903,BNK_HDF_TXN10903,HDFC_BANK,999.0,SETTLED,2026-09-04T12:34:30,2026-09-04T12:48:30,2026-09-04T12:45:30,SETTLED_OK,Settlement completed successfully
TXN10904,BNK_SBI_TXN10904,SBI,4999.0,SETTLED,2026-09-04T16:17:34,2026-09-04T16:32:34,2026-09-04T16:27:34,SETTLED_OK,Settlement completed successfully
TXN10905,BNK_KOT_TXN10905,KOTAK_BANK,1200.0,SETTLED,2026-09-04T11:28:20,2026-09-04T11:38:20,2026-09-04T11:34:20,SETTLED_OK,Settlement completed successfully
TXN10906,BNK_HDF_TXN10906,HDFC_BANK,1500.0,SETTLED,2026-09-04T15:42:04,2026-09-04T15:54:04,2026-09-04T15:51:04,SETTLED_OK,Settlement completed successfully
TXN10907,BNK_KOT_TXN10907,KOTAK_BANK,250.0,SETTLED,2026-09-04T13:21:05,2026-09-04T13:32:05,2026-09-04T13:28:05,SETTLED_OK,Settlement completed successfully
TXN10908,BNK_HDF_TXN10908,HDFC_BANK,999.0,SETTLED,2026-09-04T17:01:17,2026-09-04T17:15:17,2026-09-04T17:13:17,SETTLED_OK,Settlement completed successfully
TXN10909,BNK_HDF_TXN10909,HDFC_BANK,1200.0,SETTLED,2026-09-04T09:30:40,2026-09-04T09:40:40,2026-09-04T09:39:40,SETTLED_OK,Settlement completed successfully
TXN10910,BNK_HDF_TXN10910,HDFC_BANK,1500.0,SETTLED,2026-09-04T13:10:13,2026-09-04T13:21:13,2026-09-04T13:19:13,SETTLED_OK,Settlement completed successfully
TXN10911,BNK_KOT_TXN10911,KOTAK_BANK,4999.0,SETTLED,2026-09-04T13:15:39,2026-09-04T13:31:39,2026-09-04T13:30:39,SETTLED_OK,Settlement completed successfully
TXN10912,BNK_KOT_TXN10912,KOTAK_BANK,12000.0,SETTLED,2026-09-04T11:38:08,2026-09-04T11:58:08,2026-09-04T11:55:08,SETTLED_OK,Settlement completed successfully
TXN10913,BNK_ICI_TXN10913,ICICI_BANK,8900.0,SETTLED,2026-09-04T13:07:07,2026-09-04T13:23:07,2026-09-04T13:19:07,SETTLED_OK,Settlement completed successfully
TXN10914,BNK_AXI_TXN10914,AXIS_BANK,15000.0,SETTLED,2026-09-04T18:01:25,2026-09-04T18:17:25,2026-09-04T18:13:25,SETTLED_OK,Settlement completed successfully
TXN10915,BNK_HDF_TXN10915,HDFC_BANK,8900.0,SETTLED,2026-09-04T10:49:40,2026-09-04T11:07:40,2026-09-04T11:02:40,SETTLED_OK,Settlement completed successfully
TXN10916,BNK_HDF_TXN10916,HDFC_BANK,250.0,SETTLED,2026-09-04T11:27:38,2026-09-04T11:37:38,2026-09-04T11:34:38,SETTLED_OK,Settlement completed successfully
TXN10917,BNK_SBI_TXN10917,SBI,15000.0,SETTLED,2026-09-04T13:37:37,2026-09-04T13:56:37,2026-09-04T13:55:37,SETTLED_OK,Settlement completed successfully
TXN10918,BNK_ICI_TXN10918,ICICI_BANK,12000.0,SETTLED,2026-09-04T11:16:25,2026-09-04T11:30:25,2026-09-04T11:29:25,SETTLED_OK,Settlement completed successfully
TXN10919,BNK_ICI_TXN10919,ICICI_BANK,8900.0,SETTLED,2026-09-04T10:01:32,2026-09-04T10:14:32,2026-09-04T10:10:32,SETTLED_OK,Settlement completed successfully
TXN10920,BNK_AXI_TXN10920,AXIS_BANK,4999.0,SETTLED,2026-09-04T10:20:48,2026-09-04T10:34:48,2026-09-04T10:30:48,SETTLED_OK,Settlement completed successfully
TXN10921,BNK_HDF_TXN10921,HDFC_BANK,999.0,SETTLED,2026-09-04T11:41:10,2026-09-04T11:59:10,2026-09-04T11:54:10,SETTLED_OK,Settlement completed successfully
TXN10922,BNK_SBI_TXN10922,SBI,2499.0,SETTLED,2026-09-04T10:39:05,2026-09-04T10:50:05,2026-09-04T10:46:05,SETTLED_OK,Settlement completed successfully
TXN10923,BNK_AXI_TXN10923,AXIS_BANK,1500.0,SETTLED,2026-09-04T15:02:12,2026-09-04T15:12:12,2026-09-04T15:09:12,SETTLED_OK,Settlement completed successfully
TXN10924,BNK_AXI_TXN10924,AXIS_BANK,6500.0,SETTLED,2026-09-04T09:11:58,2026-09-04T09:29:58,2026-09-04T09:28:58,SETTLED_OK,Settlement completed successfully
TXN10925,BNK_SBI_TXN10925,SBI,999.0,SETTLED,2026-09-04T16:47:22,2026-09-04T16:58:22,2026-09-04T16:54:22,SETTLED_OK,Settlement completed successfully
TXN10926,BNK_ICI_TXN10926,ICICI_BANK,8900.0,SETTLED,2026-09-04T11:46:18,2026-09-04T12:02:18,2026-09-04T12:01:18,SETTLED_OK,Settlement completed successfully
TXN10927,BNK_ICI_TXN10927,ICICI_BANK,12000.0,SETTLED,2026-09-04T10:33:36,2026-09-04T10:46:36,2026-09-04T10:44:36,SETTLED_OK,Settlement completed successfully
TXN10928,BNK_HDF_TXN10928,HDFC_BANK,15000.0,SETTLED,2026-09-04T13:08:25,2026-09-04T13:27:25,2026-09-04T13:26:25,SETTLED_OK,Settlement completed successfully
TXN10929,BNK_HDF_TXN10929,HDFC_BANK,8900.0,SETTLED,2026-09-04T15:10:13,2026-09-04T15:24:13,2026-09-04T15:21:13,SETTLED_OK,Settlement completed successfully
TXN10930,BNK_ICI_TXN10930,ICICI_BANK,1200.0,SETTLED,2026-09-04T17:53:12,2026-09-04T18:13:12,2026-09-04T18:12:12,SETTLED_OK,Settlement completed successfully
TXN10931,BNK_HDF_TXN10931,HDFC_BANK,499.0,SETTLED,2026-09-04T15:38:06,2026-09-04T15:56:06,2026-09-04T15:54:06,SETTLED_OK,Settlement completed successfully
TXN10932,BNK_SBI_TXN10932,SBI,499.0,SETTLED,2026-09-04T17:56:03,2026-09-04T18:12:03,2026-09-04T18:07:03,SETTLED_OK,Settlement completed successfully
TXN10933,BNK_SBI_TXN10933,SBI,250.0,SETTLED,2026-09-04T10:32:49,2026-09-04T10:45:49,2026-09-04T10:42:49,SETTLED_OK,Settlement completed successfully
TXN10934,BNK_SBI_TXN10934,SBI,6500.0,SETTLED,2026-09-04T11:19:51,2026-09-04T11:37:51,2026-09-04T11:32:51,SETTLED_OK,Settlement completed successfully
TXN10935,BNK_HDF_TXN10935,HDFC_BANK,250.0,SETTLED,2026-09-04T13:42:36,2026-09-04T13:55:36,2026-09-04T13:54:36,SETTLED_OK,Settlement completed successfully
TXN10936,BNK_SBI_TXN10936,SBI,8900.0,SETTLED,2026-09-04T12:32:10,2026-09-04T12:48:10,2026-09-04T12:43:10,SETTLED_OK,Settlement completed successfully
TXN10937,BNK_AXI_TXN10937,AXIS_BANK,499.0,SETTLED,2026-09-04T13:47:31,2026-09-04T14:00:31,2026-09-04T13:56:31,SETTLED_OK,Settlement completed successfully
TXN10938,BNK_HDF_TXN10938,HDFC_BANK,1200.0,SETTLED,2026-09-04T09:51:54,2026-09-04T10:11:54,2026-09-04T10:10:54,SETTLED_OK,Settlement completed successfully
TXN10939,BNK_AXI_TXN10939,AXIS_BANK,3500.0,SETTLED,2026-09-04T11:29:10,2026-09-04T11:46:10,2026-09-04T11:41:10,SETTLED_OK,Settlement completed successfully
TXN10940,BNK_ICI_TXN10940,ICICI_BANK,1200.0,SETTLED,2026-09-04T15:59:20,2026-09-04T16:09:20,2026-09-04T16:04:20,SETTLED_OK,Settlement completed successfully
TXN10941,BNK_ICI_TXN10941,ICICI_BANK,4999.0,SETTLED,2026-09-04T10:04:18,2026-09-04T10:19:18,2026-09-04T10:17:18,SETTLED_OK,Settlement completed successfully
TXN10942,BNK_AXI_TXN10942,AXIS_BANK,499.0,SETTLED,2026-09-04T10:43:40,2026-09-04T11:00:40,2026-09-04T10:57:40,SETTLED_OK,Settlement completed successfully
TXN10943,BNK_SBI_TXN10943,SBI,12000.0,SETTLED,2026-09-04T17:20:31,2026-09-04T17:35:31,2026-09-04T17:30:31,SETTLED_OK,Settlement completed successfully
TXN10944,BNK_AXI_TXN10944,AXIS_BANK,999.0,SETTLED,2026-09-04T13:06:49,2026-09-04T13:24:49,2026-09-04T13:21:49,SETTLED_OK,Settlement completed successfully
TXN10945,BNK_ICI_TXN10945,ICICI_BANK,4999.0,SETTLED,2026-09-04T16:08:08,2026-09-04T16:27:08,2026-09-04T16:26:08,SETTLED_OK,Settlement completed successfully
TXN10946,BNK_AXI_TXN10946,AXIS_BANK,3500.0,SETTLED,2026-09-04T09:56:41,2026-09-04T10:09:41,2026-09-04T10:05:41,SETTLED_OK,Settlement completed successfully
TXN10947,BNK_SBI_TXN10947,SBI,250.0,SETTLED,2026-09-04T17:49:57,2026-09-04T18:02:57,2026-09-04T17:59:57,SETTLED_OK,Settlement completed successfully
TXN10948,BNK_AXI_TXN10948,AXIS_BANK,15000.0,SETTLED,2026-09-04T10:37:10,2026-09-04T10:53:10,2026-09-04T10:48:10,SETTLED_OK,Settlement completed successfully
TXN10949,BNK_ICI_TXN10949,ICICI_BANK,1200.0,SETTLED,2026-09-04T16:48:55,2026-09-04T17:08:55,2026-09-04T17:07:55,SETTLED_OK,Settlement completed successfully
TXN10950,BNK_SBI_TXN10950,SBI,1500.0,SETTLED,2026-09-04T15:04:07,2026-09-04T15:24:07,2026-09-04T15:19:07,SETTLED_OK,Settlement completed successfully
TXN10951,BNK_KOT_TXN10951,KOTAK_BANK,4999.0,SETTLED,2026-09-04T13:55:35,2026-09-04T14:05:35,2026-09-04T14:02:35,SETTLED_OK,Settlement completed successfully
TXN10952,BNK_ICI_TXN10952,ICICI_BANK,1500.0,SETTLED,2026-09-04T09:38:42,2026-09-04T09:55:42,2026-09-04T09:52:42,SETTLED_OK,Settlement completed successfully
TXN10953,BNK_ICI_TXN10953,ICICI_BANK,12000.0,SETTLED,2026-09-04T11:56:39,2026-09-04T12:16:39,2026-09-04T12:11:39,SETTLED_OK,Settlement completed successfully
TXN10954,BNK_SBI_TXN10954,SBI,250.0,SETTLED,2026-09-04T17:46:26,2026-09-04T18:06:26,2026-09-04T18:03:26,SETTLED_OK,Settlement completed successfully
TXN10955,BNK_KOT_TXN10955,KOTAK_BANK,6500.0,SETTLED,2026-09-04T14:07:35,2026-09-04T14:18:35,2026-09-04T14:15:35,SETTLED_OK,Settlement completed successfully
TXN10956,BNK_AXI_TXN10956,AXIS_BANK,999.0,SETTLED,2026-09-04T15:57:38,2026-09-04T16:12:38,2026-09-04T16:08:38,SETTLED_OK,Settlement completed successfully
TXN10957,BNK_AXI_TXN10957,AXIS_BANK,250.0,SETTLED,2026-09-04T09:11:48,2026-09-04T09:21:48,2026-09-04T09:19:48,SETTLED_OK,Settlement completed successfully
TXN10958,BNK_KOT_TXN10958,KOTAK_BANK,8900.0,SETTLED,2026-09-04T12:25:56,2026-09-04T12:45:56,2026-09-04T12:44:56,SETTLED_OK,Settlement completed successfully
TXN10959,BNK_KOT_TXN10959,KOTAK_BANK,6500.0,SETTLED,2026-09-04T17:47:43,2026-09-04T18:07:43,2026-09-04T18:03:43,SETTLED_OK,Settlement completed successfully
TXN10960,BNK_KOT_TXN10960,KOTAK_BANK,2499.0,SETTLED,2026-09-04T12:22:48,2026-09-04T12:33:48,2026-09-04T12:29:48,SETTLED_OK,Settlement completed successfully
TXN10961,BNK_HDF_TXN10961,HDFC_BANK,2499.0,SETTLED,2026-09-04T17:33:59,2026-09-04T17:50:59,2026-09-04T17:48:59,SETTLED_OK,Settlement completed successfully
TXN10962,BNK_ICI_TXN10962,ICICI_BANK,1500.0,SETTLED,2026-09-04T11:39:40,2026-09-04T11:50:40,2026-09-04T11:45:40,SETTLED_OK,Settlement completed successfully
TXN10963,BNK_ICI_TXN10963,ICICI_BANK,499.0,SETTLED,2026-09-04T16:01:49,2026-09-04T16:18:49,2026-09-04T16:16:49,SETTLED_OK,Settlement completed successfully
TXN10964,BNK_HDF_TXN10964,HDFC_BANK,6500.0,SETTLED,2026-09-04T10:10:14,2026-09-04T10:22:14,2026-09-04T10:17:14,SETTLED_OK,Settlement completed successfully
TXN10965,BNK_HDF_TXN10965,HDFC_BANK,8900.0,SETTLED,2026-09-04T14:38:28,2026-09-04T14:53:28,2026-09-04T14:49:28,SETTLED_OK,Settlement completed successfully
TXN10966,BNK_AXI_TXN10966,AXIS_BANK,15000.0,SETTLED,2026-09-04T16:45:52,2026-09-04T16:56:52,2026-09-04T16:55:52,SETTLED_OK,Settlement completed successfully
TXN10967,BNK_AXI_TXN10967,AXIS_BANK,6500.0,SETTLED,2026-09-04T14:29:21,2026-09-04T14:43:21,2026-09-04T14:42:21,SETTLED_OK,Settlement completed successfully
TXN10968,BNK_KOT_TXN10968,KOTAK_BANK,2499.0,SETTLED,2026-09-04T13:21:25,2026-09-04T13:34:25,2026-09-04T13:31:25,SETTLED_OK,Settlement completed successfully
TXN10969,BNK_HDF_TXN10969,HDFC_BANK,1500.0,SETTLED,2026-09-04T13:11:49,2026-09-04T13:24:49,2026-09-04T13:21:49,SETTLED_OK,Settlement completed successfully
TXN10970,BNK_HDF_TXN10970,HDFC_BANK,1200.0,SETTLED,2026-09-04T13:10:58,2026-09-04T13:20:58,2026-09-04T13:19:58,SETTLED_OK,Settlement completed successfully
TXN10971,BNK_ICI_TXN10971,ICICI_BANK,250.0,SETTLED,2026-09-04T16:55:17,2026-09-04T17:14:17,2026-09-04T17:10:17,SETTLED_OK,Settlement completed successfully
TXN10972,BNK_SBI_TXN10972,SBI,3500.0,SETTLED,2026-09-04T10:30:25,2026-09-04T10:42:25,2026-09-04T10:41:25,SETTLED_OK,Settlement completed successfully
TXN10973,BNK_ICI_TXN10973,ICICI_BANK,2499.0,SETTLED,2026-09-04T14:12:18,2026-09-04T14:30:18,2026-09-04T14:29:18,SETTLED_OK,Settlement completed successfully
TXN10974,BNK_HDF_TXN10974,HDFC_BANK,6500.0,SETTLED,2026-09-04T11:01:14,2026-09-04T11:21:14,2026-09-04T11:20:14,SETTLED_OK,Settlement completed successfully
TXN10975,BNK_HDF_TXN10975,HDFC_BANK,1200.0,SETTLED,2026-09-04T11:38:47,2026-09-04T11:50:47,2026-09-04T11:48:47,SETTLED_OK,Settlement completed successfully
TXN10976,BNK_ICI_TXN10976,ICICI_BANK,15000.0,SETTLED,2026-09-04T10:35:00,2026-09-04T10:46:00,2026-09-04T10:41:00,SETTLED_OK,Settlement completed successfully
TXN10977,BNK_HDF_TXN10977,HDFC_BANK,12000.0,SETTLED,2026-09-04T13:41:10,2026-09-04T13:58:10,2026-09-04T13:56:10,SETTLED_OK,Settlement completed successfully
TXN10978,BNK_SBI_TXN10978,SBI,3500.0,SETTLED,2026-09-04T16:52:31,2026-09-04T17:06:31,2026-09-04T17:05:31,SETTLED_OK,Settlement completed successfully
TXN10979,BNK_AXI_TXN10979,AXIS_BANK,3500.0,SETTLED,2026-09-04T14:16:54,2026-09-04T14:31:54,2026-09-04T14:28:54,SETTLED_OK,Settlement completed successfully
TXN10980,BNK_ICI_TXN10980,ICICI_BANK,12000.0,SETTLED,2026-09-04T16:39:31,2026-09-04T16:53:31,2026-09-04T16:49:31,SETTLED_OK,Settlement completed successfully
TXN10981,BNK_SBI_TXN10981,SBI,4999.0,SETTLED,2026-09-04T15:27:31,2026-09-04T15:37:31,2026-09-04T15:35:31,SETTLED_OK,Settlement completed successfully
TXN10982,BNK_SBI_TXN10982,SBI,999.0,SETTLED,2026-09-04T15:16:23,2026-09-04T15:27:23,2026-09-04T15:22:23,SETTLED_OK,Settlement completed successfully
TXN10983,BNK_KOT_TXN10983,KOTAK_BANK,499.0,SETTLED,2026-09-04T09:53:04,2026-09-04T10:04:04,2026-09-04T09:59:04,SETTLED_OK,Settlement completed successfully
TXN10984,BNK_ICI_TXN10984,ICICI_BANK,15000.0,SETTLED,2026-09-04T17:27:12,2026-09-04T17:42:12,2026-09-04T17:40:12,SETTLED_OK,Settlement completed successfully
TXN10985,BNK_HDF_TXN10985,HDFC_BANK,499.0,SETTLED,2026-09-04T09:50:25,2026-09-04T10:00:25,2026-09-04T09:57:25,SETTLED_OK,Settlement completed successfully
TXN10986,BNK_ICI_TXN10986,ICICI_BANK,3500.0,SETTLED,2026-09-04T13:48:28,2026-09-04T13:59:28,2026-09-04T13:54:28,SETTLED_OK,Settlement completed successfully
TXN10987,BNK_AXI_TXN10987,AXIS_BANK,6500.0,SETTLED,2026-09-04T09:49:06,2026-09-04T10:05:06,2026-09-04T10:00:06,SETTLED_OK,Settlement completed successfully
TXN10988,BNK_AXI_TXN10988,AXIS_BANK,1200.0,SETTLED,2026-09-04T13:18:51,2026-09-04T13:37:51,2026-09-04T13:34:51,SETTLED_OK,Settlement completed successfully
TXN10989,BNK_AXI_TXN10989,AXIS_BANK,15000.0,SETTLED,2026-09-04T16:20:51,2026-09-04T16:36:51,2026-09-04T16:48:51,SLIGHT_DELAY,Minor settlement delay
TXN10990,BNK_KOT_TXN10990,KOTAK_BANK,250.0,SETTLED,2026-09-04T16:16:09,2026-09-04T16:31:09,2026-09-04T16:30:09,SETTLED_OK,Settlement completed successfully
TXN10991,BNK_ICI_TXN10991,ICICI_BANK,1200.0,SETTLED,2026-09-04T10:37:05,2026-09-04T10:48:05,2026-09-04T10:43:05,SETTLED_OK,Settlement completed successfully
TXN10992,BNK_KOT_TXN10992,KOTAK_BANK,1500.0,SETTLED,2026-09-04T09:51:06,2026-09-04T10:03:06,2026-09-04T09:58:06,SETTLED_OK,Settlement completed successfully
TXN10993,BNK_SBI_TXN10993,SBI,6500.0,SETTLED,2026-09-04T17:52:22,2026-09-04T18:05:22,2026-09-04T18:01:22,SETTLED_OK,Settlement completed successfully
TXN10994,BNK_HDF_TXN10994,HDFC_BANK,3500.0,SETTLED,2026-09-04T15:44:57,2026-09-04T16:02:57,2026-09-04T16:00:57,SETTLED_OK,Settlement completed successfully
TXN10995,BNK_HDF_TXN10995,HDFC_BANK,6500.0,SETTLED,2026-09-04T16:12:16,2026-09-04T16:28:16,2026-09-04T16:25:16,SETTLED_OK,Settlement completed successfully
TXN10996,BNK_SBI_TXN10996,SBI,999.0,SETTLED,2026-09-04T14:38:04,2026-09-04T14:58:04,2026-09-04T14:53:04,SETTLED_OK,Settlement completed successfully
TXN10997,BNK_KOT_TXN10997,KOTAK_BANK,2499.0,SETTLED,2026-09-04T16:30:27,2026-09-04T16:47:27,2026-09-04T16:58:27,SLIGHT_DELAY,Minor settlement delay
TXN10998,BNK_HDF_TXN10998,HDFC_BANK,1200.0,SETTLED,2026-09-04T13:45:46,2026-09-04T14:00:46,2026-09-04T13:55:46,SETTLED_OK,Settlement completed successfully
TXN10999,BNK_HDF_TXN10999,HDFC_BANK,2499.0,SETTLED,2026-09-04T17:57:14,2026-09-04T18:11:14,2026-09-04T18:07:14,SETTLED_OK,Settlement completed successfully
TXN11000,BNK_SBI_TXN11000,SBI,12000.0,SETTLED,2026-09-04T13:36:48,2026-09-04T13:48:48,2026-09-04T13:46:48,SETTLED_OK,Settlement completed successfully
