transaction_id,gateway_reference,merchant_id,amount,currency,payment_method,gateway_status,initiated_at,captured_at,settlement_initiated_at,response_code,response_message
TXN10001,GW_RAZ_TXN10001,MERCH_122,4999.0,INR,CARD,CAPTURED,2026-09-04T15:24:38,2026-09-04T15:25:21,2026-09-04T15:25:57,SUCCESS,Transaction captured successfully
TXN10002,GW_RAZ_TXN10002,MERCH_118,4999.0,INR,CARD,CAPTURED,2026-09-04T13:27:10,2026-09-04T13:27:20,2026-09-04T13:27:56,SUCCESS,Transaction captured successfully
TXN10003,GW_PAY_TXN10003,MERCH_121,999.0,INR,CARD,CAPTURED,2026-09-04T11:23:48,2026-09-04T11:24:32,2026-09-04T11:25:25,SUCCESS,Transaction captured successfully
TXN10004,GW_RAZ_TXN10004,MERCH_112,499.0,INR,CARD,CAPTURED,2026-09-04T12:56:36,2026-09-04T12:56:51,2026-09-04T12:57:42,SUCCESS,Transaction captured successfully
TXN10005,GW_CAS_TXN10005,MERCH_116,3500.0,INR,NETBANKING,CAPTURED,2026-09-04T17:55:38,2026-09-04T17:56:01,2026-09-04T17:56:55,SUCCESS,Transaction captured successfully
TXN10006,GW_PAY_TXN10006,MERCH_117,250.0,INR,CARD,CAPTURED,2026-09-04T12:04:21,2026-09-04T12:05:06,2026-09-04T12:05:40,SUCCESS,Transaction captured successfully
TXN10007,GW_RAZ_TXN10007,MERCH_103,12000.0,INR,UPI,CAPTURED,2026-09-04T17:15:17,2026-09-04T17:15:58,2026-09-04T17:16:31,SUCCESS,Transaction captured successfully
TXN10008,GW_STR_TXN10008,MERCH_116,12000.0,INR,UPI,CAPTURED,2026-09-04T12:06:06,2026-09-04T12:06:43,2026-09-04T12:07:25,SUCCESS,Transaction captured successfully
TXN10009,GW_RAZ_TXN10009,MERCH_121,499.0,INR,NETBANKING,CAPTURED,2026-09-04T15:46:21,2026-09-04T15:46:46,2026-09-04T15:47:18,SUCCESS,Transaction captured successfully
TXN10010,GW_RAZ_TXN10010,MERCH_109,6500.0,INR,CARD,CAPTURED,2026-09-04T16:51:55,2026-09-04T16:52:11,2026-09-04T16:52:34,SUCCESS,Transaction captured successfully
TXN10011,GW_STR_TXN10011,MERCH_125,3500.0,INR,UPI,CAPTURED,2026-09-04T16:30:13,2026-09-04T16:30:26,2026-09-04T16:30:56,SUCCESS,Transaction captured successfully
TXN10012,GW_STR_TXN10012,MERCH_115,1200.0,INR,CARD,CAPTURED,2026-09-04T11:12:18,2026-09-04T11:12:31,2026-09-04T11:13:28,SUCCESS,Transaction captured successfully
TXN10013,GW_PAY_TXN10013,MERCH_119,999.0,INR,CARD,CAPTURED,2026-09-04T09:32:05,2026-09-04T09:32:19,2026-09-04T09:33:17,SUCCESS,Transaction captured successfully
TXN10014,GW_RAZ_TXN10014,MERCH_119,8900.0,INR,UPI,CAPTURED,2026-09-04T10:26:42,2026-09-04T10:27:25,2026-09-04T10:28:05,SUCCESS,Transaction captured successfully
TXN10015,GW_CAS_TXN10015,MERCH_109,499.0,INR,CARD,CAPTURED,2026-09-04T16:20:59,2026-09-04T16:21:09,2026-09-04T16:21:58,SUCCESS,Transaction captured successfully
TXN10016,GW_PAY_TXN10016,MERCH_107,1200.0,INR,NETBANKING,CAPTURED,2026-09-04T14:56:04,2026-09-04T14:56:37,2026-09-04T14:57:15,SUCCESS,Transaction captured successfully
TXN10017,GW_CAS_TXN10017,MERCH_121,1500.0,INR,NETBANKING,CAPTURED,2026-09-04T10:56:08,2026-09-04T10:56:25,2026-09-04T10:56:51,SUCCESS,Transaction captured successfully
TXN10018,GW_CAS_TXN10018,MERCH_123,250.0,INR,CARD,CAPTURED,2026-09-04T17:31:16,2026-09-04T17:31:31,2026-09-04T17:32:31,SUCCESS,Transaction captured successfully
TXN10019,GW_PAY_TXN10019,MERCH_105,3500.0,INR,NETBANKING,CAPTURED,2026-09-04T16:35:45,2026-09-04T16:36:30,2026-09-04T16:36:50,SUCCESS,Transaction captured successfully
TXN10020,GW_PAY_TXN10020,MERCH_102,1500.0,INR,CARD,CAPTURED,2026-09-04T15:08:02,2026-09-04T15:08:35,2026-09-04T15:08:57,SUCCESS,Transaction captured successfully
TXN10021,GW_PAY_TXN10021,MERCH_125,999.0,INR,NETBANKING,CAPTURED,2026-09-04T12:55:10,2026-09-04T12:55:46,2026-09-04T12:56:07,SUCCESS,Transaction captured successfully
TXN10022,GW_CAS_TXN10022,MERCH_122,499.0,INR,NETBANKING,CAPTURED,2026-09-04T11:50:44,2026-09-04T11:51:18,2026-09-04T11:51:40,SUCCESS,Transaction captured successfully
TXN10023,GW_RAZ_TXN10023,MERCH_110,1500.0,INR,UPI,CAPTURED,2026-09-04T12:25:21,2026-09-04T12:25:35,2026-09-04T12:26:12,SUCCESS,Transaction captured successfully
TXN10024,GW_PAY_TXN10024,MERCH_101,8900.0,INR,UPI,CAPTURED,2026-09-04T13:02:06,2026-09-04T13:02:43,2026-09-04T13:03:25,SUCCESS,Transaction captured successfully
TXN10025,GW_CAS_TXN10025,MERCH_113,250.0,INR,NETBANKING,CAPTURED,2026-09-04T09:45:27,2026-09-04T09:46:10,2026-09-04T09:47:04,SUCCESS,Transaction captured successfully
TXN10026,GW_CAS_TXN10026,MERCH_111,3500.0,INR,NETBANKING,CAPTURED,2026-09-04T17:19:42,2026-09-04T17:20:12,2026-09-04T17:20:57,SUCCESS,Transaction captured successfully
TXN10027,GW_CAS_TXN10027,MERCH_113,250.0,INR,NETBANKING,CAPTURED,2026-09-04T15:35:53,2026-09-04T15:36:22,2026-09-04T15:37:00,SUCCESS,Transaction captured successfully
TXN10028,GW_STR_TXN10028,MERCH_111,15000.0,INR,CARD,CAPTURED,2026-09-04T12:32:30,2026-09-04T12:32:50,2026-09-04T12:33:15,SUCCESS,Transaction captured successfully
TXN10029,GW_PAY_TXN10029,MERCH_103,250.0,INR,UPI,CAPTURED,2026-09-04T12:09:01,2026-09-04T12:09:26,2026-09-04T12:10:16,SUCCESS,Transaction captured successfully
TXN10030,GW_STR_TXN10030,MERCH_123,12000.0,INR,NETBANKING,CAPTURED,2026-09-04T15:15:09,2026-09-04T15:15:19,2026-09-04T15:15:45,SUCCESS,Transaction captured successfully
TXN10031,GW_RAZ_TXN10031,MERCH_102,4999.0,INR,NETBANKING,CAPTURED,2026-09-04T16:08:51,2026-09-04T16:09:34,2026-09-04T16:10:29,SUCCESS,Transaction captured successfully
TXN10032,GW_STR_TXN10032,MERCH_124,4999.0,INR,NETBANKING,CAPTURED,2026-09-04T11:47:55,2026-09-04T11:48:33,2026-09-04T11:49:09,SUCCESS,Transaction captured successfully
TXN10033,GW_STR_TXN10033,MERCH_121,1200.0,INR,UPI,CAPTURED,2026-09-04T10:45:18,2026-09-04T10:45:45,2026-09-04T10:46:26,SUCCESS,Transaction captured successfully
TXN10034,GW_PAY_TXN10034,MERCH_113,2499.0,INR,NETBANKING,CAPTURED,2026-09-04T10:26:26,2026-09-04T10:27:10,2026-09-04T10:27:59,SUCCESS,Transaction captured successfully
TXN10035,GW_STR_TXN10035,MERCH_125,1500.0,INR,NETBANKING,CAPTURED,2026-09-04T16:00:22,2026-09-04T16:00:56,2026-09-04T16:01:42,SUCCESS,Transaction captured successfully
TXN10036,GW_STR_TXN10036,MERCH_108,12000.0,INR,CARD,CAPTURED,2026-09-04T09:24:21,2026-09-04T09:24:56,2026-09-04T09:25:26,SUCCESS,Transaction captured successfully
TXN10037,GW_RAZ_TXN10037,MERCH_113,999.0,INR,NETBANKING,CAPTURED,2026-09-04T10:41:27,2026-09-04T10:42:06,2026-09-04T10:42:37,SUCCESS,Transaction captured successfully
TXN10038,GW_CAS_TXN10038,MERCH_111,499.0,INR,CARD,CAPTURED,2026-09-04T15:16:53,2026-09-04T15:17:33,2026-09-04T15:17:54,SUCCESS,Transaction captured successfully
TXN10039,GW_RAZ_TXN10039,MERCH_121,250.0,INR,UPI,CAPTURED,2026-09-04T12:12:53,2026-09-04T12:13:12,2026-09-04T12:13:47,SUCCESS,Transaction captured successfully
TXN10040,GW_CAS_TXN10040,MERCH_107,15000.0,INR,CARD,CAPTURED,2026-09-04T11:38:38,2026-09-04T11:38:55,2026-09-04T11:39:25,SUCCESS,Transaction captured successfully
TXN10041,GW_PAY_TXN10041,MERCH_122,12000.0,INR,CARD,CAPTURED,2026-09-04T10:37:44,2026-09-04T10:38:09,2026-09-04T10:38:35,SUCCESS,Transaction captured successfully
TXN10042,GW_STR_TXN10042,MERCH_119,12000.0,INR,UPI,CAPTURED,2026-09-04T14:04:32,2026-09-04T14:05:03,2026-09-04T14:05:23,SUCCESS,Transaction captured successfully
TXN10043,GW_STR_TXN10043,MERCH_115,12000.0,INR,NETBANKING,CAPTURED,2026-09-04T11:46:33,2026-09-04T11:47:00,2026-09-04T11:47:59,SUCCESS,Transaction captured successfully
TXN10044,GW_CAS_TXN10044,MERCH_111,4999.0,INR,UPI,CAPTURED,2026-09-04T16:15:48,2026-09-04T16:16:22,2026-09-04T16:17:03,SUCCESS,Transaction captured successfully
TXN10045,GW_CAS_TXN10045,MERCH_107,15000.0,INR,CARD,CAPTURED,2026-09-04T13:56:38,2026-09-04T13:57:05,2026-09-04T13:58:00,SUCCESS,Transaction captured successfully
TXN10046,GW_PAY_TXN10046,MERCH_124,4999.0,INR,CARD,CAPTURED,2026-09-04T16:41:45,2026-09-04T16:42:23,2026-09-04T16:42:44,SUCCESS,Transaction captured successfully
TXN10047,GW_STR_TXN10047,MERCH_122,3500.0,INR,NETBANKING,CAPTURED,2026-09-04T17:33:22,2026-09-04T17:34:07,2026-09-04T17:34:48,SUCCESS,Transaction captured successfully
TXN10048,GW_CAS_TXN10048,MERCH_104,15000.0,INR,NETBANKING,CAPTURED,2026-09-04T10:47:34,2026-09-04T10:47:55,2026-09-04T10:48:27,SUCCESS,Transaction captured successfully
TXN10049,GW_RAZ_TXN10049,MERCH_117,2499.0,INR,NETBANKING,CAPTURED,2026-09-04T12:18:14,2026-09-04T12:18:35,2026-09-04T12:19:14,SUCCESS,Transaction captured successfully
TXN10050,GW_STR_TXN10050,MERCH_118,8900.0,INR,CARD,CAPTURED,2026-09-04T10:55:00,2026-09-04T10:55:28,2026-09-04T10:56:18,SUCCESS,Transaction captured successfully
TXN10051,GW_STR_TXN10051,MERCH_116,12000.0,INR,UPI,CAPTURED,2026-09-04T16:04:36,2026-09-04T16:04:49,2026-09-04T16:05:18,SUCCESS,Transaction captured successfully
TXN10052,GW_PAY_TXN10052,MERCH_104,4999.0,INR,NETBANKING,CAPTURED,2026-09-04T17:24:28,2026-09-04T17:24:57,2026-09-04T17:25:54,SUCCESS,Transaction captured successfully
TXN10053,GW_PAY_TXN10053,MERCH_124,999.0,INR,UPI,CAPTURED,2026-09-04T13:42:05,2026-09-04T13:42:30,2026-09-04T13:43:01,SUCCESS,Transaction captured successfully
TXN10054,GW_CAS_TXN10054,MERCH_123,15000.0,INR,NETBANKING,CAPTURED,2026-09-04T09:14:18,2026-09-04T09:14:46,2026-09-04T09:15:35,SUCCESS,Transaction captured successfully
TXN10055,GW_STR_TXN10055,MERCH_121,12000.0,INR,NETBANKING,CAPTURED,2026-09-04T10:34:14,2026-09-04T10:34:33,2026-09-04T10:35:10,SUCCESS,Transaction captured successfully
TXN10056,GW_STR_TXN10056,MERCH_124,1500.0,INR,NETBANKING,CAPTURED,2026-09-04T10:29:44,2026-09-04T10:30:19,2026-09-04T10:30:56,SUCCESS,Transaction captured successfully
TXN10057,GW_CAS_TXN10057,MERCH_102,12000.0,INR,CARD,CAPTURED,2026-09-04T09:05:14,2026-09-04T09:05:25,2026-09-04T09:06:02,SUCCESS,Transaction captured successfully
TXN10058,GW_CAS_TXN10058,MERCH_117,12000.0,INR,NETBANKING,CAPTURED,2026-09-04T11:37:27,2026-09-04T11:38:08,2026-09-04T11:38:33,SUCCESS,Transaction captured successfully
TXN10059,GW_STR_TXN10059,MERCH_104,3500.0,INR,UPI,CAPTURED,2026-09-04T16:18:42,2026-09-04T16:19:27,2026-09-04T16:19:49,SUCCESS,Transaction captured successfully
TXN10060,GW_RAZ_TXN10060,MERCH_125,250.0,INR,CARD,CAPTURED,2026-09-04T17:29:26,2026-09-04T17:29:48,2026-09-04T17:30:41,SUCCESS,Transaction captured successfully
TXN10061,GW_PAY_TXN10061,MERCH_102,15000.0,INR,UPI,CAPTURED,2026-09-04T13:28:56,2026-09-04T13:29:37,2026-09-04T13:30:04,SUCCESS,Transaction captured successfully
TXN10062,GW_RAZ_TXN10062,MERCH_106,1200.0,INR,CARD,CAPTURED,2026-09-04T17:26:05,2026-09-04T17:26:22,2026-09-04T17:27:11,SUCCESS,Transaction captured successfully
TXN10063,GW_CAS_TXN10063,MERCH_123,4999.0,INR,CARD,CAPTURED,2026-09-04T15:53:30,2026-09-04T15:53:55,2026-09-04T15:54:44,SUCCESS,Transaction captured successfully
TXN10064,GW_CAS_TXN10064,MERCH_124,6500.0,INR,UPI,CAPTURED,2026-09-04T15:21:59,2026-09-04T15:22:26,2026-09-04T15:22:46,SUCCESS,Transaction captured successfully
TXN10065,GW_STR_TXN10065,MERCH_116,6500.0,INR,UPI,CAPTURED,2026-09-04T14:21:35,2026-09-04T14:22:09,2026-09-04T14:22:58,SUCCESS,Transaction captured successfully
TXN10066,GW_RAZ_TXN10066,MERCH_113,15000.0,INR,UPI,CAPTURED,2026-09-04T14:47:30,2026-09-04T14:48:04,2026-09-04T14:48:48,SUCCESS,Transaction captured successfully
TXN10067,GW_RAZ_TXN10067,MERCH_117,4999.0,INR,NETBANKING,CAPTURED,2026-09-04T16:06:33,2026-09-04T16:06:43,2026-09-04T16:07:12,SUCCESS,Transaction captured successfully
TXN10068,GW_STR_TXN10068,MERCH_109,12000.0,INR,CARD,CAPTURED,2026-09-04T10:54:21,2026-09-04T10:55:05,2026-09-04T10:55:49,SUCCESS,Transaction captured successfully
TXN10069,GW_RAZ_TXN10069,MERCH_118,1500.0,INR,UPI,CAPTURED,2026-09-04T12:40:43,2026-09-04T12:41:07,2026-09-04T12:41:32,SUCCESS,Transaction captured successfully
TXN10070,GW_RAZ_TXN10070,MERCH_106,250.0,INR,NETBANKING,CAPTURED,2026-09-04T09:20:50,2026-09-04T09:21:18,2026-09-04T09:22:00,SUCCESS,Transaction captured successfully
TXN10071,GW_PAY_TXN10071,MERCH_119,3500.0,INR,NETBANKING,CAPTURED,2026-09-04T11:05:39,2026-09-04T11:06:04,2026-09-04T11:06:55,SUCCESS,Transaction captured successfully
TXN10072,GW_STR_TXN10072,MERCH_109,999.0,INR,NETBANKING,CAPTURED,2026-09-04T13:43:34,2026-09-04T13:43:48,2026-09-04T13:44:36,SUCCESS,Transaction captured successfully
TXN10073,GW_PAY_TXN10073,MERCH_109,499.0,INR,CARD,CAPTURED,2026-09-04T15:54:30,2026-09-04T15:54:55,2026-09-04T15:55:39,SUCCESS,Transaction captured successfully
TXN10074,GW_RAZ_TXN10074,MERCH_122,15000.0,INR,CARD,CAPTURED,2026-09-04T09:58:38,2026-09-04T09:59:19,2026-09-04T09:59:57,SUCCESS,Transaction captured successfully
TXN10075,GW_PAY_TXN10075,MERCH_107,12000.0,INR,NETBANKING,CAPTURED,2026-09-04T10:57:40,2026-09-04T10:57:52,2026-09-04T10:58:31,SUCCESS,Transaction captured successfully
TXN10076,GW_PAY_TXN10076,MERCH_110,6500.0,INR,CARD,CAPTURED,2026-09-04T12:08:50,2026-09-04T12:09:23,2026-09-04T12:10:16,SUCCESS,Transaction captured successfully
TXN10077,GW_RAZ_TXN10077,MERCH_116,1200.0,INR,CARD,CAPTURED,2026-09-04T16:04:09,2026-09-04T16:04:44,2026-09-04T16:05:39,SUCCESS,Transaction captured successfully
TXN10078,GW_CAS_TXN10078,MERCH_118,12000.0,INR,UPI,CAPTURED,2026-09-04T13:37:24,2026-09-04T13:37:57,2026-09-04T13:38:23,SUCCESS,Transaction captured successfully
TXN10079,GW_STR_TXN10079,MERCH_120,499.0,INR,UPI,CAPTURED,2026-09-04T13:41:26,2026-09-04T13:41:44,2026-09-04T13:42:06,SUCCESS,Transaction captured successfully
TXN10080,GW_STR_TXN10080,MERCH_108,15000.0,INR,NETBANKING,CAPTURED,2026-09-04T16:23:42,2026-09-04T16:24:26,2026-09-04T16:25:12,SUCCESS,Transaction captured successfully
TXN10081,GW_CAS_TXN10081,MERCH_116,1200.0,INR,NETBANKING,CAPTURED,2026-09-04T09:44:23,2026-09-04T09:45:01,2026-09-04T09:45:49,SUCCESS,Transaction captured successfully
TXN10082,GW_RAZ_TXN10082,MERCH_121,12500.0,INR,CARD,CAPTURED,2026-09-04T14:08:16,2026-09-04T14:08:43,2026-09-04T14:09:15,SUCCESS,Transaction captured successfully
TXN10083,GW_RAZ_TXN10083,MERCH_122,1200.0,INR,UPI,CAPTURED,2026-09-04T09:50:21,2026-09-04T09:50:39,2026-09-04T09:51:35,SUCCESS,Transaction captured successfully
TXN10084,GW_RAZ_TXN10084,MERCH_119,10000.0,INR,UPI,CAPTURED,2026-09-04T14:31:48,2026-09-04T14:32:07,2026-09-04T14:33:05,SUCCESS,Transaction captured successfully
TXN10085,GW_RAZ_TXN10085,MERCH_105,7500.0,INR,UPI,CAPTURED,2026-09-04T15:13:45,2026-09-04T15:14:06,2026-09-04T15:14:33,SUCCESS,Transaction captured successfully
TXN10086,GW_RAZ_TXN10086,MERCH_112,10000.0,INR,UPI,CAPTURED,2026-09-04T15:20:23,2026-09-04T15:20:34,2026-09-04T15:21:05,SUCCESS,Transaction captured successfully
TXN10087,GW_RAZ_TXN10087,MERCH_101,5000.0,INR,UPI,CAPTURED,2026-09-04T14:32:00,2026-09-04T14:32:30,2026-09-04T14:33:00,SUCCESS,Transaction captured successfully
TXN10088,GW_RAZ_TXN10088,MERCH_124,18000.0,INR,UPI,CAPTURED,2026-09-04T15:05:01,2026-09-04T15:05:34,2026-09-04T15:06:26,SUCCESS,Transaction captured successfully
TXN10089,GW_RAZ_TXN10089,MERCH_117,1500.0,INR,UPI,CAPTURED,2026-09-04T15:23:58,2026-09-04T15:24:41,2026-09-04T15:25:20,SUCCESS,Transaction captured successfully
TXN10090,GW_RAZ_TXN10090,MERCH_116,2000.0,INR,CARD,CAPTURED,2026-09-04T14:58:12,2026-09-04T14:58:53,2026-09-04T14:59:41,SUCCESS,Transaction captured successfully
TXN10091,GW_RAZ_TXN10091,MERCH_120,3500.0,INR,UPI,CAPTURED,2026-09-04T14:08:58,2026-09-04T14:09:25,2026-09-04T14:10:24,SUCCESS,Transaction captured successfully
TXN10092,GW_RAZ_TXN10092,MERCH_120,18000.0,INR,NETBANKING,CAPTURED,2026-09-04T14:40:15,2026-09-04T14:40:57,2026-09-04T14:41:55,SUCCESS,Transaction captured successfully
TXN10093,GW_RAZ_TXN10093,MERCH_123,25000.0,INR,UPI,CAPTURED,2026-09-04T15:29:23,2026-09-04T15:29:46,2026-09-04T15:30:33,SUCCESS,Transaction captured successfully
TXN10094,GW_RAZ_TXN10094,MERCH_111,12500.0,INR,CARD,CAPTURED,2026-09-04T14:54:26,2026-09-04T14:54:42,2026-09-04T14:55:22,SUCCESS,Transaction captured successfully
TXN10095,GW_RAZ_TXN10095,MERCH_109,18000.0,INR,CARD,CAPTURED,2026-09-04T14:20:50,2026-09-04T14:21:04,2026-09-04T14:21:29,SUCCESS,Transaction captured successfully
TXN10096,GW_RAZ_TXN10096,MERCH_104,10000.0,INR,NETBANKING,CAPTURED,2026-09-04T15:40:52,2026-09-04T15:41:10,2026-09-04T15:42:05,SUCCESS,Transaction captured successfully
TXN10097,GW_RAZ_TXN10097,MERCH_104,12500.0,INR,CARD,CAPTURED,2026-09-04T14:48:16,2026-09-04T14:48:29,2026-09-04T14:49:07,SUCCESS,Transaction captured successfully
TXN10098,GW_RAZ_TXN10098,MERCH_104,5000.0,INR,NETBANKING,CAPTURED,2026-09-04T15:09:16,2026-09-04T15:09:35,2026-09-04T15:10:25,SUCCESS,Transaction captured successfully
TXN10099,GW_CAS_TXN10099,MERCH_118,6500.0,INR,CARD,CAPTURED,2026-09-04T12:51:27,2026-09-04T12:52:12,2026-09-04T12:52:33,SUCCESS,Transaction captured successfully
TXN10100,GW_CAS_TXN10100,MERCH_106,999.0,INR,CARD,CAPTURED,2026-09-04T14:00:11,2026-09-04T14:00:46,2026-09-04T14:01:10,SUCCESS,Transaction captured successfully
TXN10101,GW_STR_TXN10101,MERCH_117,2499.0,INR,UPI,CAPTURED,2026-09-04T16:21:10,2026-09-04T16:21:39,2026-09-04T16:22:19,SUCCESS,Transaction captured successfully
TXN10102,GW_RAZ_TXN10102,MERCH_106,2000.0,INR,NETBANKING,CAPTURED,2026-09-04T14:06:47,2026-09-04T14:07:14,2026-09-04T14:08:02,SUCCESS,Transaction captured successfully
TXN10103,GW_RAZ_TXN10103,MERCH_115,5000.0,INR,CARD,CAPTURED,2026-09-04T14:37:17,2026-09-04T14:37:59,2026-09-04T14:38:26,SUCCESS,Transaction captured successfully
TXN10104,GW_RAZ_TXN10104,MERCH_110,18000.0,INR,NETBANKING,CAPTURED,2026-09-04T15:32:38,2026-09-04T15:33:21,2026-09-04T15:34:00,SUCCESS,Transaction captured successfully
TXN10105,GW_RAZ_TXN10105,MERCH_120,5000.0,INR,UPI,CAPTURED,2026-09-04T14:01:02,2026-09-04T14:01:31,2026-09-04T14:02:04,SUCCESS,Transaction captured successfully
TXN10106,GW_RAZ_TXN10106,MERCH_111,18000.0,INR,UPI,CAPTURED,2026-09-04T14:01:03,2026-09-04T14:01:40,2026-09-04T14:02:11,SUCCESS,Transaction captured successfully
TXN10107,GW_RAZ_TXN10107,MERCH_123,25000.0,INR,UPI,CAPTURED,2026-09-04T15:08:18,2026-09-04T15:08:50,2026-09-04T15:09:14,SUCCESS,Transaction captured successfully
TXN10108,GW_RAZ_TXN10108,MERCH_101,10000.0,INR,CARD,CAPTURED,2026-09-04T14:10:37,2026-09-04T14:11:14,2026-09-04T14:12:10,SUCCESS,Transaction captured successfully
TXN10109,GW_RAZ_TXN10109,MERCH_104,10000.0,INR,CARD,CAPTURED,2026-09-04T14:02:50,2026-09-04T14:03:10,2026-09-04T14:04:09,SUCCESS,Transaction captured successfully
TXN10110,GW_RAZ_TXN10110,MERCH_114,12500.0,INR,UPI,CAPTURED,2026-09-04T14:33:13,2026-09-04T14:33:48,2026-09-04T14:34:41,SUCCESS,Transaction captured successfully
TXN10111,GW_RAZ_TXN10111,MERCH_110,5000.0,INR,NETBANKING,CAPTURED,2026-09-04T14:46:21,2026-09-04T14:46:52,2026-09-04T14:47:22,SUCCESS,Transaction captured successfully
TXN10112,GW_PAY_TXN10112,MERCH_104,12000.0,INR,NETBANKING,CAPTURED,2026-09-04T14:22:46,2026-09-04T14:23:05,2026-09-04T14:23:40,SUCCESS,Transaction captured successfully
TXN10113,GW_RAZ_TXN10113,MERCH_105,3500.0,INR,NETBANKING,CAPTURED,2026-09-04T14:10:17,2026-09-04T14:10:58,2026-09-04T14:11:47,SUCCESS,Transaction captured successfully
TXN10114,GW_RAZ_TXN10114,MERCH_119,10000.0,INR,NETBANKING,CAPTURED,2026-09-04T15:26:44,2026-09-04T15:27:14,2026-09-04T15:27:43,SUCCESS,Transaction captured successfully
TXN10115,GW_RAZ_TXN10115,MERCH_115,7500.0,INR,NETBANKING,CAPTURED,2026-09-04T14:41:20,2026-09-04T14:41:33,2026-09-04T14:42:15,SUCCESS,Transaction captured successfully
TXN10116,GW_RAZ_TXN10116,MERCH_115,1500.0,INR,CARD,CAPTURED,2026-09-04T14:05:08,2026-09-04T14:05:41,2026-09-04T14:06:19,SUCCESS,Transaction captured successfully
TXN10117,GW_RAZ_TXN10117,MERCH_120,18000.0,INR,NETBANKING,CAPTURED,2026-09-04T14:52:29,2026-09-04T14:53:14,2026-09-04T14:53:36,SUCCESS,Transaction captured successfully
TXN10118,GW_RAZ_TXN10118,MERCH_120,3500.0,INR,CARD,CAPTURED,2026-09-04T15:08:27,2026-09-04T15:08:40,2026-09-04T15:09:28,SUCCESS,Transaction captured successfully
TXN10119,GW_RAZ_TXN10119,MERCH_103,3500.0,INR,NETBANKING,CAPTURED,2026-09-04T15:28:13,2026-09-04T15:28:25,2026-09-04T15:29:00,SUCCESS,Transaction captured successfully
TXN10120,GW_CAS_TXN10120,MERCH_117,3500.0,INR,NETBANKING,CAPTURED,2026-09-04T14:58:18,2026-09-04T14:58:54,2026-09-04T14:59:35,SUCCESS,Transaction captured successfully
TXN10121,GW_RAZ_TXN10121,MERCH_111,12500.0,INR,UPI,CAPTURED,2026-09-04T15:16:10,2026-09-04T15:16:38,2026-09-04T15:17:14,SUCCESS,Transaction captured successfully
TXN10122,GW_RAZ_TXN10122,MERCH_103,3500.0,INR,NETBANKING,CAPTURED,2026-09-04T15:30:36,2026-09-04T15:31:08,2026-09-04T15:31:47,SUCCESS,Transaction captured successfully
TXN10123,GW_RAZ_TXN10123,MERCH_120,7500.0,INR,NETBANKING,CAPTURED,2026-09-04T14:11:34,2026-09-04T14:12:19,2026-09-04T14:13:03,SUCCESS,Transaction captured successfully
TXN10124,GW_RAZ_TXN10124,MERCH_105,25000.0,INR,NETBANKING,CAPTURED,2026-09-04T15:35:57,2026-09-04T15:36:12,2026-09-04T15:36:59,SUCCESS,Transaction captured successfully
TXN10125,GW_PAY_TXN10125,MERCH_112,1200.0,INR,CARD,CAPTURED,2026-09-04T14:49:31,2026-09-04T14:49:55,2026-09-04T14:50:23,SUCCESS,Transaction captured successfully
TXN10126,GW_RAZ_TXN10126,MERCH_125,25000.0,INR,NETBANKING,CAPTURED,2026-09-04T15:40:50,2026-09-04T15:41:02,2026-09-04T15:41:43,SUCCESS,Transaction captured successfully
TXN10127,GW_RAZ_TXN10127,MERCH_113,3500.0,INR,UPI,CAPTURED,2026-09-04T14:22:09,2026-09-04T14:22:29,2026-09-04T14:23:17,SUCCESS,Transaction captured successfully
TXN10128,GW_RAZ_TXN10128,MERCH_122,18000.0,INR,NETBANKING,CAPTURED,2026-09-04T14:32:25,2026-09-04T14:32:53,2026-09-04T14:33:41,SUCCESS,Transaction captured successfully
TXN10129,GW_RAZ_TXN10129,MERCH_116,18000.0,INR,UPI,CAPTURED,2026-09-04T14:50:13,2026-09-04T14:50:52,2026-09-04T14:51:30,SUCCESS,Transaction captured successfully
TXN10130,GW_RAZ_TXN10130,MERCH_114,3500.0,INR,UPI,CAPTURED,2026-09-04T14:27:15,2026-09-04T14:27:41,2026-09-04T14:28:04,SUCCESS,Transaction captured successfully
TXN10131,GW_RAZ_TXN10131,MERCH_112,999.0,INR,NETBANKING,CAPTURED,2026-09-04T13:05:48,2026-09-04T13:06:15,2026-09-04T13:07:03,SUCCESS,Transaction captured successfully
TXN10132,GW_RAZ_TXN10132,MERCH_108,1500.0,INR,CARD,CAPTURED,2026-09-04T14:47:43,2026-09-04T14:48:19,2026-09-04T14:48:42,SUCCESS,Transaction captured successfully
TXN10133,GW_RAZ_TXN10133,MERCH_108,10000.0,INR,CARD,CAPTURED,2026-09-04T14:11:08,2026-09-04T14:11:32,2026-09-04T14:11:53,SUCCESS,Transaction captured successfully
TXN10134,GW_RAZ_TXN10134,MERCH_123,3500.0,INR,NETBANKING,CAPTURED,2026-09-04T14:45:46,2026-09-04T14:46:04,2026-09-04T14:46:26,SUCCESS,Transaction captured successfully
TXN10135,GW_RAZ_TXN10135,MERCH_105,18000.0,INR,NETBANKING,CAPTURED,2026-09-04T15:04:02,2026-09-04T15:04:12,2026-09-04T15:04:37,SUCCESS,Transaction captured successfully
TXN10136,GW_RAZ_TXN10136,MERCH_105,25000.0,INR,NETBANKING,CAPTURED,2026-09-04T15:39:17,2026-09-04T15:39:54,2026-09-04T15:40:21,SUCCESS,Transaction captured successfully
TXN10137,GW_RAZ_TXN10137,MERCH_104,12500.0,INR,UPI,CAPTURED,2026-09-04T14:32:33,2026-09-04T14:33:12,2026-09-04T14:33:36,SUCCESS,Transaction captured successfully
TXN10138,GW_RAZ_TXN10138,MERCH_118,25000.0,INR,UPI,CAPTURED,2026-09-04T15:26:16,2026-09-04T15:26:41,2026-09-04T15:27:10,SUCCESS,Transaction captured successfully
TXN10139,GW_RAZ_TXN10139,MERCH_120,12500.0,INR,CARD,CAPTURED,2026-09-04T14:32:50,2026-09-04T14:33:11,2026-09-04T14:33:36,SUCCESS,Transaction captured successfully
TXN10140,GW_RAZ_TXN10140,MERCH_117,25000.0,INR,NETBANKING,CAPTURED,2026-09-04T15:09:16,2026-09-04T15:10:01,2026-09-04T15:10:22,SUCCESS,Transaction captured successfully
TXN10141,GW_RAZ_TXN10141,MERCH_121,7500.0,INR,CARD,CAPTURED,2026-09-04T14:50:58,2026-09-04T14:51:09,2026-09-04T14:51:51,SUCCESS,Transaction captured successfully
TXN10142,GW_CAS_TXN10142,MERCH_124,5000.0,INR,NETBANKING,CAPTURED,2026-09-04T11:02:22,2026-09-04T11:02:42,2026-09-04T11:03:12,SUCCESS,Transaction captured successfully
TXN10143,GW_RAZ_TXN10143,MERCH_111,18000.0,INR,NETBANKING,CAPTURED,2026-09-04T14:23:54,2026-09-04T14:24:34,2026-09-04T14:25:34,SUCCESS,Transaction captured successfully
TXN10144,GW_RAZ_TXN10144,MERCH_123,7500.0,INR,CARD,CAPTURED,2026-09-04T14:05:02,2026-09-04T14:05:24,2026-09-04T14:05:46,SUCCESS,Transaction captured successfully
TXN10145,GW_RAZ_TXN10145,MERCH_110,25000.0,INR,NETBANKING,CAPTURED,2026-09-04T14:54:22,2026-09-04T14:55:02,2026-09-04T14:55:38,SUCCESS,Transaction captured successfully
TXN10146,GW_RAZ_TXN10146,MERCH_112,10000.0,INR,UPI,CAPTURED,2026-09-04T15:29:31,2026-09-04T15:29:58,2026-09-04T15:30:25,SUCCESS,Transaction captured successfully
TXN10147,GW_RAZ_TXN10147,MERCH_113,12500.0,INR,NETBANKING,CAPTURED,2026-09-04T15:00:02,2026-09-04T15:00:33,2026-09-04T15:01:04,SUCCESS,Transaction captured successfully
TXN10148,GW_STR_TXN10148,MERCH_117,999.0,INR,CARD,CAPTURED,2026-09-04T10:27:38,2026-09-04T10:28:22,2026-09-04T10:29:00,SUCCESS,Transaction captured successfully
TXN10149,GW_PAY_TXN10149,MERCH_115,250.0,INR,NETBANKING,CAPTURED,2026-09-04T16:22:28,2026-09-04T16:23:00,2026-09-04T16:23:59,SUCCESS,Transaction captured successfully
TXN10150,GW_RAZ_TXN10150,MERCH_122,10000.0,INR,NETBANKING,CAPTURED,2026-09-04T14:55:27,2026-09-04T14:56:09,2026-09-04T14:56:39,SUCCESS,Transaction captured successfully
TXN10151,GW_RAZ_TXN10151,MERCH_120,18000.0,INR,NETBANKING,CAPTURED,2026-09-04T15:46:40,2026-09-04T15:46:52,2026-09-04T15:47:20,SUCCESS,Transaction captured successfully
TXN10152,GW_RAZ_TXN10152,MERCH_121,12500.0,INR,CARD,CAPTURED,2026-09-04T14:49:26,2026-09-04T14:49:38,2026-09-04T14:50:36,SUCCESS,Transaction captured successfully
TXN10153,GW_RAZ_TXN10153,MERCH_112,2000.0,INR,CARD,CAPTURED,2026-09-04T15:00:36,2026-09-04T15:00:54,2026-09-04T15:01:47,SUCCESS,Transaction captured successfully
TXN10154,GW_RAZ_TXN10154,MERCH_121,2000.0,INR,CARD,CAPTURED,2026-09-04T14:34:04,2026-09-04T14:34:15,2026-09-04T14:34:46,SUCCESS,Transaction captured successfully
TXN10155,GW_CAS_TXN10155,MERCH_118,1500.0,INR,UPI,CAPTURED,2026-09-04T16:13:39,2026-09-04T16:14:20,2026-09-04T16:14:52,SUCCESS,Transaction captured successfully
TXN10156,GW_RAZ_TXN10156,MERCH_123,10000.0,INR,CARD,CAPTURED,2026-09-04T14:11:59,2026-09-04T14:12:31,2026-09-04T14:12:55,SUCCESS,Transaction captured successfully
TXN10157,GW_RAZ_TXN10157,MERCH_110,3500.0,INR,UPI,CAPTURED,2026-09-04T15:37:11,2026-09-04T15:37:44,2026-09-04T15:38:36,SUCCESS,Transaction captured successfully
TXN10158,GW_RAZ_TXN10158,MERCH_105,2499.0,INR,UPI,CAPTURED,2026-09-04T14:35:36,2026-09-04T14:36:15,2026-09-04T14:37:10,SUCCESS,Transaction captured successfully
TXN10159,GW_RAZ_TXN10159,MERCH_113,18000.0,INR,NETBANKING,CAPTURED,2026-09-04T15:38:08,2026-09-04T15:38:51,2026-09-04T15:39:37,SUCCESS,Transaction captured successfully
TXN10160,GW_RAZ_TXN10160,MERCH_111,18000.0,INR,NETBANKING,CAPTURED,2026-09-04T14:10:07,2026-09-04T14:10:46,2026-09-04T14:11:39,SUCCESS,Transaction captured successfully
TXN10161,GW_RAZ_TXN10161,MERCH_125,3500.0,INR,NETBANKING,CAPTURED,2026-09-04T15:27:21,2026-09-04T15:27:39,2026-09-04T15:28:26,SUCCESS,Transaction captured successfully
TXN10162,GW_RAZ_TXN10162,MERCH_104,7500.0,INR,NETBANKING,CAPTURED,2026-09-04T14:20:53,2026-09-04T14:21:13,2026-09-04T14:21:43,SUCCESS,Transaction captured successfully
TXN10163,GW_RAZ_TXN10163,MERCH_117,7500.0,INR,CARD,CAPTURED,2026-09-04T14:10:46,2026-09-04T14:11:08,2026-09-04T14:12:08,SUCCESS,Transaction captured successfully
TXN10164,GW_RAZ_TXN10164,MERCH_121,25000.0,INR,CARD,CAPTURED,2026-09-04T15:23:53,2026-09-04T15:24:08,2026-09-04T15:25:00,SUCCESS,Transaction captured successfully
TXN10165,GW_RAZ_TXN10165,MERCH_119,10000.0,INR,UPI,CAPTURED,2026-09-04T14:23:22,2026-09-04T14:23:34,2026-09-04T14:23:55,SUCCESS,Transaction captured successfully
TXN10166,GW_RAZ_TXN10166,MERCH_121,5000.0,INR,NETBANKING,CAPTURED,2026-09-04T14:36:08,2026-09-04T14:36:44,2026-09-04T14:37:43,SUCCESS,Transaction captured successfully
TXN10167,GW_RAZ_TXN10167,MERCH_121,7500.0,INR,NETBANKING,CAPTURED,2026-09-04T14:39:32,2026-09-04T14:40:12,2026-09-04T14:40:47,SUCCESS,Transaction captured successfully
TXN10168,GW_RAZ_TXN10168,MERCH_103,3500.0,INR,NETBANKING,CAPTURED,2026-09-04T14:08:10,2026-09-04T14:08:48,2026-09-04T14:09:34,SUCCESS,Transaction captured successfully
TXN10169,GW_RAZ_TXN10169,MERCH_111,10000.0,INR,NETBANKING,CAPTURED,2026-09-04T14:19:36,2026-09-04T14:20:06,2026-09-04T14:20:48,SUCCESS,Transaction captured successfully
TXN10170,GW_RAZ_TXN10170,MERCH_112,2000.0,INR,NETBANKING,CAPTURED,2026-09-04T15:16:41,2026-09-04T15:17:11,2026-09-04T15:17:46,SUCCESS,Transaction captured successfully
TXN10171,GW_RAZ_TXN10171,MERCH_115,8900.0,INR,UPI,CAPTURED,2026-09-04T09:18:24,2026-09-04T09:19:00,2026-09-04T09:19:35,SUCCESS,Transaction captured successfully
TXN10172,GW_RAZ_TXN10172,MERCH_125,25000.0,INR,UPI,CAPTURED,2026-09-04T15:08:01,2026-09-04T15:08:40,2026-09-04T15:09:31,SUCCESS,Transaction captured successfully
TXN10173,GW_RAZ_TXN10173,MERCH_103,18000.0,INR,CARD,CAPTURED,2026-09-04T15:09:00,2026-09-04T15:09:25,2026-09-04T15:09:58,SUCCESS,Transaction captured successfully
TXN10174,GW_RAZ_TXN10174,MERCH_102,18000.0,INR,CARD,CAPTURED,2026-09-04T15:07:34,2026-09-04T15:08:02,2026-09-04T15:08:56,SUCCESS,Transaction captured successfully
TXN10175,GW_RAZ_TXN10175,MERCH_105,10000.0,INR,CARD,CAPTURED,2026-09-04T15:39:19,2026-09-04T15:39:54,2026-09-04T15:40:37,SUCCESS,Transaction captured successfully
TXN10176,GW_RAZ_TXN10176,MERCH_119,10000.0,INR,NETBANKING,CAPTURED,2026-09-04T14:26:34,2026-09-04T14:27:19,2026-09-04T14:27:57,SUCCESS,Transaction captured successfully
TXN10177,GW_RAZ_TXN10177,MERCH_115,2000.0,INR,NETBANKING,CAPTURED,2026-09-04T14:38:11,2026-09-04T14:38:29,2026-09-04T14:38:55,SUCCESS,Transaction captured successfully
TXN10178,GW_PAY_TXN10178,MERCH_111,3500.0,INR,NETBANKING,CAPTURED,2026-09-04T12:38:32,2026-09-04T12:39:14,2026-09-04T12:39:36,SUCCESS,Transaction captured successfully
TXN10179,GW_RAZ_TXN10179,MERCH_116,3500.0,INR,NETBANKING,CAPTURED,2026-09-04T15:02:23,2026-09-04T15:03:05,2026-09-04T15:03:33,SUCCESS,Transaction captured successfully
TXN10180,GW_RAZ_TXN10180,MERCH_113,7500.0,INR,NETBANKING,CAPTURED,2026-09-04T15:40:56,2026-09-04T15:41:27,2026-09-04T15:42:19,SUCCESS,Transaction captured successfully
TXN10181,GW_RAZ_TXN10181,MERCH_119,499.0,INR,CARD,CAPTURED,2026-09-04T14:21:43,2026-09-04T14:22:19,2026-09-04T14:23:16,SUCCESS,Transaction captured successfully
TXN10182,GW_RAZ_TXN10182,MERCH_121,5000.0,INR,NETBANKING,CAPTURED,2026-09-04T15:18:51,2026-09-04T15:19:04,2026-09-04T15:20:01,SUCCESS,Transaction captured successfully
TXN10183,GW_RAZ_TXN10183,MERCH_121,12500.0,INR,NETBANKING,CAPTURED,2026-09-04T15:24:36,2026-09-04T15:24:55,2026-09-04T15:25:30,SUCCESS,Transaction captured successfully
TXN10184,GW_RAZ_TXN10184,MERCH_101,12500.0,INR,CARD,CAPTURED,2026-09-04T14:42:49,2026-09-04T14:43:08,2026-09-04T14:43:54,SUCCESS,Transaction captured successfully
TXN10185,GW_RAZ_TXN10185,MERCH_125,6500.0,INR,NETBANKING,CAPTURED,2026-09-04T11:33:13,2026-09-04T11:33:43,2026-09-04T11:34:33,SUCCESS,Transaction captured successfully
TXN10186,GW_RAZ_TXN10186,MERCH_118,10000.0,INR,CARD,CAPTURED,2026-09-04T15:14:35,2026-09-04T15:15:01,2026-09-04T15:16:00,SUCCESS,Transaction captured successfully
TXN10187,GW_RAZ_TXN10187,MERCH_109,5000.0,INR,NETBANKING,CAPTURED,2026-09-04T14:40:45,2026-09-04T14:41:14,2026-09-04T14:41:52,SUCCESS,Transaction captured successfully
TXN10188,GW_CAS_TXN10188,MERCH_116,12000.0,INR,CARD,CAPTURED,2026-09-04T13:07:36,2026-09-04T13:08:20,2026-09-04T13:09:04,SUCCESS,Transaction captured successfully
TXN10189,GW_RAZ_TXN10189,MERCH_102,2000.0,INR,CARD,CAPTURED,2026-09-04T15:37:30,2026-09-04T15:38:02,2026-09-04T15:38:50,SUCCESS,Transaction captured successfully
TXN10190,GW_RAZ_TXN10190,MERCH_116,25000.0,INR,UPI,CAPTURED,2026-09-04T14:27:35,2026-09-04T14:28:02,2026-09-04T14:28:57,SUCCESS,Transaction captured successfully
TXN10191,GW_RAZ_TXN10191,MERCH_120,5000.0,INR,NETBANKING,CAPTURED,2026-09-04T15:20:07,2026-09-04T15:20:32,2026-09-04T15:20:55,SUCCESS,Transaction captured successfully
TXN10192,GW_RAZ_TXN10192,MERCH_108,12500.0,INR,UPI,CAPTURED,2026-09-04T14:13:40,2026-09-04T14:14:11,2026-09-04T14:15:01,SUCCESS,Transaction captured successfully
TXN10193,GW_RAZ_TXN10193,MERCH_118,18000.0,INR,UPI,CAPTURED,2026-09-04T14:55:33,2026-09-04T14:56:13,2026-09-04T14:56:45,SUCCESS,Transaction captured successfully
TXN10194,GW_RAZ_TXN10194,MERCH_121,2000.0,INR,UPI,CAPTURED,2026-09-04T15:44:57,2026-09-04T15:45:21,2026-09-04T15:46:15,SUCCESS,Transaction captured successfully
TXN10195,GW_RAZ_TXN10195,MERCH_106,18000.0,INR,UPI,CAPTURED,2026-09-04T14:54:12,2026-09-04T14:54:33,2026-09-04T14:55:11,SUCCESS,Transaction captured successfully
TXN10196,GW_RAZ_TXN10196,MERCH_119,10000.0,INR,NETBANKING,CAPTURED,2026-09-04T14:14:39,2026-09-04T14:15:07,2026-09-04T14:15:56,SUCCESS,Transaction captured successfully
TXN10197,GW_RAZ_TXN10197,MERCH_105,7500.0,INR,NETBANKING,CAPTURED,2026-09-04T15:03:54,2026-09-04T15:04:16,2026-09-04T15:04:43,SUCCESS,Transaction captured successfully
TXN10198,GW_PAY_TXN10198,MERCH_115,1500.0,INR,NETBANKING,CAPTURED,2026-09-04T09:47:21,2026-09-04T09:47:43,2026-09-04T09:48:14,SUCCESS,Transaction captured successfully
TXN10199,GW_RAZ_TXN10199,MERCH_111,2000.0,INR,UPI,CAPTURED,2026-09-04T14:54:43,2026-09-04T14:55:04,2026-09-04T14:55:32,SUCCESS,Transaction captured successfully
TXN10200,GW_RAZ_TXN10200,MERCH_108,12500.0,INR,UPI,CAPTURED,2026-09-04T14:35:36,2026-09-04T14:36:01,2026-09-04T14:36:49,SUCCESS,Transaction captured successfully
TXN10201,GW_RAZ_TXN10201,MERCH_119,1500.0,INR,NETBANKING,CAPTURED,2026-09-04T15:18:13,2026-09-04T15:18:39,2026-09-04T15:19:22,SUCCESS,Transaction captured successfully
TXN10202,GW_RAZ_TXN10202,MERCH_104,3500.0,INR,CARD,CAPTURED,2026-09-04T14:41:53,2026-09-04T14:42:28,2026-09-04T14:43:20,SUCCESS,Transaction captured successfully
TXN10203,GW_PAY_TXN10203,MERCH_110,999.0,INR,CARD,CAPTURED,2026-09-04T12:08:30,2026-09-04T12:09:09,2026-09-04T12:10:07,SUCCESS,Transaction captured successfully
TXN10204,GW_RAZ_TXN10204,MERCH_118,5000.0,INR,NETBANKING,CAPTURED,2026-09-04T14:29:49,2026-09-04T14:30:04,2026-09-04T14:30:57,SUCCESS,Transaction captured successfully
TXN10205,GW_RAZ_TXN10205,MERCH_119,25000.0,INR,UPI,CAPTURED,2026-09-04T14:08:25,2026-09-04T14:09:07,2026-09-04T14:09:39,SUCCESS,Transaction captured successfully
TXN10206,GW_RAZ_TXN10206,MERCH_111,2000.0,INR,NETBANKING,CAPTURED,2026-09-04T15:00:19,2026-09-04T15:00:42,2026-09-04T15:01:39,SUCCESS,Transaction captured successfully
TXN10207,GW_RAZ_TXN10207,MERCH_117,18000.0,INR,CARD,CAPTURED,2026-09-04T14:07:35,2026-09-04T14:07:53,2026-09-04T14:08:45,SUCCESS,Transaction captured successfully
TXN10208,GW_CAS_TXN10208,MERCH_102,250.0,INR,NETBANKING,CAPTURED,2026-09-04T09:25:16,2026-09-04T09:25:39,2026-09-04T09:26:36,SUCCESS,Transaction captured successfully
TXN10209,GW_RAZ_TXN10209,MERCH_102,1500.0,INR,UPI,CAPTURED,2026-09-04T15:04:27,2026-09-04T15:04:55,2026-09-04T15:05:41,SUCCESS,Transaction captured successfully
TXN10210,GW_RAZ_TXN10210,MERCH_121,12500.0,INR,NETBANKING,CAPTURED,2026-09-04T15:28:11,2026-09-04T15:28:44,2026-09-04T15:29:28,SUCCESS,Transaction captured successfully
TXN10211,GW_PAY_TXN10211,MERCH_103,3200.0,INR,UPI,CAPTURED,2026-09-04T14:07:11,2026-09-04T14:07:36,2026-09-04T14:08:11,SUCCESS,Transaction captured successfully
TXN10212,GW_PAY_TXN10212,MERCH_113,1500.0,INR,NETBANKING,CAPTURED,2026-09-04T09:48:01,2026-09-04T09:48:40,2026-09-04T09:49:34,SUCCESS,Transaction captured successfully
TXN10213,GW_RAZ_TXN10213,MERCH_115,7500.0,INR,CARD,CAPTURED,2026-09-04T14:21:10,2026-09-04T14:21:32,2026-09-04T14:21:59,SUCCESS,Transaction captured successfully
TXN10214,GW_RAZ_TXN10214,MERCH_125,5000.0,INR,UPI,CAPTURED,2026-09-04T14:32:51,2026-09-04T14:33:05,2026-09-04T14:33:31,SUCCESS,Transaction captured successfully
TXN10215,GW_RAZ_TXN10215,MERCH_120,1500.0,INR,NETBANKING,CAPTURED,2026-09-04T15:36:01,2026-09-04T15:36:26,2026-09-04T15:36:48,SUCCESS,Transaction captured successfully
TXN10216,GW_RAZ_TXN10216,MERCH_118,1500.0,INR,UPI,CAPTURED,2026-09-04T15:42:59,2026-09-04T15:43:17,2026-09-04T15:44:09,SUCCESS,Transaction captured successfully
TXN10217,GW_RAZ_TXN10217,MERCH_124,10000.0,INR,NETBANKING,CAPTURED,2026-09-04T14:43:32,2026-09-04T14:43:57,2026-09-04T14:44:36,SUCCESS,Transaction captured successfully
TXN10218,GW_PAY_TXN10218,MERCH_110,250.0,INR,CARD,CAPTURED,2026-09-04T15:35:31,2026-09-04T15:36:03,2026-09-04T15:36:47,SUCCESS,Transaction captured successfully
TXN10219,GW_RAZ_TXN10219,MERCH_110,25000.0,INR,CARD,CAPTURED,2026-09-04T14:25:06,2026-09-04T14:25:46,2026-09-04T14:26:21,SUCCESS,Transaction captured successfully
TXN10220,GW_RAZ_TXN10220,MERCH_123,18000.0,INR,UPI,CAPTURED,2026-09-04T15:50:00,2026-09-04T15:50:13,2026-09-04T15:51:08,SUCCESS,Transaction captured successfully
TXN10221,GW_RAZ_TXN10221,MERCH_117,5000.0,INR,UPI,CAPTURED,2026-09-04T14:53:01,2026-09-04T14:53:27,2026-09-04T14:54:00,SUCCESS,Transaction captured successfully
TXN10222,GW_RAZ_TXN10222,MERCH_115,25000.0,INR,CARD,CAPTURED,2026-09-04T14:12:37,2026-09-04T14:12:59,2026-09-04T14:13:22,SUCCESS,Transaction captured successfully
TXN10223,GW_RAZ_TXN10223,MERCH_120,2000.0,INR,NETBANKING,CAPTURED,2026-09-04T14:05:23,2026-09-04T14:05:45,2026-09-04T14:06:42,SUCCESS,Transaction captured successfully
TXN10224,GW_RAZ_TXN10224,MERCH_107,15000.0,INR,CARD,CAPTURED,2026-09-04T12:59:12,2026-09-04T12:59:29,2026-09-04T13:00:19,SUCCESS,Transaction captured successfully
TXN10225,GW_CAS_TXN10225,MERCH_108,12000.0,INR,NETBANKING,CAPTURED,2026-09-04T15:29:34,2026-09-04T15:30:06,2026-09-04T15:30:45,SUCCESS,Transaction captured successfully
TXN10226,GW_RAZ_TXN10226,MERCH_104,10000.0,INR,NETBANKING,CAPTURED,2026-09-04T15:04:06,2026-09-04T15:04:29,2026-09-04T15:05:12,SUCCESS,Transaction captured successfully
TXN10227,GW_RAZ_TXN10227,MERCH_119,3500.0,INR,UPI,CAPTURED,2026-09-04T15:41:12,2026-09-04T15:41:23,2026-09-04T15:41:59,SUCCESS,Transaction captured successfully
TXN10228,GW_RAZ_TXN10228,MERCH_105,5000.0,INR,UPI,CAPTURED,2026-09-04T14:45:02,2026-09-04T14:45:36,2026-09-04T14:46:32,SUCCESS,Transaction captured successfully
TXN10229,GW_RAZ_TXN10229,MERCH_121,7500.0,INR,NETBANKING,CAPTURED,2026-09-04T14:46:05,2026-09-04T14:46:46,2026-09-04T14:47:37,SUCCESS,Transaction captured successfully
TXN10230,GW_RAZ_TXN10230,MERCH_112,25000.0,INR,UPI,CAPTURED,2026-09-04T14:19:06,2026-09-04T14:19:47,2026-09-04T14:20:18,SUCCESS,Transaction captured successfully
TXN10231,GW_RAZ_TXN10231,MERCH_102,1500.0,INR,UPI,CAPTURED,2026-09-04T15:31:14,2026-09-04T15:31:24,2026-09-04T15:32:10,SUCCESS,Transaction captured successfully
TXN10232,GW_PAY_TXN10232,MERCH_123,250.0,INR,UPI,CAPTURED,2026-09-04T17:29:23,2026-09-04T17:30:03,2026-09-04T17:30:54,SUCCESS,Transaction captured successfully
TXN10233,GW_CAS_TXN10233,MERCH_101,15000.0,INR,NETBANKING,CAPTURED,2026-09-04T09:32:52,2026-09-04T09:33:29,2026-09-04T09:34:00,SUCCESS,Transaction captured successfully
TXN10234,GW_RAZ_TXN10234,MERCH_120,10000.0,INR,NETBANKING,CAPTURED,2026-09-04T14:34:27,2026-09-04T14:34:54,2026-09-04T14:35:39,SUCCESS,Transaction captured successfully
TXN10235,GW_RAZ_TXN10235,MERCH_115,5000.0,INR,NETBANKING,CAPTURED,2026-09-04T14:33:12,2026-09-04T14:33:41,2026-09-04T14:34:06,SUCCESS,Transaction captured successfully
TXN10236,GW_STR_TXN10236,MERCH_113,15000.0,INR,CARD,CAPTURED,2026-09-04T09:40:00,2026-09-04T09:40:20,2026-09-04T09:40:45,SUCCESS,Transaction captured successfully
TXN10237,GW_RAZ_TXN10237,MERCH_104,5000.0,INR,NETBANKING,CAPTURED,2026-09-04T14:05:48,2026-09-04T14:06:11,2026-09-04T14:07:07,SUCCESS,Transaction captured successfully
TXN10238,GW_RAZ_TXN10238,MERCH_103,25000.0,INR,NETBANKING,CAPTURED,2026-09-04T14:38:16,2026-09-04T14:38:28,2026-09-04T14:38:59,SUCCESS,Transaction captured successfully
TXN10239,GW_RAZ_TXN10239,MERCH_119,12500.0,INR,UPI,CAPTURED,2026-09-04T15:42:42,2026-09-04T15:42:56,2026-09-04T15:43:35,SUCCESS,Transaction captured successfully
TXN10240,GW_RAZ_TXN10240,MERCH_113,10000.0,INR,NETBANKING,CAPTURED,2026-09-04T15:13:48,2026-09-04T15:14:22,2026-09-04T15:14:50,SUCCESS,Transaction captured successfully
TXN10241,GW_STR_TXN10241,MERCH_112,2499.0,INR,UPI,CAPTURED,2026-09-04T12:53:04,2026-09-04T12:53:39,2026-09-04T12:54:19,SUCCESS,Transaction captured successfully
TXN10242,GW_STR_TXN10242,MERCH_108,8900.0,INR,CARD,CAPTURED,2026-09-04T15:11:43,2026-09-04T15:12:17,2026-09-04T15:12:42,SUCCESS,Transaction captured successfully
TXN10243,GW_PAY_TXN10243,MERCH_109,499.0,INR,UPI,CAPTURED,2026-09-04T15:20:23,2026-09-04T15:20:38,2026-09-04T15:20:58,SUCCESS,Transaction captured successfully
TXN10244,GW_STR_TXN10244,MERCH_105,6500.0,INR,UPI,CAPTURED,2026-09-04T16:35:35,2026-09-04T16:36:11,2026-09-04T16:36:37,SUCCESS,Transaction captured successfully
TXN10245,GW_RAZ_TXN10245,MERCH_120,499.0,INR,CARD,CAPTURED,2026-09-04T13:26:24,2026-09-04T13:27:09,2026-09-04T13:27:44,SUCCESS,Transaction captured successfully
TXN10246,GW_CAS_TXN10246,MERCH_105,999.0,INR,CARD,CAPTURED,2026-09-04T16:09:04,2026-09-04T16:09:41,2026-09-04T16:10:18,SUCCESS,Transaction captured successfully
TXN10247,GW_PAY_TXN10247,MERCH_109,1500.0,INR,UPI,CAPTURED,2026-09-04T16:06:08,2026-09-04T16:06:18,2026-09-04T16:07:03,SUCCESS,Transaction captured successfully
TXN10248,GW_PAY_TXN10248,MERCH_111,15000.0,INR,CARD,CAPTURED,2026-09-04T13:20:38,2026-09-04T13:21:00,2026-09-04T13:21:50,SUCCESS,Transaction captured successfully
TXN10249,GW_PAY_TXN10249,MERCH_124,3500.0,INR,NETBANKING,CAPTURED,2026-09-04T14:24:17,2026-09-04T14:24:50,2026-09-04T14:25:17,SUCCESS,Transaction captured successfully
TXN10250,GW_STR_TXN10250,MERCH_122,1500.0,INR,NETBANKING,CAPTURED,2026-09-04T12:28:51,2026-09-04T12:29:05,2026-09-04T12:29:51,SUCCESS,Transaction captured successfully
TXN10251,GW_STR_TXN10251,MERCH_122,4999.0,INR,UPI,CAPTURED,2026-09-04T10:28:38,2026-09-04T10:29:13,2026-09-04T10:30:07,SUCCESS,Transaction captured successfully
TXN10252,GW_RAZ_TXN10252,MERCH_118,2499.0,INR,NETBANKING,CAPTURED,2026-09-04T12:42:42,2026-09-04T12:43:02,2026-09-04T12:44:01,SUCCESS,Transaction captured successfully
TXN10253,GW_RAZ_TXN10253,MERCH_111,6500.0,INR,CARD,CAPTURED,2026-09-04T10:16:14,2026-09-04T10:16:57,2026-09-04T10:17:52,SUCCESS,Transaction captured successfully
TXN10254,GW_PAY_TXN10254,MERCH_115,499.0,INR,NETBANKING,CAPTURED,2026-09-04T14:01:30,2026-09-04T14:01:58,2026-09-04T14:02:44,SUCCESS,Transaction captured successfully
TXN10255,GW_PAY_TXN10255,MERCH_110,4999.0,INR,CARD,CAPTURED,2026-09-04T17:30:22,2026-09-04T17:30:38,2026-09-04T17:31:26,SUCCESS,Transaction captured successfully
TXN10256,GW_CAS_TXN10256,MERCH_123,999.0,INR,UPI,CAPTURED,2026-09-04T10:43:51,2026-09-04T10:44:16,2026-09-04T10:45:09,SUCCESS,Transaction captured successfully
TXN10257,GW_PAY_TXN10257,MERCH_115,3500.0,INR,UPI,CAPTURED,2026-09-04T11:40:42,2026-09-04T11:41:17,2026-09-04T11:41:38,SUCCESS,Transaction captured successfully
TXN10258,GW_PAY_TXN10258,MERCH_101,499.0,INR,NETBANKING,CAPTURED,2026-09-04T13:48:45,2026-09-04T13:49:01,2026-09-04T13:49:55,SUCCESS,Transaction captured successfully
TXN10259,GW_CAS_TXN10259,MERCH_109,8900.0,INR,NETBANKING,CAPTURED,2026-09-04T15:39:25,2026-09-04T15:39:42,2026-09-04T15:40:24,SUCCESS,Transaction captured successfully
TXN10260,GW_PAY_TXN10260,MERCH_120,1500.0,INR,NETBANKING,CAPTURED,2026-09-04T14:07:15,2026-09-04T14:07:32,2026-09-04T14:08:03,SUCCESS,Transaction captured successfully
TXN10261,GW_STR_TXN10261,MERCH_105,6500.0,INR,NETBANKING,CAPTURED,2026-09-04T11:31:40,2026-09-04T11:32:01,2026-09-04T11:32:56,SUCCESS,Transaction captured successfully
TXN10262,GW_CAS_TXN10262,MERCH_115,1200.0,INR,NETBANKING,CAPTURED,2026-09-04T09:31:08,2026-09-04T09:31:42,2026-09-04T09:32:37,SUCCESS,Transaction captured successfully
TXN10263,GW_PAY_TXN10263,MERCH_123,1200.0,INR,CARD,CAPTURED,2026-09-04T10:36:01,2026-09-04T10:36:29,2026-09-04T10:36:51,SUCCESS,Transaction captured successfully
TXN10264,GW_RAZ_TXN10264,MERCH_115,6500.0,INR,NETBANKING,CAPTURED,2026-09-04T10:17:49,2026-09-04T10:18:22,2026-09-04T10:19:16,SUCCESS,Transaction captured successfully
TXN10265,GW_CAS_TXN10265,MERCH_124,2499.0,INR,NETBANKING,CAPTURED,2026-09-04T09:28:16,2026-09-04T09:28:31,2026-09-04T09:29:19,SUCCESS,Transaction captured successfully
TXN10266,GW_STR_TXN10266,MERCH_112,1200.0,INR,NETBANKING,CAPTURED,2026-09-04T11:39:08,2026-09-04T11:39:31,2026-09-04T11:39:54,SUCCESS,Transaction captured successfully
TXN10267,GW_CAS_TXN10267,MERCH_106,12000.0,INR,CARD,CAPTURED,2026-09-04T13:54:32,2026-09-04T13:54:48,2026-09-04T13:55:16,SUCCESS,Transaction captured successfully
TXN10268,GW_CAS_TXN10268,MERCH_105,12000.0,INR,UPI,CAPTURED,2026-09-04T12:48:53,2026-09-04T12:49:28,2026-09-04T12:50:19,SUCCESS,Transaction captured successfully
TXN10269,GW_STR_TXN10269,MERCH_115,15000.0,INR,UPI,CAPTURED,2026-09-04T17:47:17,2026-09-04T17:47:50,2026-09-04T17:48:39,SUCCESS,Transaction captured successfully
TXN10270,GW_RAZ_TXN10270,MERCH_115,3500.0,INR,NETBANKING,CAPTURED,2026-09-04T17:25:13,2026-09-04T17:25:36,2026-09-04T17:26:27,SUCCESS,Transaction captured successfully
TXN10271,GW_STR_TXN10271,MERCH_119,250.0,INR,UPI,CAPTURED,2026-09-04T14:57:43,2026-09-04T14:57:55,2026-09-04T14:58:21,SUCCESS,Transaction captured successfully
TXN10272,GW_PAY_TXN10272,MERCH_115,1500.0,INR,UPI,CAPTURED,2026-09-04T11:56:41,2026-09-04T11:57:01,2026-09-04T11:57:38,SUCCESS,Transaction captured successfully
TXN10273,GW_RAZ_TXN10273,MERCH_122,15000.0,INR,NETBANKING,CAPTURED,2026-09-04T15:40:19,2026-09-04T15:40:43,2026-09-04T15:41:30,SUCCESS,Transaction captured successfully
TXN10274,GW_PAY_TXN10274,MERCH_116,250.0,INR,UPI,CAPTURED,2026-09-04T17:43:28,2026-09-04T17:43:38,2026-09-04T17:44:19,SUCCESS,Transaction captured successfully
TXN10275,GW_RAZ_TXN10275,MERCH_108,1500.0,INR,CARD,CAPTURED,2026-09-04T10:20:23,2026-09-04T10:20:41,2026-09-04T10:21:25,SUCCESS,Transaction captured successfully
TXN10276,GW_PAY_TXN10276,MERCH_117,1200.0,INR,NETBANKING,CAPTURED,2026-09-04T16:22:46,2026-09-04T16:23:05,2026-09-04T16:23:51,SUCCESS,Transaction captured successfully
TXN10277,GW_STR_TXN10277,MERCH_104,999.0,INR,UPI,CAPTURED,2026-09-04T14:27:20,2026-09-04T14:27:45,2026-09-04T14:28:22,SUCCESS,Transaction captured successfully
TXN10278,GW_RAZ_TXN10278,MERCH_124,8900.0,INR,NETBANKING,CAPTURED,2026-09-04T13:13:33,2026-09-04T13:14:15,2026-09-04T13:14:47,SUCCESS,Transaction captured successfully
TXN10279,GW_STR_TXN10279,MERCH_113,250.0,INR,UPI,CAPTURED,2026-09-04T10:33:56,2026-09-04T10:34:29,2026-09-04T10:35:09,SUCCESS,Transaction captured successfully
TXN10280,GW_STR_TXN10280,MERCH_112,499.0,INR,NETBANKING,CAPTURED,2026-09-04T10:01:37,2026-09-04T10:01:47,2026-09-04T10:02:23,SUCCESS,Transaction captured successfully
TXN10281,GW_STR_TXN10281,MERCH_110,499.0,INR,NETBANKING,CAPTURED,2026-09-04T15:44:25,2026-09-04T15:45:09,2026-09-04T15:46:03,SUCCESS,Transaction captured successfully
TXN10282,GW_CAS_TXN10282,MERCH_117,12000.0,INR,UPI,CAPTURED,2026-09-04T15:37:40,2026-09-04T15:37:54,2026-09-04T15:38:33,SUCCESS,Transaction captured successfully
TXN10283,GW_RAZ_TXN10283,MERCH_114,12000.0,INR,UPI,CAPTURED,2026-09-04T13:42:47,2026-09-04T13:43:08,2026-09-04T13:43:35,SUCCESS,Transaction captured successfully
TXN10284,GW_CAS_TXN10284,MERCH_112,15000.0,INR,NETBANKING,CAPTURED,2026-09-04T11:23:08,2026-09-04T11:23:35,2026-09-04T11:24:02,SUCCESS,Transaction captured successfully
TXN10285,GW_RAZ_TXN10285,MERCH_103,2499.0,INR,CARD,CAPTURED,2026-09-04T16:29:32,2026-09-04T16:29:45,2026-09-04T16:30:36,SUCCESS,Transaction captured successfully
TXN10286,GW_PAY_TXN10286,MERCH_104,250.0,INR,NETBANKING,CAPTURED,2026-09-04T17:00:02,2026-09-04T17:00:27,2026-09-04T17:00:49,SUCCESS,Transaction captured successfully
TXN10287,GW_PAY_TXN10287,MERCH_102,15000.0,INR,NETBANKING,CAPTURED,2026-09-04T14:15:26,2026-09-04T14:15:56,2026-09-04T14:16:33,SUCCESS,Transaction captured successfully
TXN10288,GW_RAZ_TXN10288,MERCH_102,4999.0,INR,UPI,CAPTURED,2026-09-04T15:04:56,2026-09-04T15:05:24,2026-09-04T15:06:03,SUCCESS,Transaction captured successfully
TXN10289,GW_CAS_TXN10289,MERCH_107,8900.0,INR,CARD,CAPTURED,2026-09-04T12:29:23,2026-09-04T12:30:04,2026-09-04T12:30:36,SUCCESS,Transaction captured successfully
TXN10290,GW_RAZ_TXN10290,MERCH_108,12000.0,INR,NETBANKING,CAPTURED,2026-09-04T14:00:48,2026-09-04T14:01:22,2026-09-04T14:02:01,SUCCESS,Transaction captured successfully
TXN10291,GW_CAS_TXN10291,MERCH_116,1200.0,INR,UPI,CAPTURED,2026-09-04T10:02:58,2026-09-04T10:03:41,2026-09-04T10:04:27,SUCCESS,Transaction captured successfully
TXN10292,GW_STR_TXN10292,MERCH_104,250.0,INR,NETBANKING,CAPTURED,2026-09-04T10:37:36,2026-09-04T10:38:13,2026-09-04T10:38:41,SUCCESS,Transaction captured successfully
TXN10293,GW_CAS_TXN10293,MERCH_113,499.0,INR,NETBANKING,CAPTURED,2026-09-04T16:17:14,2026-09-04T16:17:36,2026-09-04T16:18:04,SUCCESS,Transaction captured successfully
TXN10294,GW_RAZ_TXN10294,MERCH_115,1200.0,INR,CARD,CAPTURED,2026-09-04T17:22:49,2026-09-04T17:23:27,2026-09-04T17:24:06,SUCCESS,Transaction captured successfully
TXN10295,GW_RAZ_TXN10295,MERCH_122,2499.0,INR,CARD,CAPTURED,2026-09-04T12:53:54,2026-09-04T12:54:13,2026-09-04T12:54:38,SUCCESS,Transaction captured successfully
TXN10296,GW_RAZ_TXN10296,MERCH_110,6500.0,INR,CARD,CAPTURED,2026-09-04T15:54:28,2026-09-04T15:55:13,2026-09-04T15:55:48,SUCCESS,Transaction captured successfully
TXN10297,GW_PAY_TXN10297,MERCH_101,2499.0,INR,UPI,CAPTURED,2026-09-04T12:52:25,2026-09-04T12:52:40,2026-09-04T12:53:37,SUCCESS,Transaction captured successfully
TXN10298,GW_PAY_TXN10298,MERCH_103,2499.0,INR,UPI,CAPTURED,2026-09-04T10:57:54,2026-09-04T10:58:11,2026-09-04T10:58:33,SUCCESS,Transaction captured successfully
TXN10299,GW_RAZ_TXN10299,MERCH_124,999.0,INR,CARD,CAPTURED,2026-09-04T15:43:27,2026-09-04T15:43:59,2026-09-04T15:44:32,SUCCESS,Transaction captured successfully
TXN10300,GW_PAY_TXN10300,MERCH_120,6500.0,INR,NETBANKING,CAPTURED,2026-09-04T13:31:26,2026-09-04T13:32:06,2026-09-04T13:32:29,SUCCESS,Transaction captured successfully
TXN10301,GW_RAZ_TXN10301,MERCH_121,2499.0,INR,NETBANKING,CAPTURED,2026-09-04T15:50:45,2026-09-04T15:51:25,2026-09-04T15:52:19,SUCCESS,Transaction captured successfully
TXN10302,GW_RAZ_TXN10302,MERCH_113,250.0,INR,CARD,CAPTURED,2026-09-04T14:38:14,2026-09-04T14:38:41,2026-09-04T14:39:04,SUCCESS,Transaction captured successfully
TXN10303,GW_PAY_TXN10303,MERCH_106,15000.0,INR,UPI,CAPTURED,2026-09-04T13:34:52,2026-09-04T13:35:05,2026-09-04T13:35:39,SUCCESS,Transaction captured successfully
TXN10304,GW_CAS_TXN10304,MERCH_108,7500.0,INR,CARD,CAPTURED,2026-09-04T09:45:44,2026-09-04T09:45:59,2026-09-04T09:46:29,SUCCESS,Transaction captured successfully
TXN10305,GW_PAY_TXN10305,MERCH_119,999.0,INR,NETBANKING,CAPTURED,2026-09-04T16:34:19,2026-09-04T16:35:00,2026-09-04T16:35:22,SUCCESS,Transaction captured successfully
TXN10306,GW_CAS_TXN10306,MERCH_117,2499.0,INR,CARD,CAPTURED,2026-09-04T12:51:08,2026-09-04T12:51:29,2026-09-04T12:52:09,SUCCESS,Transaction captured successfully
TXN10307,GW_RAZ_TXN10307,MERCH_104,3500.0,INR,NETBANKING,CAPTURED,2026-09-04T14:45:42,2026-09-04T14:45:58,2026-09-04T14:46:39,SUCCESS,Transaction captured successfully
TXN10308,GW_CAS_TXN10308,MERCH_114,15000.0,INR,NETBANKING,CAPTURED,2026-09-04T11:45:35,2026-09-04T11:46:07,2026-09-04T11:46:41,SUCCESS,Transaction captured successfully
TXN10309,GW_STR_TXN10309,MERCH_106,2499.0,INR,NETBANKING,CAPTURED,2026-09-04T09:11:38,2026-09-04T09:12:02,2026-09-04T09:13:02,SUCCESS,Transaction captured successfully
TXN10310,GW_CAS_TXN10310,MERCH_124,499.0,INR,UPI,CAPTURED,2026-09-04T14:10:40,2026-09-04T14:11:11,2026-09-04T14:11:59,SUCCESS,Transaction captured successfully
TXN10311,GW_RAZ_TXN10311,MERCH_109,3500.0,INR,UPI,CAPTURED,2026-09-04T15:28:46,2026-09-04T15:29:06,2026-09-04T15:29:52,SUCCESS,Transaction captured successfully
TXN10312,GW_PAY_TXN10312,MERCH_116,250.0,INR,NETBANKING,CAPTURED,2026-09-04T16:04:51,2026-09-04T16:05:19,2026-09-04T16:05:40,SUCCESS,Transaction captured successfully
TXN10313,GW_RAZ_TXN10313,MERCH_106,2499.0,INR,CARD,CAPTURED,2026-09-04T17:57:05,2026-09-04T17:57:45,2026-09-04T17:58:06,SUCCESS,Transaction captured successfully
TXN10314,GW_PAY_TXN10314,MERCH_102,6500.0,INR,UPI,CAPTURED,2026-09-04T12:26:44,2026-09-04T12:27:28,2026-09-04T12:28:04,SUCCESS,Transaction captured successfully
TXN10315,GW_PAY_TXN10315,MERCH_119,3500.0,INR,NETBANKING,CAPTURED,2026-09-04T09:23:00,2026-09-04T09:23:15,2026-09-04T09:23:53,SUCCESS,Transaction captured successfully
TXN10316,GW_RAZ_TXN10316,MERCH_107,1500.0,INR,UPI,CAPTURED,2026-09-04T16:54:07,2026-09-04T16:54:42,2026-09-04T16:55:32,SUCCESS,Transaction captured successfully
TXN10317,GW_CAS_TXN10317,MERCH_106,1500.0,INR,CARD,CAPTURED,2026-09-04T11:28:02,2026-09-04T11:28:40,2026-09-04T11:29:29,SUCCESS,Transaction captured successfully
TXN10318,GW_RAZ_TXN10318,MERCH_105,3500.0,INR,NETBANKING,CAPTURED,2026-09-04T14:51:34,2026-09-04T14:51:58,2026-09-04T14:52:53,SUCCESS,Transaction captured successfully
TXN10319,GW_PAY_TXN10319,MERCH_122,3500.0,INR,CARD,CAPTURED,2026-09-04T16:19:05,2026-09-04T16:19:17,2026-09-04T16:20:09,SUCCESS,Transaction captured successfully
TXN10320,GW_PAY_TXN10320,MERCH_104,999.0,INR,CARD,CAPTURED,2026-09-04T12:51:12,2026-09-04T12:51:24,2026-09-04T12:52:11,SUCCESS,Transaction captured successfully
TXN10321,GW_RAZ_TXN10321,MERCH_120,3500.0,INR,CARD,CAPTURED,2026-09-04T10:24:35,2026-09-04T10:25:20,2026-09-04T10:26:00,SUCCESS,Transaction captured successfully
TXN10322,GW_STR_TXN10322,MERCH_123,999.0,INR,NETBANKING,CAPTURED,2026-09-04T10:26:09,2026-09-04T10:26:25,2026-09-04T10:26:51,SUCCESS,Transaction captured successfully
TXN10323,GW_STR_TXN10323,MERCH_112,4999.0,INR,CARD,CAPTURED,2026-09-04T16:36:38,2026-09-04T16:36:50,2026-09-04T16:37:21,SUCCESS,Transaction captured successfully
TXN10324,GW_STR_TXN10324,MERCH_123,250.0,INR,CARD,CAPTURED,2026-09-04T14:44:15,2026-09-04T14:44:55,2026-09-04T14:45:32,SUCCESS,Transaction captured successfully
TXN10325,GW_PAY_TXN10325,MERCH_109,4999.0,INR,CARD,CAPTURED,2026-09-04T11:19:47,2026-09-04T11:20:17,2026-09-04T11:20:54,SUCCESS,Transaction captured successfully
TXN10326,GW_CAS_TXN10326,MERCH_107,999.0,INR,CARD,CAPTURED,2026-09-04T09:32:50,2026-09-04T09:33:04,2026-09-04T09:33:43,SUCCESS,Transaction captured successfully
TXN10327,GW_PAY_TXN10327,MERCH_119,1200.0,INR,UPI,CAPTURED,2026-09-04T12:53:03,2026-09-04T12:53:15,2026-09-04T12:54:04,SUCCESS,Transaction captured successfully
TXN10328,GW_RAZ_TXN10328,MERCH_115,4999.0,INR,NETBANKING,CAPTURED,2026-09-04T09:15:23,2026-09-04T09:16:01,2026-09-04T09:16:32,SUCCESS,Transaction captured successfully
TXN10329,GW_CAS_TXN10329,MERCH_109,999.0,INR,NETBANKING,CAPTURED,2026-09-04T09:24:03,2026-09-04T09:24:26,2026-09-04T09:25:00,SUCCESS,Transaction captured successfully
TXN10330,GW_RAZ_TXN10330,MERCH_114,12000.0,INR,NETBANKING,CAPTURED,2026-09-04T16:58:08,2026-09-04T16:58:29,2026-09-04T16:59:27,SUCCESS,Transaction captured successfully
TXN10331,GW_STR_TXN10331,MERCH_123,4999.0,INR,NETBANKING,CAPTURED,2026-09-04T15:54:22,2026-09-04T15:54:48,2026-09-04T15:55:21,SUCCESS,Transaction captured successfully
TXN10332,GW_CAS_TXN10332,MERCH_119,8900.0,INR,UPI,CAPTURED,2026-09-04T17:41:38,2026-09-04T17:42:06,2026-09-04T17:42:45,SUCCESS,Transaction captured successfully
TXN10333,GW_CAS_TXN10333,MERCH_111,1200.0,INR,CARD,CAPTURED,2026-09-04T12:09:33,2026-09-04T12:09:46,2026-09-04T12:10:44,SUCCESS,Transaction captured successfully
TXN10334,GW_CAS_TXN10334,MERCH_101,3500.0,INR,NETBANKING,CAPTURED,2026-09-04T13:58:26,2026-09-04T13:59:00,2026-09-04T13:59:22,SUCCESS,Transaction captured successfully
TXN10335,GW_STR_TXN10335,MERCH_123,999.0,INR,UPI,CAPTURED,2026-09-04T14:32:19,2026-09-04T14:33:04,2026-09-04T14:33:35,SUCCESS,Transaction captured successfully
TXN10336,GW_RAZ_TXN10336,MERCH_118,15000.0,INR,UPI,CAPTURED,2026-09-04T12:22:14,2026-09-04T12:22:43,2026-09-04T12:23:29,SUCCESS,Transaction captured successfully
TXN10337,GW_RAZ_TXN10337,MERCH_104,6500.0,INR,CARD,CAPTURED,2026-09-04T16:56:12,2026-09-04T16:56:29,2026-09-04T16:57:13,SUCCESS,Transaction captured successfully
TXN10338,GW_STR_TXN10338,MERCH_107,15000.0,INR,CARD,CAPTURED,2026-09-04T11:20:55,2026-09-04T11:21:16,2026-09-04T11:21:41,SUCCESS,Transaction captured successfully
TXN10339,GW_STR_TXN10339,MERCH_121,999.0,INR,UPI,CAPTURED,2026-09-04T13:13:48,2026-09-04T13:14:08,2026-09-04T13:14:59,SUCCESS,Transaction captured successfully
TXN10340,GW_RAZ_TXN10340,MERCH_114,15000.0,INR,CARD,CAPTURED,2026-09-04T09:34:12,2026-09-04T09:34:45,2026-09-04T09:35:05,SUCCESS,Transaction captured successfully
TXN10341,GW_CAS_TXN10341,MERCH_124,3500.0,INR,UPI,CAPTURED,2026-09-04T13:08:06,2026-09-04T13:08:48,2026-09-04T13:09:45,SUCCESS,Transaction captured successfully
TXN10342,GW_CAS_TXN10342,MERCH_110,999.0,INR,CARD,CAPTURED,2026-09-04T15:56:43,2026-09-04T15:57:14,2026-09-04T15:58:05,SUCCESS,Transaction captured successfully
TXN10343,GW_PAY_TXN10343,MERCH_108,999.0,INR,UPI,CAPTURED,2026-09-04T09:37:32,2026-09-04T09:37:49,2026-09-04T09:38:32,SUCCESS,Transaction captured successfully
TXN10344,GW_RAZ_TXN10344,MERCH_118,250.0,INR,NETBANKING,CAPTURED,2026-09-04T10:41:53,2026-09-04T10:42:06,2026-09-04T10:42:33,SUCCESS,Transaction captured successfully
TXN10345,GW_PAY_TXN10345,MERCH_116,12000.0,INR,NETBANKING,CAPTURED,2026-09-04T09:19:26,2026-09-04T09:19:42,2026-09-04T09:20:35,SUCCESS,Transaction captured successfully
TXN10346,GW_RAZ_TXN10346,MERCH_104,499.0,INR,NETBANKING,CAPTURED,2026-09-04T13:07:50,2026-09-04T13:08:31,2026-09-04T13:09:03,SUCCESS,Transaction captured successfully
TXN10347,GW_CAS_TXN10347,MERCH_112,4999.0,INR,NETBANKING,CAPTURED,2026-09-04T11:02:35,2026-09-04T11:02:58,2026-09-04T11:03:48,SUCCESS,Transaction captured successfully
TXN10348,GW_PAY_TXN10348,MERCH_104,499.0,INR,NETBANKING,CAPTURED,2026-09-04T10:49:32,2026-09-04T10:49:48,2026-09-04T10:50:24,SUCCESS,Transaction captured successfully
TXN10349,GW_PAY_TXN10349,MERCH_115,2499.0,INR,UPI,CAPTURED,2026-09-04T09:54:18,2026-09-04T09:54:48,2026-09-04T09:55:35,SUCCESS,Transaction captured successfully
TXN10350,GW_CAS_TXN10350,MERCH_105,8900.0,INR,NETBANKING,CAPTURED,2026-09-04T14:57:28,2026-09-04T14:57:55,2026-09-04T14:58:20,SUCCESS,Transaction captured successfully
TXN10351,GW_STR_TXN10351,MERCH_115,999.0,INR,CARD,CAPTURED,2026-09-04T15:41:56,2026-09-04T15:42:13,2026-09-04T15:42:41,SUCCESS,Transaction captured successfully
TXN10352,GW_PAY_TXN10352,MERCH_119,8900.0,INR,NETBANKING,CAPTURED,2026-09-04T15:49:22,2026-09-04T15:49:33,2026-09-04T15:50:01,SUCCESS,Transaction captured successfully
TXN10353,GW_CAS_TXN10353,MERCH_102,12000.0,INR,UPI,CAPTURED,2026-09-04T09:45:55,2026-09-04T09:46:38,2026-09-04T09:47:34,SUCCESS,Transaction captured successfully
TXN10354,GW_RAZ_TXN10354,MERCH_117,1200.0,INR,NETBANKING,CAPTURED,2026-09-04T15:42:46,2026-09-04T15:43:26,2026-09-04T15:44:08,SUCCESS,Transaction captured successfully
TXN10355,GW_PAY_TXN10355,MERCH_120,4999.0,INR,UPI,CAPTURED,2026-09-04T17:54:30,2026-09-04T17:54:50,2026-09-04T17:55:14,SUCCESS,Transaction captured successfully
TXN10356,GW_STR_TXN10356,MERCH_117,499.0,INR,UPI,CAPTURED,2026-09-04T15:52:15,2026-09-04T15:52:54,2026-09-04T15:53:42,SUCCESS,Transaction captured successfully
TXN10357,GW_RAZ_TXN10357,MERCH_111,250.0,INR,UPI,CAPTURED,2026-09-04T10:25:26,2026-09-04T10:26:11,2026-09-04T10:27:06,SUCCESS,Transaction captured successfully
TXN10358,GW_PAY_TXN10358,MERCH_110,250.0,INR,NETBANKING,CAPTURED,2026-09-04T16:21:23,2026-09-04T16:21:47,2026-09-04T16:22:36,SUCCESS,Transaction captured successfully
TXN10359,GW_STR_TXN10359,MERCH_123,12000.0,INR,NETBANKING,CAPTURED,2026-09-04T10:06:48,2026-09-04T10:07:12,2026-09-04T10:07:32,SUCCESS,Transaction captured successfully
TXN10360,GW_RAZ_TXN10360,MERCH_117,15000.0,INR,CARD,CAPTURED,2026-09-04T11:31:08,2026-09-04T11:31:44,2026-09-04T11:32:10,SUCCESS,Transaction captured successfully
TXN10361,GW_PAY_TXN10361,MERCH_113,3500.0,INR,UPI,CAPTURED,2026-09-04T14:06:48,2026-09-04T14:07:00,2026-09-04T14:08:00,SUCCESS,Transaction captured successfully
TXN10362,GW_PAY_TXN10362,MERCH_122,15000.0,INR,NETBANKING,CAPTURED,2026-09-04T16:00:33,2026-09-04T16:00:46,2026-09-04T16:01:41,SUCCESS,Transaction captured successfully
TXN10363,GW_PAY_TXN10363,MERCH_106,12000.0,INR,NETBANKING,CAPTURED,2026-09-04T11:06:24,2026-09-04T11:06:54,2026-09-04T11:07:46,SUCCESS,Transaction captured successfully
TXN10364,GW_STR_TXN10364,MERCH_113,8900.0,INR,CARD,CAPTURED,2026-09-04T11:08:26,2026-09-04T11:09:08,2026-09-04T11:09:47,SUCCESS,Transaction captured successfully
TXN10365,GW_CAS_TXN10365,MERCH_107,999.0,INR,UPI,CAPTURED,2026-09-04T14:58:43,2026-09-04T14:59:04,2026-09-04T14:59:56,SUCCESS,Transaction captured successfully
TXN10366,GW_STR_TXN10366,MERCH_112,3500.0,INR,NETBANKING,CAPTURED,2026-09-04T17:18:56,2026-09-04T17:19:06,2026-09-04T17:19:59,SUCCESS,Transaction captured successfully
TXN10367,GW_PAY_TXN10367,MERCH_102,999.0,INR,UPI,CAPTURED,2026-09-04T13:43:16,2026-09-04T13:43:29,2026-09-04T13:44:07,SUCCESS,Transaction captured successfully
TXN10368,GW_PAY_TXN10368,MERCH_120,6500.0,INR,NETBANKING,CAPTURED,2026-09-04T17:24:15,2026-09-04T17:24:43,2026-09-04T17:25:06,SUCCESS,Transaction captured successfully
TXN10369,GW_PAY_TXN10369,MERCH_102,12000.0,INR,UPI,CAPTURED,2026-09-04T16:53:14,2026-09-04T16:53:47,2026-09-04T16:54:44,SUCCESS,Transaction captured successfully
TXN10370,GW_PAY_TXN10370,MERCH_115,499.0,INR,UPI,CAPTURED,2026-09-04T11:47:32,2026-09-04T11:48:06,2026-09-04T11:48:28,SUCCESS,Transaction captured successfully
TXN10371,GW_CAS_TXN10371,MERCH_119,999.0,INR,CARD,CAPTURED,2026-09-04T16:45:59,2026-09-04T16:46:11,2026-09-04T16:46:40,SUCCESS,Transaction captured successfully
TXN10372,GW_CAS_TXN10372,MERCH_122,2499.0,INR,CARD,CAPTURED,2026-09-04T10:50:45,2026-09-04T10:51:28,2026-09-04T10:52:02,SUCCESS,Transaction captured successfully
TXN10373,GW_STR_TXN10373,MERCH_114,1200.0,INR,NETBANKING,CAPTURED,2026-09-04T10:22:14,2026-09-04T10:22:45,2026-09-04T10:23:26,SUCCESS,Transaction captured successfully
TXN10374,GW_RAZ_TXN10374,MERCH_116,12000.0,INR,NETBANKING,CAPTURED,2026-09-04T14:28:15,2026-09-04T14:28:40,2026-09-04T14:29:02,SUCCESS,Transaction captured successfully
TXN10375,GW_RAZ_TXN10375,MERCH_109,2499.0,INR,NETBANKING,CAPTURED,2026-09-04T17:52:49,2026-09-04T17:53:31,2026-09-04T17:54:23,SUCCESS,Transaction captured successfully
TXN10376,GW_PAY_TXN10376,MERCH_117,12000.0,INR,UPI,CAPTURED,2026-09-04T17:34:00,2026-09-04T17:34:14,2026-09-04T17:34:47,SUCCESS,Transaction captured successfully
TXN10377,GW_STR_TXN10377,MERCH_104,999.0,INR,UPI,CAPTURED,2026-09-04T10:47:43,2026-09-04T10:47:54,2026-09-04T10:48:43,SUCCESS,Transaction captured successfully
TXN10378,GW_PAY_TXN10378,MERCH_109,4999.0,INR,NETBANKING,CAPTURED,2026-09-04T13:26:24,2026-09-04T13:26:59,2026-09-04T13:27:46,SUCCESS,Transaction captured successfully
TXN10379,GW_RAZ_TXN10379,MERCH_101,499.0,INR,NETBANKING,CAPTURED,2026-09-04T09:44:54,2026-09-04T09:45:26,2026-09-04T09:46:18,SUCCESS,Transaction captured successfully
TXN10380,GW_STR_TXN10380,MERCH_103,250.0,INR,CARD,CAPTURED,2026-09-04T15:52:42,2026-09-04T15:53:22,2026-09-04T15:53:52,SUCCESS,Transaction captured successfully
TXN10381,GW_CAS_TXN10381,MERCH_118,6500.0,INR,CARD,CAPTURED,2026-09-04T14:00:35,2026-09-04T14:00:54,2026-09-04T14:01:21,SUCCESS,Transaction captured successfully
TXN10382,GW_PAY_TXN10382,MERCH_118,12000.0,INR,UPI,CAPTURED,2026-09-04T14:13:26,2026-09-04T14:14:08,2026-09-04T14:14:37,SUCCESS,Transaction captured successfully
TXN10383,GW_RAZ_TXN10383,MERCH_104,6500.0,INR,UPI,CAPTURED,2026-09-04T17:29:41,2026-09-04T17:29:55,2026-09-04T17:30:33,SUCCESS,Transaction captured successfully
TXN10384,GW_PAY_TXN10384,MERCH_111,499.0,INR,CARD,CAPTURED,2026-09-04T10:18:39,2026-09-04T10:19:01,2026-09-04T10:19:41,SUCCESS,Transaction captured successfully
TXN10385,GW_CAS_TXN10385,MERCH_119,250.0,INR,UPI,CAPTURED,2026-09-04T14:27:10,2026-09-04T14:27:40,2026-09-04T14:28:15,SUCCESS,Transaction captured successfully
TXN10386,GW_STR_TXN10386,MERCH_122,1500.0,INR,NETBANKING,CAPTURED,2026-09-04T16:28:22,2026-09-04T16:29:03,2026-09-04T16:29:58,SUCCESS,Transaction captured successfully
TXN10387,GW_PAY_TXN10387,MERCH_109,12000.0,INR,UPI,CAPTURED,2026-09-04T13:46:56,2026-09-04T13:47:10,2026-09-04T13:47:34,SUCCESS,Transaction captured successfully
TXN10388,GW_RAZ_TXN10388,MERCH_113,6500.0,INR,NETBANKING,CAPTURED,2026-09-04T17:16:34,2026-09-04T17:17:14,2026-09-04T17:17:43,SUCCESS,Transaction captured successfully
TXN10389,GW_RAZ_TXN10389,MERCH_110,250.0,INR,UPI,CAPTURED,2026-09-04T15:23:32,2026-09-04T15:23:57,2026-09-04T15:24:56,SUCCESS,Transaction captured successfully
TXN10390,GW_STR_TXN10390,MERCH_119,4999.0,INR,NETBANKING,CAPTURED,2026-09-04T14:02:14,2026-09-04T14:02:38,2026-09-04T14:03:02,SUCCESS,Transaction captured successfully
TXN10391,GW_STR_TXN10391,MERCH_112,2499.0,INR,CARD,CAPTURED,2026-09-04T09:02:41,2026-09-04T09:02:57,2026-09-04T09:03:50,SUCCESS,Transaction captured successfully
TXN10392,GW_STR_TXN10392,MERCH_118,12000.0,INR,NETBANKING,CAPTURED,2026-09-04T15:23:37,2026-09-04T15:23:51,2026-09-04T15:24:44,SUCCESS,Transaction captured successfully
TXN10393,GW_STR_TXN10393,MERCH_113,250.0,INR,CARD,CAPTURED,2026-09-04T16:56:38,2026-09-04T16:57:20,2026-09-04T16:57:48,SUCCESS,Transaction captured successfully
TXN10394,GW_PAY_TXN10394,MERCH_109,15000.0,INR,UPI,CAPTURED,2026-09-04T11:23:38,2026-09-04T11:23:55,2026-09-04T11:24:29,SUCCESS,Transaction captured successfully
TXN10395,GW_PAY_TXN10395,MERCH_116,250.0,INR,CARD,CAPTURED,2026-09-04T15:01:15,2026-09-04T15:01:33,2026-09-04T15:02:29,SUCCESS,Transaction captured successfully
TXN10396,GW_PAY_TXN10396,MERCH_119,6500.0,INR,UPI,CAPTURED,2026-09-04T13:59:11,2026-09-04T13:59:46,2026-09-04T14:00:44,SUCCESS,Transaction captured successfully
TXN10397,GW_STR_TXN10397,MERCH_103,3500.0,INR,UPI,CAPTURED,2026-09-04T16:10:14,2026-09-04T16:10:33,2026-09-04T16:11:30,SUCCESS,Transaction captured successfully
TXN10398,GW_STR_TXN10398,MERCH_124,3500.0,INR,NETBANKING,CAPTURED,2026-09-04T10:14:24,2026-09-04T10:14:42,2026-09-04T10:15:08,SUCCESS,Transaction captured successfully
TXN10399,GW_RAZ_TXN10399,MERCH_114,8900.0,INR,UPI,CAPTURED,2026-09-04T11:30:57,2026-09-04T11:31:09,2026-09-04T11:32:03,SUCCESS,Transaction captured successfully
TXN10400,GW_STR_TXN10400,MERCH_120,250.0,INR,NETBANKING,CAPTURED,2026-09-04T17:26:23,2026-09-04T17:27:06,2026-09-04T17:27:53,SUCCESS,Transaction captured successfully
TXN10401,GW_RAZ_TXN10401,MERCH_119,4999.0,INR,NETBANKING,CAPTURED,2026-09-04T15:08:16,2026-09-04T15:08:40,2026-09-04T15:09:05,SUCCESS,Transaction captured successfully
TXN10402,GW_RAZ_TXN10402,MERCH_107,12000.0,INR,UPI,CAPTURED,2026-09-04T17:00:24,2026-09-04T17:00:47,2026-09-04T17:01:27,SUCCESS,Transaction captured successfully
TXN10403,GW_STR_TXN10403,MERCH_119,12000.0,INR,CARD,CAPTURED,2026-09-04T14:39:17,2026-09-04T14:39:52,2026-09-04T14:40:25,SUCCESS,Transaction captured successfully
TXN10404,GW_STR_TXN10404,MERCH_112,2499.0,INR,NETBANKING,CAPTURED,2026-09-04T13:19:36,2026-09-04T13:20:11,2026-09-04T13:20:39,SUCCESS,Transaction captured successfully
TXN10405,GW_CAS_TXN10405,MERCH_107,12000.0,INR,NETBANKING,CAPTURED,2026-09-04T17:39:44,2026-09-04T17:39:57,2026-09-04T17:40:27,SUCCESS,Transaction captured successfully
TXN10406,GW_STR_TXN10406,MERCH_105,1200.0,INR,CARD,CAPTURED,2026-09-04T10:04:16,2026-09-04T10:04:49,2026-09-04T10:05:14,SUCCESS,Transaction captured successfully
TXN10407,GW_RAZ_TXN10407,MERCH_121,4999.0,INR,NETBANKING,CAPTURED,2026-09-04T11:40:31,2026-09-04T11:40:41,2026-09-04T11:41:13,SUCCESS,Transaction captured successfully
TXN10408,GW_PAY_TXN10408,MERCH_117,12000.0,INR,NETBANKING,CAPTURED,2026-09-04T09:23:15,2026-09-04T09:23:25,2026-09-04T09:23:55,SUCCESS,Transaction captured successfully
TXN10409,GW_PAY_TXN10409,MERCH_113,15000.0,INR,CARD,CAPTURED,2026-09-04T17:00:47,2026-09-04T17:01:01,2026-09-04T17:01:26,SUCCESS,Transaction captured successfully
TXN10410,GW_CAS_TXN10410,MERCH_119,4999.0,INR,CARD,CAPTURED,2026-09-04T12:38:12,2026-09-04T12:38:47,2026-09-04T12:39:43,SUCCESS,Transaction captured successfully
TXN10411,GW_CAS_TXN10411,MERCH_118,6500.0,INR,UPI,CAPTURED,2026-09-04T14:07:51,2026-09-04T14:08:17,2026-09-04T14:09:11,SUCCESS,Transaction captured successfully
TXN10412,GW_STR_TXN10412,MERCH_116,250.0,INR,UPI,CAPTURED,2026-09-04T16:57:37,2026-09-04T16:58:17,2026-09-04T16:58:44,SUCCESS,Transaction captured successfully
TXN10413,GW_STR_TXN10413,MERCH_123,250.0,INR,UPI,CAPTURED,2026-09-04T14:33:34,2026-09-04T14:34:00,2026-09-04T14:34:35,SUCCESS,Transaction captured successfully
TXN10414,GW_CAS_TXN10414,MERCH_118,8900.0,INR,UPI,CAPTURED,2026-09-04T14:13:57,2026-09-04T14:14:24,2026-09-04T14:14:55,SUCCESS,Transaction captured successfully
TXN10415,GW_PAY_TXN10415,MERCH_108,8900.0,INR,CARD,CAPTURED,2026-09-04T12:53:15,2026-09-04T12:53:47,2026-09-04T12:54:16,SUCCESS,Transaction captured successfully
TXN10416,GW_STR_TXN10416,MERCH_101,4999.0,INR,NETBANKING,CAPTURED,2026-09-04T14:39:20,2026-09-04T14:39:47,2026-09-04T14:40:38,SUCCESS,Transaction captured successfully
TXN10417,GW_STR_TXN10417,MERCH_119,6500.0,INR,UPI,CAPTURED,2026-09-04T16:34:02,2026-09-04T16:34:34,2026-09-04T16:35:19,SUCCESS,Transaction captured successfully
TXN10418,GW_RAZ_TXN10418,MERCH_111,499.0,INR,NETBANKING,CAPTURED,2026-09-04T12:24:37,2026-09-04T12:25:07,2026-09-04T12:25:50,SUCCESS,Transaction captured successfully
TXN10419,GW_CAS_TXN10419,MERCH_109,3500.0,INR,CARD,CAPTURED,2026-09-04T14:11:31,2026-09-04T14:11:54,2026-09-04T14:12:40,SUCCESS,Transaction captured successfully
TXN10420,GW_PAY_TXN10420,MERCH_106,1200.0,INR,NETBANKING,CAPTURED,2026-09-04T10:46:17,2026-09-04T10:47:02,2026-09-04T10:47:49,SUCCESS,Transaction captured successfully
TXN10421,GW_STR_TXN10421,MERCH_101,12000.0,INR,UPI,CAPTURED,2026-09-04T11:57:54,2026-09-04T11:58:37,2026-09-04T11:59:31,SUCCESS,Transaction captured successfully
TXN10422,GW_RAZ_TXN10422,MERCH_119,1500.0,INR,UPI,CAPTURED,2026-09-04T11:03:13,2026-09-04T11:03:53,2026-09-04T11:04:53,SUCCESS,Transaction captured successfully
TXN10423,GW_CAS_TXN10423,MERCH_112,499.0,INR,NETBANKING,CAPTURED,2026-09-04T14:01:26,2026-09-04T14:01:58,2026-09-04T14:02:56,SUCCESS,Transaction captured successfully
TXN10424,GW_CAS_TXN10424,MERCH_125,15000.0,INR,CARD,CAPTURED,2026-09-04T17:31:49,2026-09-04T17:32:27,2026-09-04T17:32:52,SUCCESS,Transaction captured successfully
TXN10425,GW_STR_TXN10425,MERCH_106,499.0,INR,NETBANKING,CAPTURED,2026-09-04T15:54:58,2026-09-04T15:55:13,2026-09-04T15:55:43,SUCCESS,Transaction captured successfully
TXN10426,GW_CAS_TXN10426,MERCH_109,2499.0,INR,NETBANKING,CAPTURED,2026-09-04T16:49:55,2026-09-04T16:50:38,2026-09-04T16:51:26,SUCCESS,Transaction captured successfully
TXN10427,GW_RAZ_TXN10427,MERCH_124,499.0,INR,UPI,CAPTURED,2026-09-04T12:10:25,2026-09-04T12:10:41,2026-09-04T12:11:05,SUCCESS,Transaction captured successfully
TXN10428,GW_CAS_TXN10428,MERCH_125,3500.0,INR,UPI,CAPTURED,2026-09-04T11:05:41,2026-09-04T11:06:10,2026-09-04T11:06:44,SUCCESS,Transaction captured successfully
TXN10429,GW_RAZ_TXN10429,MERCH_117,2499.0,INR,UPI,CAPTURED,2026-09-04T14:55:58,2026-09-04T14:56:38,2026-09-04T14:57:27,SUCCESS,Transaction captured successfully
TXN10430,GW_STR_TXN10430,MERCH_123,12000.0,INR,NETBANKING,CAPTURED,2026-09-04T15:33:40,2026-09-04T15:34:24,2026-09-04T15:35:03,SUCCESS,Transaction captured successfully
TXN10431,GW_CAS_TXN10431,MERCH_110,250.0,INR,CARD,CAPTURED,2026-09-04T11:19:00,2026-09-04T11:19:43,2026-09-04T11:20:11,SUCCESS,Transaction captured successfully
TXN10432,GW_RAZ_TXN10432,MERCH_116,8900.0,INR,CARD,CAPTURED,2026-09-04T15:51:18,2026-09-04T15:51:42,2026-09-04T15:52:02,SUCCESS,Transaction captured successfully
TXN10433,GW_STR_TXN10433,MERCH_113,499.0,INR,UPI,CAPTURED,2026-09-04T15:14:16,2026-09-04T15:14:53,2026-09-04T15:15:53,SUCCESS,Transaction captured successfully
TXN10434,GW_CAS_TXN10434,MERCH_123,3500.0,INR,NETBANKING,CAPTURED,2026-09-04T17:51:17,2026-09-04T17:51:39,2026-09-04T17:52:03,SUCCESS,Transaction captured successfully
TXN10435,GW_STR_TXN10435,MERCH_115,999.0,INR,CARD,CAPTURED,2026-09-04T12:20:01,2026-09-04T12:20:14,2026-09-04T12:21:08,SUCCESS,Transaction captured successfully
TXN10436,GW_RAZ_TXN10436,MERCH_105,250.0,INR,NETBANKING,CAPTURED,2026-09-04T12:05:09,2026-09-04T12:05:50,2026-09-04T12:06:23,SUCCESS,Transaction captured successfully
TXN10437,GW_CAS_TXN10437,MERCH_115,999.0,INR,NETBANKING,CAPTURED,2026-09-04T10:53:48,2026-09-04T10:54:01,2026-09-04T10:54:38,SUCCESS,Transaction captured successfully
TXN10438,GW_RAZ_TXN10438,MERCH_109,4999.0,INR,CARD,CAPTURED,2026-09-04T12:24:49,2026-09-04T12:25:14,2026-09-04T12:25:36,SUCCESS,Transaction captured successfully
TXN10439,GW_STR_TXN10439,MERCH_122,999.0,INR,UPI,CAPTURED,2026-09-04T13:59:20,2026-09-04T13:59:32,2026-09-04T14:00:27,SUCCESS,Transaction captured successfully
TXN10440,GW_RAZ_TXN10440,MERCH_112,2499.0,INR,UPI,CAPTURED,2026-09-04T12:40:27,2026-09-04T12:40:37,2026-09-04T12:41:07,SUCCESS,Transaction captured successfully
TXN10441,GW_PAY_TXN10441,MERCH_102,1200.0,INR,NETBANKING,CAPTURED,2026-09-04T14:49:05,2026-09-04T14:49:25,2026-09-04T14:50:16,SUCCESS,Transaction captured successfully
TXN10442,GW_RAZ_TXN10442,MERCH_112,2499.0,INR,NETBANKING,CAPTURED,2026-09-04T11:31:14,2026-09-04T11:31:59,2026-09-04T11:32:41,SUCCESS,Transaction captured successfully
TXN10443,GW_RAZ_TXN10443,MERCH_124,6500.0,INR,UPI,CAPTURED,2026-09-04T16:45:28,2026-09-04T16:45:56,2026-09-04T16:46:50,SUCCESS,Transaction captured successfully
TXN10444,GW_CAS_TXN10444,MERCH_111,6500.0,INR,NETBANKING,CAPTURED,2026-09-04T17:10:04,2026-09-04T17:10:23,2026-09-04T17:11:11,SUCCESS,Transaction captured successfully
TXN10445,GW_STR_TXN10445,MERCH_125,8900.0,INR,NETBANKING,CAPTURED,2026-09-04T11:56:01,2026-09-04T11:56:34,2026-09-04T11:57:33,SUCCESS,Transaction captured successfully
TXN10446,GW_STR_TXN10446,MERCH_113,1500.0,INR,UPI,CAPTURED,2026-09-04T17:09:39,2026-09-04T17:10:09,2026-09-04T17:10:55,SUCCESS,Transaction captured successfully
TXN10447,GW_PAY_TXN10447,MERCH_103,4999.0,INR,UPI,CAPTURED,2026-09-04T09:12:06,2026-09-04T09:12:28,2026-09-04T09:12:54,SUCCESS,Transaction captured successfully
TXN10448,GW_CAS_TXN10448,MERCH_116,8900.0,INR,NETBANKING,CAPTURED,2026-09-04T09:23:14,2026-09-04T09:23:28,2026-09-04T09:23:48,SUCCESS,Transaction captured successfully
TXN10449,GW_STR_TXN10449,MERCH_121,250.0,INR,UPI,CAPTURED,2026-09-04T14:50:45,2026-09-04T14:51:12,2026-09-04T14:52:05,SUCCESS,Transaction captured successfully
TXN10450,GW_RAZ_TXN10450,MERCH_107,1200.0,INR,NETBANKING,CAPTURED,2026-09-04T12:34:24,2026-09-04T12:34:46,2026-09-04T12:35:39,SUCCESS,Transaction captured successfully
TXN10451,GW_RAZ_TXN10451,MERCH_124,15000.0,INR,NETBANKING,CAPTURED,2026-09-04T14:43:29,2026-09-04T14:44:06,2026-09-04T14:44:32,SUCCESS,Transaction captured successfully
TXN10452,GW_STR_TXN10452,MERCH_122,6500.0,INR,UPI,CAPTURED,2026-09-04T14:57:20,2026-09-04T14:57:50,2026-09-04T14:58:33,SUCCESS,Transaction captured successfully
TXN10453,GW_PAY_TXN10453,MERCH_108,15000.0,INR,NETBANKING,CAPTURED,2026-09-04T15:49:35,2026-09-04T15:50:01,2026-09-04T15:50:44,SUCCESS,Transaction captured successfully
TXN10454,GW_RAZ_TXN10454,MERCH_102,1500.0,INR,CARD,CAPTURED,2026-09-04T17:08:56,2026-09-04T17:09:06,2026-09-04T17:09:45,SUCCESS,Transaction captured successfully
TXN10455,GW_PAY_TXN10455,MERCH_123,2499.0,INR,CARD,CAPTURED,2026-09-04T10:02:29,2026-09-04T10:02:48,2026-09-04T10:03:16,SUCCESS,Transaction captured successfully
TXN10456,GW_STR_TXN10456,MERCH_109,15000.0,INR,CARD,CAPTURED,2026-09-04T12:46:04,2026-09-04T12:46:34,2026-09-04T12:47:24,SUCCESS,Transaction captured successfully
TXN10457,GW_RAZ_TXN10457,MERCH_104,250.0,INR,NETBANKING,CAPTURED,2026-09-04T15:05:49,2026-09-04T15:06:20,2026-09-04T15:07:02,SUCCESS,Transaction captured successfully
TXN10458,GW_RAZ_TXN10458,MERCH_125,6500.0,INR,UPI,CAPTURED,2026-09-04T15:03:19,2026-09-04T15:03:31,2026-09-04T15:04:11,SUCCESS,Transaction captured successfully
TXN10459,GW_STR_TXN10459,MERCH_108,8900.0,INR,UPI,CAPTURED,2026-09-04T16:48:38,2026-09-04T16:49:20,2026-09-04T16:49:45,SUCCESS,Transaction captured successfully
TXN10460,GW_STR_TXN10460,MERCH_105,1500.0,INR,CARD,CAPTURED,2026-09-04T09:35:25,2026-09-04T09:35:40,2026-09-04T09:36:25,SUCCESS,Transaction captured successfully
TXN10461,GW_PAY_TXN10461,MERCH_105,8900.0,INR,CARD,CAPTURED,2026-09-04T16:25:41,2026-09-04T16:26:03,2026-09-04T16:26:58,SUCCESS,Transaction captured successfully
TXN10462,GW_RAZ_TXN10462,MERCH_125,3500.0,INR,CARD,CAPTURED,2026-09-04T10:42:26,2026-09-04T10:42:59,2026-09-04T10:43:41,SUCCESS,Transaction captured successfully
TXN10463,GW_STR_TXN10463,MERCH_110,1200.0,INR,UPI,CAPTURED,2026-09-04T11:28:02,2026-09-04T11:28:24,2026-09-04T11:29:07,SUCCESS,Transaction captured successfully
TXN10464,GW_RAZ_TXN10464,MERCH_120,499.0,INR,UPI,CAPTURED,2026-09-04T14:44:51,2026-09-04T14:45:20,2026-09-04T14:46:08,SUCCESS,Transaction captured successfully
TXN10465,GW_CAS_TXN10465,MERCH_107,15000.0,INR,NETBANKING,CAPTURED,2026-09-04T17:30:39,2026-09-04T17:30:58,2026-09-04T17:31:19,SUCCESS,Transaction captured successfully
TXN10466,GW_CAS_TXN10466,MERCH_109,8900.0,INR,UPI,CAPTURED,2026-09-04T12:50:44,2026-09-04T12:51:11,2026-09-04T12:51:34,SUCCESS,Transaction captured successfully
TXN10467,GW_RAZ_TXN10467,MERCH_122,12000.0,INR,CARD,CAPTURED,2026-09-04T09:18:55,2026-09-04T09:19:29,2026-09-04T09:20:03,SUCCESS,Transaction captured successfully
TXN10468,GW_RAZ_TXN10468,MERCH_111,4999.0,INR,CARD,CAPTURED,2026-09-04T11:12:32,2026-09-04T11:13:17,2026-09-04T11:13:38,SUCCESS,Transaction captured successfully
TXN10469,GW_RAZ_TXN10469,MERCH_116,2499.0,INR,CARD,CAPTURED,2026-09-04T14:43:22,2026-09-04T14:43:51,2026-09-04T14:44:26,SUCCESS,Transaction captured successfully
TXN10470,GW_CAS_TXN10470,MERCH_113,3500.0,INR,UPI,CAPTURED,2026-09-04T12:09:21,2026-09-04T12:09:39,2026-09-04T12:10:04,SUCCESS,Transaction captured successfully
TXN10471,GW_STR_TXN10471,MERCH_121,3500.0,INR,NETBANKING,CAPTURED,2026-09-04T12:36:09,2026-09-04T12:36:38,2026-09-04T12:37:36,SUCCESS,Transaction captured successfully
TXN10472,GW_PAY_TXN10472,MERCH_105,15000.0,INR,NETBANKING,CAPTURED,2026-09-04T11:19:44,2026-09-04T11:20:27,2026-09-04T11:20:55,SUCCESS,Transaction captured successfully
TXN10473,GW_RAZ_TXN10473,MERCH_106,999.0,INR,CARD,CAPTURED,2026-09-04T11:20:53,2026-09-04T11:21:04,2026-09-04T11:21:44,SUCCESS,Transaction captured successfully
TXN10474,GW_PAY_TXN10474,MERCH_125,8900.0,INR,UPI,CAPTURED,2026-09-04T11:01:48,2026-09-04T11:02:15,2026-09-04T11:03:13,SUCCESS,Transaction captured successfully
TXN10475,GW_RAZ_TXN10475,MERCH_122,8900.0,INR,UPI,CAPTURED,2026-09-04T16:08:32,2026-09-04T16:09:12,2026-09-04T16:09:55,SUCCESS,Transaction captured successfully
TXN10476,GW_STR_TXN10476,MERCH_107,3500.0,INR,UPI,CAPTURED,2026-09-04T09:59:17,2026-09-04T09:59:41,2026-09-04T10:00:13,SUCCESS,Transaction captured successfully
TXN10477,GW_STR_TXN10477,MERCH_120,250.0,INR,CARD,CAPTURED,2026-09-04T12:27:25,2026-09-04T12:27:59,2026-09-04T12:28:39,SUCCESS,Transaction captured successfully
TXN10478,GW_RAZ_TXN10478,MERCH_118,250.0,INR,NETBANKING,CAPTURED,2026-09-04T16:29:52,2026-09-04T16:30:17,2026-09-04T16:31:10,SUCCESS,Transaction captured successfully
TXN10479,GW_PAY_TXN10479,MERCH_113,1500.0,INR,NETBANKING,CAPTURED,2026-09-04T13:28:25,2026-09-04T13:28:53,2026-09-04T13:29:42,SUCCESS,Transaction captured successfully
TXN10480,GW_STR_TXN10480,MERCH_117,499.0,INR,UPI,CAPTURED,2026-09-04T10:46:32,2026-09-04T10:46:53,2026-09-04T10:47:50,SUCCESS,Transaction captured successfully
TXN10481,GW_PAY_TXN10481,MERCH_101,2499.0,INR,UPI,CAPTURED,2026-09-04T16:05:16,2026-09-04T16:05:36,2026-09-04T16:06:03,SUCCESS,Transaction captured successfully
TXN10482,GW_DUP_A_TXN10482,MERCH_117,3500.0,INR,UPI,CAPTURED,2026-09-04T15:35:24,2026-09-04T15:35:54,2026-09-04T15:36:24,SUCCESS,Transaction captured successfully (attempt 1)
TXN10482,GW_DUP_B_TXN10482,MERCH_117,3500.0,INR,UPI,CAPTURED,2026-09-04T15:35:24,2026-09-04T15:36:09,2026-09-04T15:36:39,DUPLICATE_SUBMISSION,Duplicate capture request detected
TXN10483,GW_PAY_TXN10483,MERCH_125,999.0,INR,UPI,CAPTURED,2026-09-04T11:55:09,2026-09-04T11:55:22,2026-09-04T11:56:08,SUCCESS,Transaction captured successfully
TXN10484,GW_PAY_TXN10484,MERCH_121,1500.0,INR,UPI,CAPTURED,2026-09-04T12:00:39,2026-09-04T12:00:49,2026-09-04T12:01:38,SUCCESS,Transaction captured successfully
TXN10485,GW_STR_TXN10485,MERCH_116,499.0,INR,UPI,CAPTURED,2026-09-04T16:26:28,2026-09-04T16:26:38,2026-09-04T16:27:13,SUCCESS,Transaction captured successfully
TXN10486,GW_PAY_TXN10486,MERCH_107,250.0,INR,UPI,CAPTURED,2026-09-04T09:41:22,2026-09-04T09:41:41,2026-09-04T09:42:03,SUCCESS,Transaction captured successfully
TXN10487,GW_PAY_TXN10487,MERCH_104,15000.0,INR,CARD,CAPTURED,2026-09-04T13:39:42,2026-09-04T13:40:27,2026-09-04T13:40:58,SUCCESS,Transaction captured successfully
TXN10488,GW_CAS_TXN10488,MERCH_125,3500.0,INR,CARD,CAPTURED,2026-09-04T15:52:04,2026-09-04T15:52:49,2026-09-04T15:53:13,SUCCESS,Transaction captured successfully
TXN10489,GW_PAY_TXN10489,MERCH_117,499.0,INR,CARD,CAPTURED,2026-09-04T12:39:03,2026-09-04T12:39:46,2026-09-04T12:40:11,SUCCESS,Transaction captured successfully
TXN10490,GW_CAS_TXN10490,MERCH_120,4999.0,INR,CARD,CAPTURED,2026-09-04T11:39:36,2026-09-04T11:40:19,2026-09-04T11:41:19,SUCCESS,Transaction captured successfully
TXN10491,GW_RAZ_TXN10491,MERCH_123,12000.0,INR,CARD,CAPTURED,2026-09-04T10:01:29,2026-09-04T10:01:46,2026-09-04T10:02:19,SUCCESS,Transaction captured successfully
TXN10492,GW_RAZ_TXN10492,MERCH_118,1500.0,INR,NETBANKING,CAPTURED,2026-09-04T12:44:18,2026-09-04T12:44:32,2026-09-04T12:45:11,SUCCESS,Transaction captured successfully
TXN10493,GW_STR_TXN10493,MERCH_122,1200.0,INR,CARD,CAPTURED,2026-09-04T09:53:11,2026-09-04T09:53:42,2026-09-04T09:54:23,SUCCESS,Transaction captured successfully
TXN10494,GW_CAS_TXN10494,MERCH_105,3500.0,INR,NETBANKING,CAPTURED,2026-09-04T16:50:52,2026-09-04T16:51:05,2026-09-04T16:51:58,SUCCESS,Transaction captured successfully
TXN10495,GW_CAS_TXN10495,MERCH_118,1500.0,INR,UPI,CAPTURED,2026-09-04T14:04:09,2026-09-04T14:04:20,2026-09-04T14:05:01,SUCCESS,Transaction captured successfully
TXN10496,GW_RAZ_TXN10496,MERCH_120,2499.0,INR,CARD,CAPTURED,2026-09-04T13:45:54,2026-09-04T13:46:06,2026-09-04T13:46:43,SUCCESS,Transaction captured successfully
TXN10497,GW_CAS_TXN10497,MERCH_115,250.0,INR,CARD,CAPTURED,2026-09-04T11:07:23,2026-09-04T11:07:45,2026-09-04T11:08:10,SUCCESS,Transaction captured successfully
TXN10498,GW_CAS_TXN10498,MERCH_117,6500.0,INR,UPI,CAPTURED,2026-09-04T16:46:55,2026-09-04T16:47:24,2026-09-04T16:48:04,SUCCESS,Transaction captured successfully
TXN10499,GW_STR_TXN10499,MERCH_105,6500.0,INR,UPI,CAPTURED,2026-09-04T15:45:55,2026-09-04T15:46:12,2026-09-04T15:46:32,SUCCESS,Transaction captured successfully
TXN10500,GW_RAZ_TXN10500,MERCH_103,12000.0,INR,CARD,CAPTURED,2026-09-04T10:33:49,2026-09-04T10:34:18,2026-09-04T10:34:39,SUCCESS,Transaction captured successfully
TXN10501,GW_CAS_TXN10501,MERCH_107,4999.0,INR,UPI,CAPTURED,2026-09-04T17:20:49,2026-09-04T17:21:06,2026-09-04T17:21:43,SUCCESS,Transaction captured successfully
TXN10502,GW_PAY_TXN10502,MERCH_118,2499.0,INR,NETBANKING,CAPTURED,2026-09-04T17:22:35,2026-09-04T17:23:02,2026-09-04T17:23:31,SUCCESS,Transaction captured successfully
TXN10503,GW_STR_TXN10503,MERCH_120,4999.0,INR,CARD,CAPTURED,2026-09-04T09:08:01,2026-09-04T09:08:14,2026-09-04T09:08:40,SUCCESS,Transaction captured successfully
TXN10504,GW_STR_TXN10504,MERCH_123,1200.0,INR,NETBANKING,CAPTURED,2026-09-04T14:19:21,2026-09-04T14:20:05,2026-09-04T14:20:30,SUCCESS,Transaction captured successfully
TXN10505,GW_STR_TXN10505,MERCH_115,8900.0,INR,CARD,CAPTURED,2026-09-04T12:14:09,2026-09-04T12:14:35,2026-09-04T12:15:18,SUCCESS,Transaction captured successfully
TXN10506,GW_RAZ_TXN10506,MERCH_111,2499.0,INR,CARD,CAPTURED,2026-09-04T10:30:07,2026-09-04T10:30:47,2026-09-04T10:31:36,SUCCESS,Transaction captured successfully
TXN10507,GW_STR_TXN10507,MERCH_105,12000.0,INR,NETBANKING,CAPTURED,2026-09-04T10:20:35,2026-09-04T10:20:49,2026-09-04T10:21:28,SUCCESS,Transaction captured successfully
TXN10508,GW_PAY_TXN10508,MERCH_120,2499.0,INR,UPI,CAPTURED,2026-09-04T16:24:04,2026-09-04T16:24:27,2026-09-04T16:25:24,SUCCESS,Transaction captured successfully
TXN10509,GW_RAZ_TXN10509,MERCH_123,8900.0,INR,UPI,CAPTURED,2026-09-04T16:07:37,2026-09-04T16:08:16,2026-09-04T16:08:56,SUCCESS,Transaction captured successfully
TXN10510,GW_RAZ_TXN10510,MERCH_113,12000.0,INR,UPI,CAPTURED,2026-09-04T15:20:31,2026-09-04T15:20:44,2026-09-04T15:21:09,SUCCESS,Transaction captured successfully
TXN10511,GW_STR_TXN10511,MERCH_105,8900.0,INR,NETBANKING,CAPTURED,2026-09-04T17:18:24,2026-09-04T17:19:02,2026-09-04T17:19:34,SUCCESS,Transaction captured successfully
TXN10512,GW_CAS_TXN10512,MERCH_122,8900.0,INR,CARD,CAPTURED,2026-09-04T10:37:00,2026-09-04T10:37:42,2026-09-04T10:38:27,SUCCESS,Transaction captured successfully
TXN10513,GW_CAS_TXN10513,MERCH_101,250.0,INR,NETBANKING,CAPTURED,2026-09-04T10:55:18,2026-09-04T10:55:43,2026-09-04T10:56:30,SUCCESS,Transaction captured successfully
TXN10514,GW_PAY_TXN10514,MERCH_113,1200.0,INR,CARD,CAPTURED,2026-09-04T11:30:08,2026-09-04T11:30:53,2026-09-04T11:31:37,SUCCESS,Transaction captured successfully
TXN10515,GW_PAY_TXN10515,MERCH_101,999.0,INR,UPI,CAPTURED,2026-09-04T16:42:27,2026-09-04T16:42:42,2026-09-04T16:43:10,SUCCESS,Transaction captured successfully
TXN10516,GW_STR_TXN10516,MERCH_114,4999.0,INR,NETBANKING,CAPTURED,2026-09-04T17:27:35,2026-09-04T17:28:09,2026-09-04T17:28:51,SUCCESS,Transaction captured successfully
TXN10517,GW_CAS_TXN10517,MERCH_116,8900.0,INR,NETBANKING,CAPTURED,2026-09-04T15:59:34,2026-09-04T16:00:07,2026-09-04T16:00:29,SUCCESS,Transaction captured successfully
TXN10518,GW_PAY_TXN10518,MERCH_119,1500.0,INR,CARD,CAPTURED,2026-09-04T17:54:48,2026-09-04T17:55:27,2026-09-04T17:56:20,SUCCESS,Transaction captured successfully
TXN10519,GW_CAS_TXN10519,MERCH_116,6500.0,INR,NETBANKING,CAPTURED,2026-09-04T09:57:21,2026-09-04T09:57:31,2026-09-04T09:58:21,SUCCESS,Transaction captured successfully
TXN10520,GW_CAS_TXN10520,MERCH_111,15000.0,INR,CARD,CAPTURED,2026-09-04T13:10:02,2026-09-04T13:10:31,2026-09-04T13:11:27,SUCCESS,Transaction captured successfully
TXN10521,GW_RAZ_TXN10521,MERCH_119,999.0,INR,UPI,CAPTURED,2026-09-04T13:31:05,2026-09-04T13:31:47,2026-09-04T13:32:11,SUCCESS,Transaction captured successfully
TXN10522,GW_PAY_TXN10522,MERCH_109,2499.0,INR,UPI,CAPTURED,2026-09-04T11:42:28,2026-09-04T11:42:49,2026-09-04T11:43:25,SUCCESS,Transaction captured successfully
TXN10523,GW_PAY_TXN10523,MERCH_102,3500.0,INR,CARD,CAPTURED,2026-09-04T11:53:31,2026-09-04T11:54:05,2026-09-04T11:54:40,SUCCESS,Transaction captured successfully
TXN10524,GW_RAZ_TXN10524,MERCH_112,3500.0,INR,UPI,CAPTURED,2026-09-04T09:10:29,2026-09-04T09:11:09,2026-09-04T09:11:48,SUCCESS,Transaction captured successfully
TXN10525,GW_STR_TXN10525,MERCH_109,4999.0,INR,UPI,CAPTURED,2026-09-04T09:18:59,2026-09-04T09:19:33,2026-09-04T09:20:13,SUCCESS,Transaction captured successfully
TXN10526,GW_STR_TXN10526,MERCH_118,1500.0,INR,NETBANKING,CAPTURED,2026-09-04T13:21:17,2026-09-04T13:21:33,2026-09-04T13:22:09,SUCCESS,Transaction captured successfully
TXN10527,GW_CAS_TXN10527,MERCH_122,250.0,INR,NETBANKING,CAPTURED,2026-09-04T11:20:35,2026-09-04T11:20:45,2026-09-04T11:21:09,SUCCESS,Transaction captured successfully
TXN10528,GW_CAS_TXN10528,MERCH_115,250.0,INR,CARD,CAPTURED,2026-09-04T13:12:02,2026-09-04T13:12:17,2026-09-04T13:12:40,SUCCESS,Transaction captured successfully
TXN10529,GW_RAZ_TXN10529,MERCH_120,999.0,INR,NETBANKING,CAPTURED,2026-09-04T10:54:38,2026-09-04T10:55:12,2026-09-04T10:56:08,SUCCESS,Transaction captured successfully
TXN10530,GW_STR_TXN10530,MERCH_115,15000.0,INR,NETBANKING,CAPTURED,2026-09-04T13:49:27,2026-09-04T13:49:57,2026-09-04T13:50:33,SUCCESS,Transaction captured successfully
TXN10531,GW_CAS_TXN10531,MERCH_113,4200.0,INR,NETBANKING,CAPTURED,2026-09-04T15:30:00,2026-09-04T15:30:45,2026-09-04T15:31:15,SUCCESS,Transaction captured successfully
TXN10532,GW_STR_TXN10532,MERCH_116,499.0,INR,UPI,CAPTURED,2026-09-04T11:41:31,2026-09-04T11:41:50,2026-09-04T11:42:44,SUCCESS,Transaction captured successfully
TXN10533,GW_RAZ_TXN10533,MERCH_115,8900.0,INR,NETBANKING,CAPTURED,2026-09-04T09:04:04,2026-09-04T09:04:30,2026-09-04T09:05:18,SUCCESS,Transaction captured successfully
TXN10534,GW_CAS_TXN10534,MERCH_102,3500.0,INR,NETBANKING,CAPTURED,2026-09-04T11:44:21,2026-09-04T11:44:31,2026-09-04T11:45:23,SUCCESS,Transaction captured successfully
TXN10535,GW_STR_TXN10535,MERCH_108,2499.0,INR,UPI,CAPTURED,2026-09-04T10:36:34,2026-09-04T10:37:05,2026-09-04T10:37:44,SUCCESS,Transaction captured successfully
TXN10536,GW_STR_TXN10536,MERCH_118,999.0,INR,CARD,CAPTURED,2026-09-04T13:41:12,2026-09-04T13:41:57,2026-09-04T13:42:19,SUCCESS,Transaction captured successfully
TXN10537,GW_STR_TXN10537,MERCH_104,4999.0,INR,NETBANKING,CAPTURED,2026-09-04T10:56:40,2026-09-04T10:57:02,2026-09-04T10:57:30,SUCCESS,Transaction captured successfully
TXN10538,GW_CAS_TXN10538,MERCH_116,4999.0,INR,CARD,CAPTURED,2026-09-04T16:34:53,2026-09-04T16:35:04,2026-09-04T16:35:26,SUCCESS,Transaction captured successfully
TXN10539,GW_STR_TXN10539,MERCH_104,8900.0,INR,UPI,CAPTURED,2026-09-04T17:09:47,2026-09-04T17:10:11,2026-09-04T17:10:35,SUCCESS,Transaction captured successfully
TXN10540,GW_PAY_TXN10540,MERCH_120,250.0,INR,UPI,CAPTURED,2026-09-04T09:11:40,2026-09-04T09:12:09,2026-09-04T09:12:35,SUCCESS,Transaction captured successfully
TXN10541,GW_PAY_TXN10541,MERCH_104,3500.0,INR,UPI,CAPTURED,2026-09-04T10:51:12,2026-09-04T10:51:43,2026-09-04T10:52:28,SUCCESS,Transaction captured successfully
TXN10542,GW_RAZ_TXN10542,MERCH_105,499.0,INR,CARD,CAPTURED,2026-09-04T11:21:04,2026-09-04T11:21:31,2026-09-04T11:22:00,SUCCESS,Transaction captured successfully
TXN10543,GW_RAZ_TXN10543,MERCH_115,12000.0,INR,UPI,CAPTURED,2026-09-04T11:06:50,2026-09-04T11:07:24,2026-09-04T11:07:54,SUCCESS,Transaction captured successfully
TXN10544,GW_CAS_TXN10544,MERCH_103,4999.0,INR,NETBANKING,CAPTURED,2026-09-04T15:44:51,2026-09-04T15:45:09,2026-09-04T15:45:42,SUCCESS,Transaction captured successfully
TXN10545,GW_RAZ_TXN10545,MERCH_108,8900.0,INR,UPI,CAPTURED,2026-09-04T11:45:31,2026-09-04T11:45:46,2026-09-04T11:46:46,SUCCESS,Transaction captured successfully
TXN10546,GW_RAZ_TXN10546,MERCH_107,6500.0,INR,UPI,CAPTURED,2026-09-04T14:55:48,2026-09-04T14:56:30,2026-09-04T14:57:04,SUCCESS,Transaction captured successfully
TXN10547,GW_STR_TXN10547,MERCH_107,12000.0,INR,UPI,CAPTURED,2026-09-04T16:11:10,2026-09-04T16:11:22,2026-09-04T16:11:45,SUCCESS,Transaction captured successfully
TXN10548,GW_RAZ_TXN10548,MERCH_111,6500.0,INR,NETBANKING,CAPTURED,2026-09-04T10:47:03,2026-09-04T10:47:24,2026-09-04T10:47:54,SUCCESS,Transaction captured successfully
TXN10549,GW_CAS_TXN10549,MERCH_108,12000.0,INR,NETBANKING,CAPTURED,2026-09-04T15:12:47,2026-09-04T15:13:17,2026-09-04T15:13:51,SUCCESS,Transaction captured successfully
TXN10550,GW_PAY_TXN10550,MERCH_114,4999.0,INR,UPI,CAPTURED,2026-09-04T10:30:37,2026-09-04T10:30:50,2026-09-04T10:31:37,SUCCESS,Transaction captured successfully
TXN10551,GW_STR_TXN10551,MERCH_113,1500.0,INR,CARD,CAPTURED,2026-09-04T12:40:22,2026-09-04T12:40:44,2026-09-04T12:41:25,SUCCESS,Transaction captured successfully
TXN10552,GW_STR_TXN10552,MERCH_105,2499.0,INR,UPI,CAPTURED,2026-09-04T15:10:48,2026-09-04T15:11:12,2026-09-04T15:11:50,SUCCESS,Transaction captured successfully
TXN10553,GW_PAY_TXN10553,MERCH_106,6500.0,INR,NETBANKING,CAPTURED,2026-09-04T10:26:54,2026-09-04T10:27:35,2026-09-04T10:28:08,SUCCESS,Transaction captured successfully
TXN10554,GW_PAY_TXN10554,MERCH_124,1200.0,INR,CARD,CAPTURED,2026-09-04T14:27:37,2026-09-04T14:27:56,2026-09-04T14:28:52,SUCCESS,Transaction captured successfully
TXN10555,GW_STR_TXN10555,MERCH_124,15000.0,INR,NETBANKING,CAPTURED,2026-09-04T17:25:30,2026-09-04T17:25:46,2026-09-04T17:26:34,SUCCESS,Transaction captured successfully
TXN10556,GW_PAY_TXN10556,MERCH_124,12000.0,INR,CARD,CAPTURED,2026-09-04T14:18:15,2026-09-04T14:18:30,2026-09-04T14:18:51,SUCCESS,Transaction captured successfully
TXN10557,GW_RAZ_TXN10557,MERCH_119,999.0,INR,NETBANKING,CAPTURED,2026-09-04T16:29:49,2026-09-04T16:30:24,2026-09-04T16:30:55,SUCCESS,Transaction captured successfully
TXN10558,GW_CAS_TXN10558,MERCH_121,3500.0,INR,UPI,CAPTURED,2026-09-04T17:02:18,2026-09-04T17:02:45,2026-09-04T17:03:44,SUCCESS,Transaction captured successfully
TXN10559,GW_CAS_TXN10559,MERCH_111,2499.0,INR,NETBANKING,CAPTURED,2026-09-04T09:07:24,2026-09-04T09:08:03,2026-09-04T09:09:02,SUCCESS,Transaction captured successfully
TXN10560,GW_PAY_TXN10560,MERCH_103,499.0,INR,NETBANKING,CAPTURED,2026-09-04T14:15:34,2026-09-04T14:16:14,2026-09-04T14:17:11,SUCCESS,Transaction captured successfully
TXN10561,GW_RAZ_TXN10561,MERCH_122,4999.0,INR,CARD,CAPTURED,2026-09-04T10:23:22,2026-09-04T10:24:03,2026-09-04T10:24:55,SUCCESS,Transaction captured successfully
TXN10562,GW_CAS_TXN10562,MERCH_118,4999.0,INR,CARD,CAPTURED,2026-09-04T10:12:57,2026-09-04T10:13:12,2026-09-04T10:13:37,SUCCESS,Transaction captured successfully
TXN10563,GW_PAY_TXN10563,MERCH_106,1200.0,INR,CARD,CAPTURED,2026-09-04T16:09:55,2026-09-04T16:10:38,2026-09-04T16:11:38,SUCCESS,Transaction captured successfully
TXN10564,GW_STR_TXN10564,MERCH_105,250.0,INR,CARD,CAPTURED,2026-09-04T16:47:41,2026-09-04T16:48:09,2026-09-04T16:48:41,SUCCESS,Transaction captured successfully
TXN10565,GW_STR_TXN10565,MERCH_117,2499.0,INR,NETBANKING,CAPTURED,2026-09-04T14:41:41,2026-09-04T14:42:22,2026-09-04T14:43:19,SUCCESS,Transaction captured successfully
TXN10566,GW_CAS_TXN10566,MERCH_105,1500.0,INR,CARD,CAPTURED,2026-09-04T12:30:23,2026-09-04T12:30:36,2026-09-04T12:31:05,SUCCESS,Transaction captured successfully
TXN10567,GW_CAS_TXN10567,MERCH_106,15000.0,INR,NETBANKING,CAPTURED,2026-09-04T11:11:53,2026-09-04T11:12:12,2026-09-04T11:12:42,SUCCESS,Transaction captured successfully
TXN10568,GW_CAS_TXN10568,MERCH_105,15000.0,INR,CARD,CAPTURED,2026-09-04T11:13:35,2026-09-04T11:13:47,2026-09-04T11:14:27,SUCCESS,Transaction captured successfully
TXN10569,GW_RAZ_TXN10569,MERCH_118,999.0,INR,CARD,CAPTURED,2026-09-04T15:59:31,2026-09-04T16:00:10,2026-09-04T16:00:50,SUCCESS,Transaction captured successfully
TXN10570,GW_STR_TXN10570,MERCH_111,12000.0,INR,NETBANKING,CAPTURED,2026-09-04T13:48:36,2026-09-04T13:48:55,2026-09-04T13:49:51,SUCCESS,Transaction captured successfully
TXN10571,GW_RAZ_TXN10571,MERCH_102,8900.0,INR,UPI,CAPTURED,2026-09-04T13:01:25,2026-09-04T13:01:49,2026-09-04T13:02:37,SUCCESS,Transaction captured successfully
TXN10572,GW_PAY_TXN10572,MERCH_107,499.0,INR,NETBANKING,CAPTURED,2026-09-04T13:12:01,2026-09-04T13:12:45,2026-09-04T13:13:33,SUCCESS,Transaction captured successfully
TXN10573,GW_RAZ_TXN10573,MERCH_120,15000.0,INR,NETBANKING,CAPTURED,2026-09-04T14:25:09,2026-09-04T14:25:46,2026-09-04T14:26:29,SUCCESS,Transaction captured successfully
TXN10574,GW_RAZ_TXN10574,MERCH_110,4999.0,INR,CARD,CAPTURED,2026-09-04T12:46:56,2026-09-04T12:47:32,2026-09-04T12:48:20,SUCCESS,Transaction captured successfully
TXN10575,GW_RAZ_TXN10575,MERCH_114,4999.0,INR,UPI,CAPTURED,2026-09-04T11:13:19,2026-09-04T11:14:02,2026-09-04T11:14:43,SUCCESS,Transaction captured successfully
TXN10576,GW_STR_TXN10576,MERCH_114,15000.0,INR,NETBANKING,CAPTURED,2026-09-04T11:35:29,2026-09-04T11:35:47,2026-09-04T11:36:19,SUCCESS,Transaction captured successfully
TXN10577,GW_STR_TXN10577,MERCH_110,1200.0,INR,NETBANKING,CAPTURED,2026-09-04T17:47:29,2026-09-04T17:47:40,2026-09-04T17:48:00,SUCCESS,Transaction captured successfully
TXN10578,GW_STR_TXN10578,MERCH_121,15000.0,INR,NETBANKING,CAPTURED,2026-09-04T11:31:58,2026-09-04T11:32:23,2026-09-04T11:32:44,SUCCESS,Transaction captured successfully
TXN10579,GW_STR_TXN10579,MERCH_124,12000.0,INR,CARD,CAPTURED,2026-09-04T15:55:16,2026-09-04T15:55:56,2026-09-04T15:56:23,SUCCESS,Transaction captured successfully
TXN10580,GW_RAZ_TXN10580,MERCH_109,15000.0,INR,UPI,CAPTURED,2026-09-04T11:20:29,2026-09-04T11:20:47,2026-09-04T11:21:29,SUCCESS,Transaction captured successfully
TXN10581,GW_CAS_TXN10581,MERCH_112,499.0,INR,UPI,CAPTURED,2026-09-04T17:40:59,2026-09-04T17:41:41,2026-09-04T17:42:13,SUCCESS,Transaction captured successfully
TXN10582,GW_CAS_TXN10582,MERCH_106,15000.0,INR,NETBANKING,CAPTURED,2026-09-04T13:17:43,2026-09-04T13:18:16,2026-09-04T13:18:42,SUCCESS,Transaction captured successfully
TXN10583,GW_CAS_TXN10583,MERCH_105,999.0,INR,NETBANKING,CAPTURED,2026-09-04T16:26:21,2026-09-04T16:26:37,2026-09-04T16:27:10,SUCCESS,Transaction captured successfully
TXN10584,GW_RAZ_TXN10584,MERCH_118,499.0,INR,NETBANKING,CAPTURED,2026-09-04T15:29:58,2026-09-04T15:30:15,2026-09-04T15:30:43,SUCCESS,Transaction captured successfully
TXN10585,GW_CAS_TXN10585,MERCH_115,250.0,INR,NETBANKING,CAPTURED,2026-09-04T11:45:19,2026-09-04T11:45:36,2026-09-04T11:46:10,SUCCESS,Transaction captured successfully
TXN10586,GW_STR_TXN10586,MERCH_107,4999.0,INR,UPI,CAPTURED,2026-09-04T10:04:01,2026-09-04T10:04:38,2026-09-04T10:05:00,SUCCESS,Transaction captured successfully
TXN10587,GW_CAS_TXN10587,MERCH_102,12000.0,INR,CARD,CAPTURED,2026-09-04T09:04:19,2026-09-04T09:04:29,2026-09-04T09:04:55,SUCCESS,Transaction captured successfully
TXN10588,GW_RAZ_TXN10588,MERCH_122,1500.0,INR,CARD,CAPTURED,2026-09-04T11:54:47,2026-09-04T11:55:19,2026-09-04T11:56:01,SUCCESS,Transaction captured successfully
TXN10589,GW_RAZ_TXN10589,MERCH_117,15000.0,INR,NETBANKING,CAPTURED,2026-09-04T09:33:13,2026-09-04T09:33:35,2026-09-04T09:34:13,SUCCESS,Transaction captured successfully
TXN10590,GW_CAS_TXN10590,MERCH_107,499.0,INR,NETBANKING,CAPTURED,2026-09-04T11:28:43,2026-09-04T11:29:04,2026-09-04T11:29:46,SUCCESS,Transaction captured successfully
TXN10591,GW_STR_TXN10591,MERCH_104,4999.0,INR,CARD,CAPTURED,2026-09-04T10:33:08,2026-09-04T10:33:41,2026-09-04T10:34:19,SUCCESS,Transaction captured successfully
TXN10592,GW_CAS_TXN10592,MERCH_113,3500.0,INR,CARD,CAPTURED,2026-09-04T16:14:35,2026-09-04T16:15:03,2026-09-04T16:15:50,SUCCESS,Transaction captured successfully
TXN10593,GW_RAZ_TXN10593,MERCH_122,3500.0,INR,CARD,CAPTURED,2026-09-04T16:43:06,2026-09-04T16:43:44,2026-09-04T16:44:37,SUCCESS,Transaction captured successfully
TXN10594,GW_RAZ_TXN10594,MERCH_119,1200.0,INR,UPI,CAPTURED,2026-09-04T14:12:21,2026-09-04T14:12:56,2026-09-04T14:13:23,SUCCESS,Transaction captured successfully
TXN10595,GW_CAS_TXN10595,MERCH_123,12000.0,INR,NETBANKING,CAPTURED,2026-09-04T15:22:30,2026-09-04T15:23:05,2026-09-04T15:23:56,SUCCESS,Transaction captured successfully
TXN10596,GW_STR_TXN10596,MERCH_104,250.0,INR,CARD,CAPTURED,2026-09-04T12:40:08,2026-09-04T12:40:24,2026-09-04T12:40:47,SUCCESS,Transaction captured successfully
TXN10597,GW_PAY_TXN10597,MERCH_120,499.0,INR,NETBANKING,CAPTURED,2026-09-04T13:39:39,2026-09-04T13:39:53,2026-09-04T13:40:46,SUCCESS,Transaction captured successfully
TXN10598,GW_CAS_TXN10598,MERCH_117,250.0,INR,CARD,CAPTURED,2026-09-04T17:34:01,2026-09-04T17:34:38,2026-09-04T17:35:05,SUCCESS,Transaction captured successfully
TXN10599,GW_PAY_TXN10599,MERCH_115,1500.0,INR,UPI,CAPTURED,2026-09-04T17:42:55,2026-09-04T17:43:15,2026-09-04T17:44:06,SUCCESS,Transaction captured successfully
TXN10600,GW_STR_TXN10600,MERCH_125,8900.0,INR,UPI,CAPTURED,2026-09-04T17:43:34,2026-09-04T17:44:14,2026-09-04T17:45:04,SUCCESS,Transaction captured successfully
TXN10601,GW_CAS_TXN10601,MERCH_116,250.0,INR,NETBANKING,CAPTURED,2026-09-04T13:20:03,2026-09-04T13:20:15,2026-09-04T13:20:43,SUCCESS,Transaction captured successfully
TXN10602,GW_STR_TXN10602,MERCH_125,2499.0,INR,NETBANKING,CAPTURED,2026-09-04T10:27:22,2026-09-04T10:27:58,2026-09-04T10:28:40,SUCCESS,Transaction captured successfully
TXN10603,GW_RAZ_TXN10603,MERCH_110,999.0,INR,NETBANKING,CAPTURED,2026-09-04T13:07:21,2026-09-04T13:07:32,2026-09-04T13:08:26,SUCCESS,Transaction captured successfully
TXN10604,GW_RAZ_TXN10604,MERCH_117,2499.0,INR,CARD,CAPTURED,2026-09-04T16:37:01,2026-09-04T16:37:35,2026-09-04T16:38:31,SUCCESS,Transaction captured successfully
TXN10605,GW_CAS_TXN10605,MERCH_123,12000.0,INR,NETBANKING,CAPTURED,2026-09-04T16:32:51,2026-09-04T16:33:22,2026-09-04T16:33:52,SUCCESS,Transaction captured successfully
TXN10606,GW_PAY_TXN10606,MERCH_116,1500.0,INR,NETBANKING,CAPTURED,2026-09-04T13:16:03,2026-09-04T13:16:38,2026-09-04T13:17:12,SUCCESS,Transaction captured successfully
TXN10607,GW_RAZ_TXN10607,MERCH_119,1200.0,INR,CARD,CAPTURED,2026-09-04T17:30:27,2026-09-04T17:30:59,2026-09-04T17:31:23,SUCCESS,Transaction captured successfully
TXN10608,GW_PAY_TXN10608,MERCH_122,8900.0,INR,NETBANKING,CAPTURED,2026-09-04T15:25:16,2026-09-04T15:25:58,2026-09-04T15:26:47,SUCCESS,Transaction captured successfully
TXN10609,GW_PAY_TXN10609,MERCH_106,12000.0,INR,NETBANKING,CAPTURED,2026-09-04T16:17:59,2026-09-04T16:18:43,2026-09-04T16:19:42,SUCCESS,Transaction captured successfully
TXN10610,GW_PAY_TXN10610,MERCH_107,12000.0,INR,CARD,CAPTURED,2026-09-04T12:09:47,2026-09-04T12:10:16,2026-09-04T12:11:03,SUCCESS,Transaction captured successfully
TXN10611,GW_CAS_TXN10611,MERCH_107,8900.0,INR,CARD,CAPTURED,2026-09-04T11:16:43,2026-09-04T11:17:08,2026-09-04T11:17:53,SUCCESS,Transaction captured successfully
TXN10612,GW_STR_TXN10612,MERCH_110,250.0,INR,CARD,CAPTURED,2026-09-04T15:41:57,2026-09-04T15:42:19,2026-09-04T15:42:49,SUCCESS,Transaction captured successfully
TXN10613,GW_STR_TXN10613,MERCH_118,499.0,INR,UPI,CAPTURED,2026-09-04T09:03:55,2026-09-04T09:04:25,2026-09-04T09:05:23,SUCCESS,Transaction captured successfully
TXN10614,GW_STR_TXN10614,MERCH_112,8900.0,INR,NETBANKING,CAPTURED,2026-09-04T11:15:07,2026-09-04T11:15:49,2026-09-04T11:16:16,SUCCESS,Transaction captured successfully
TXN10615,GW_RAZ_TXN10615,MERCH_116,8900.0,INR,UPI,CAPTURED,2026-09-04T14:21:53,2026-09-04T14:22:27,2026-09-04T14:23:02,SUCCESS,Transaction captured successfully
TXN10616,GW_CAS_TXN10616,MERCH_109,2499.0,INR,CARD,CAPTURED,2026-09-04T09:31:34,2026-09-04T09:31:51,2026-09-04T09:32:31,SUCCESS,Transaction captured successfully
TXN10617,GW_CAS_TXN10617,MERCH_105,8900.0,INR,CARD,CAPTURED,2026-09-04T13:01:41,2026-09-04T13:01:53,2026-09-04T13:02:16,SUCCESS,Transaction captured successfully
TXN10618,GW_PAY_TXN10618,MERCH_123,3500.0,INR,CARD,CAPTURED,2026-09-04T16:24:00,2026-09-04T16:24:26,2026-09-04T16:25:05,SUCCESS,Transaction captured successfully
TXN10619,GW_STR_TXN10619,MERCH_115,499.0,INR,NETBANKING,CAPTURED,2026-09-04T09:17:55,2026-09-04T09:18:36,2026-09-04T09:19:26,SUCCESS,Transaction captured successfully
TXN10620,GW_RAZ_TXN10620,MERCH_106,15000.0,INR,NETBANKING,CAPTURED,2026-09-04T14:26:38,2026-09-04T14:27:23,2026-09-04T14:28:03,SUCCESS,Transaction captured successfully
TXN10621,GW_RAZ_TXN10621,MERCH_115,1500.0,INR,NETBANKING,CAPTURED,2026-09-04T15:12:40,2026-09-04T15:13:10,2026-09-04T15:14:06,SUCCESS,Transaction captured successfully
TXN10622,GW_STR_TXN10622,MERCH_125,15000.0,INR,NETBANKING,CAPTURED,2026-09-04T14:28:30,2026-09-04T14:28:48,2026-09-04T14:29:24,SUCCESS,Transaction captured successfully
TXN10623,GW_STR_TXN10623,MERCH_110,3500.0,INR,UPI,CAPTURED,2026-09-04T14:11:25,2026-09-04T14:11:49,2026-09-04T14:12:10,SUCCESS,Transaction captured successfully
TXN10624,GW_CAS_TXN10624,MERCH_103,8900.0,INR,CARD,CAPTURED,2026-09-04T11:03:25,2026-09-04T11:04:02,2026-09-04T11:05:00,SUCCESS,Transaction captured successfully
TXN10625,GW_STR_TXN10625,MERCH_119,4999.0,INR,UPI,CAPTURED,2026-09-04T16:52:43,2026-09-04T16:53:00,2026-09-04T16:53:34,SUCCESS,Transaction captured successfully
TXN10626,GW_PAY_TXN10626,MERCH_124,8900.0,INR,CARD,CAPTURED,2026-09-04T15:54:13,2026-09-04T15:54:36,2026-09-04T15:55:14,SUCCESS,Transaction captured successfully
TXN10627,GW_STR_TXN10627,MERCH_110,12000.0,INR,CARD,CAPTURED,2026-09-04T12:23:37,2026-09-04T12:24:16,2026-09-04T12:24:41,SUCCESS,Transaction captured successfully
TXN10628,GW_STR_TXN10628,MERCH_113,1500.0,INR,NETBANKING,CAPTURED,2026-09-04T15:47:38,2026-09-04T15:47:52,2026-09-04T15:48:18,SUCCESS,Transaction captured successfully
TXN10629,GW_RAZ_TXN10629,MERCH_112,8900.0,INR,NETBANKING,CAPTURED,2026-09-04T09:16:32,2026-09-04T09:17:06,2026-09-04T09:17:45,SUCCESS,Transaction captured successfully
TXN10630,GW_PAY_TXN10630,MERCH_119,2499.0,INR,UPI,CAPTURED,2026-09-04T17:31:59,2026-09-04T17:32:38,2026-09-04T17:33:06,SUCCESS,Transaction captured successfully
TXN10631,GW_RAZ_TXN10631,MERCH_109,1500.0,INR,UPI,CAPTURED,2026-09-04T11:31:55,2026-09-04T11:32:28,2026-09-04T11:33:15,SUCCESS,Transaction captured successfully
TXN10632,GW_CAS_TXN10632,MERCH_111,6500.0,INR,CARD,CAPTURED,2026-09-04T16:48:09,2026-09-04T16:48:47,2026-09-04T16:49:10,SUCCESS,Transaction captured successfully
TXN10633,GW_STR_TXN10633,MERCH_116,4999.0,INR,CARD,CAPTURED,2026-09-04T15:07:57,2026-09-04T15:08:09,2026-09-04T15:08:57,SUCCESS,Transaction captured successfully
TXN10634,GW_CAS_TXN10634,MERCH_124,1500.0,INR,UPI,CAPTURED,2026-09-04T10:13:55,2026-09-04T10:14:16,2026-09-04T10:14:46,SUCCESS,Transaction captured successfully
TXN10635,GW_PAY_TXN10635,MERCH_119,1200.0,INR,UPI,CAPTURED,2026-09-04T15:58:04,2026-09-04T15:58:45,2026-09-04T15:59:11,SUCCESS,Transaction captured successfully
TXN10636,GW_CAS_TXN10636,MERCH_112,4999.0,INR,NETBANKING,CAPTURED,2026-09-04T11:01:05,2026-09-04T11:01:45,2026-09-04T11:02:34,SUCCESS,Transaction captured successfully
TXN10637,GW_STR_TXN10637,MERCH_102,8900.0,INR,NETBANKING,CAPTURED,2026-09-04T14:46:46,2026-09-04T14:47:04,2026-09-04T14:47:37,SUCCESS,Transaction captured successfully
TXN10638,GW_STR_TXN10638,MERCH_103,999.0,INR,NETBANKING,CAPTURED,2026-09-04T10:25:16,2026-09-04T10:25:41,2026-09-04T10:26:26,SUCCESS,Transaction captured successfully
TXN10639,GW_PAY_TXN10639,MERCH_125,3500.0,INR,CARD,CAPTURED,2026-09-04T10:19:31,2026-09-04T10:20:00,2026-09-04T10:20:58,SUCCESS,Transaction captured successfully
TXN10640,GW_STR_TXN10640,MERCH_107,8900.0,INR,CARD,CAPTURED,2026-09-04T16:17:36,2026-09-04T16:18:13,2026-09-04T16:18:38,SUCCESS,Transaction captured successfully
TXN10641,GW_CAS_TXN10641,MERCH_114,12000.0,INR,UPI,CAPTURED,2026-09-04T16:43:14,2026-09-04T16:43:33,2026-09-04T16:44:24,SUCCESS,Transaction captured successfully
TXN10642,GW_STR_TXN10642,MERCH_115,12000.0,INR,CARD,CAPTURED,2026-09-04T13:09:08,2026-09-04T13:09:37,2026-09-04T13:10:12,SUCCESS,Transaction captured successfully
TXN10643,GW_RAZ_TXN10643,MERCH_103,499.0,INR,UPI,CAPTURED,2026-09-04T17:27:26,2026-09-04T17:28:05,2026-09-04T17:29:01,SUCCESS,Transaction captured successfully
TXN10644,GW_STR_TXN10644,MERCH_117,3500.0,INR,UPI,CAPTURED,2026-09-04T11:50:11,2026-09-04T11:50:23,2026-09-04T11:50:48,SUCCESS,Transaction captured successfully
TXN10645,GW_CAS_TXN10645,MERCH_122,999.0,INR,CARD,CAPTURED,2026-09-04T14:58:55,2026-09-04T14:59:18,2026-09-04T14:59:49,SUCCESS,Transaction captured successfully
TXN10646,GW_STR_TXN10646,MERCH_118,12000.0,INR,UPI,CAPTURED,2026-09-04T10:00:10,2026-09-04T10:00:50,2026-09-04T10:01:39,SUCCESS,Transaction captured successfully
TXN10647,GW_CAS_TXN10647,MERCH_116,499.0,INR,CARD,CAPTURED,2026-09-04T15:51:19,2026-09-04T15:51:37,2026-09-04T15:52:05,SUCCESS,Transaction captured successfully
TXN10648,GW_STR_TXN10648,MERCH_107,3500.0,INR,UPI,CAPTURED,2026-09-04T11:41:15,2026-09-04T11:41:59,2026-09-04T11:42:31,SUCCESS,Transaction captured successfully
TXN10649,GW_PAY_TXN10649,MERCH_114,4999.0,INR,UPI,CAPTURED,2026-09-04T11:47:44,2026-09-04T11:48:25,2026-09-04T11:49:15,SUCCESS,Transaction captured successfully
TXN10650,GW_CAS_TXN10650,MERCH_119,15000.0,INR,CARD,CAPTURED,2026-09-04T09:06:40,2026-09-04T09:07:17,2026-09-04T09:08:03,SUCCESS,Transaction captured successfully
TXN10651,GW_STR_TXN10651,MERCH_102,8900.0,INR,CARD,CAPTURED,2026-09-04T17:37:46,2026-09-04T17:38:27,2026-09-04T17:39:01,SUCCESS,Transaction captured successfully
TXN10652,GW_STR_TXN10652,MERCH_103,12000.0,INR,CARD,CAPTURED,2026-09-04T10:31:39,2026-09-04T10:32:11,2026-09-04T10:32:59,SUCCESS,Transaction captured successfully
TXN10653,GW_PAY_TXN10653,MERCH_112,15000.0,INR,CARD,CAPTURED,2026-09-04T14:58:38,2026-09-04T14:59:17,2026-09-04T14:59:45,SUCCESS,Transaction captured successfully
TXN10654,GW_PAY_TXN10654,MERCH_116,499.0,INR,UPI,CAPTURED,2026-09-04T13:44:47,2026-09-04T13:45:27,2026-09-04T13:45:55,SUCCESS,Transaction captured successfully
TXN10655,GW_PAY_TXN10655,MERCH_114,250.0,INR,CARD,CAPTURED,2026-09-04T12:35:03,2026-09-04T12:35:35,2026-09-04T12:36:11,SUCCESS,Transaction captured successfully
TXN10656,GW_RAZ_TXN10656,MERCH_103,1200.0,INR,CARD,CAPTURED,2026-09-04T12:07:35,2026-09-04T12:08:16,2026-09-04T12:08:52,SUCCESS,Transaction captured successfully
TXN10657,GW_RAZ_TXN10657,MERCH_105,4999.0,INR,NETBANKING,CAPTURED,2026-09-04T09:59:28,2026-09-04T09:59:45,2026-09-04T10:00:11,SUCCESS,Transaction captured successfully
TXN10658,GW_RAZ_TXN10658,MERCH_118,1200.0,INR,UPI,CAPTURED,2026-09-04T11:40:07,2026-09-04T11:40:40,2026-09-04T11:41:10,SUCCESS,Transaction captured successfully
TXN10659,GW_CAS_TXN10659,MERCH_104,1200.0,INR,UPI,CAPTURED,2026-09-04T11:07:54,2026-09-04T11:08:32,2026-09-04T11:09:18,SUCCESS,Transaction captured successfully
TXN10660,GW_RAZ_TXN10660,MERCH_110,3500.0,INR,NETBANKING,CAPTURED,2026-09-04T13:23:45,2026-09-04T13:24:18,2026-09-04T13:25:18,SUCCESS,Transaction captured successfully
TXN10661,GW_STR_TXN10661,MERCH_108,6500.0,INR,UPI,CAPTURED,2026-09-04T15:57:29,2026-09-04T15:58:02,2026-09-04T15:58:23,SUCCESS,Transaction captured successfully
TXN10662,GW_CAS_TXN10662,MERCH_103,3500.0,INR,UPI,CAPTURED,2026-09-04T15:49:10,2026-09-04T15:49:23,2026-09-04T15:50:08,SUCCESS,Transaction captured successfully
TXN10663,GW_CAS_TXN10663,MERCH_119,12000.0,INR,UPI,CAPTURED,2026-09-04T15:25:56,2026-09-04T15:26:41,2026-09-04T15:27:20,SUCCESS,Transaction captured successfully
TXN10664,GW_STR_TXN10664,MERCH_117,6500.0,INR,NETBANKING,CAPTURED,2026-09-04T16:41:13,2026-09-04T16:41:51,2026-09-04T16:42:33,SUCCESS,Transaction captured successfully
TXN10665,GW_STR_TXN10665,MERCH_102,1500.0,INR,NETBANKING,CAPTURED,2026-09-04T11:33:34,2026-09-04T11:33:57,2026-09-04T11:34:22,SUCCESS,Transaction captured successfully
TXN10666,GW_RAZ_TXN10666,MERCH_121,1200.0,INR,UPI,CAPTURED,2026-09-04T17:37:16,2026-09-04T17:37:45,2026-09-04T17:38:32,SUCCESS,Transaction captured successfully
TXN10667,GW_RAZ_TXN10667,MERCH_121,499.0,INR,NETBANKING,CAPTURED,2026-09-04T09:48:41,2026-09-04T09:49:19,2026-09-04T09:49:58,SUCCESS,Transaction captured successfully
TXN10668,GW_PAY_TXN10668,MERCH_124,12000.0,INR,NETBANKING,CAPTURED,2026-09-04T14:19:18,2026-09-04T14:19:36,2026-09-04T14:20:20,SUCCESS,Transaction captured successfully
TXN10669,GW_RAZ_TXN10669,MERCH_107,3500.0,INR,CARD,CAPTURED,2026-09-04T11:45:27,2026-09-04T11:45:42,2026-09-04T11:46:07,SUCCESS,Transaction captured successfully
TXN10670,GW_STR_TXN10670,MERCH_115,3500.0,INR,UPI,CAPTURED,2026-09-04T17:33:49,2026-09-04T17:34:15,2026-09-04T17:35:12,SUCCESS,Transaction captured successfully
TXN10671,GW_PAY_TXN10671,MERCH_116,4999.0,INR,NETBANKING,CAPTURED,2026-09-04T11:32:08,2026-09-04T11:32:47,2026-09-04T11:33:15,SUCCESS,Transaction captured successfully
TXN10672,GW_CAS_TXN10672,MERCH_116,3500.0,INR,UPI,CAPTURED,2026-09-04T10:38:54,2026-09-04T10:39:11,2026-09-04T10:39:38,SUCCESS,Transaction captured successfully
TXN10673,GW_CAS_TXN10673,MERCH_104,250.0,INR,CARD,CAPTURED,2026-09-04T13:18:31,2026-09-04T13:18:50,2026-09-04T13:19:19,SUCCESS,Transaction captured successfully
TXN10674,GW_STR_TXN10674,MERCH_110,2499.0,INR,UPI,CAPTURED,2026-09-04T09:07:35,2026-09-04T09:07:49,2026-09-04T09:08:11,SUCCESS,Transaction captured successfully
TXN10675,GW_PAY_TXN10675,MERCH_111,4999.0,INR,CARD,CAPTURED,2026-09-04T11:32:40,2026-09-04T11:33:18,2026-09-04T11:34:06,SUCCESS,Transaction captured successfully
TXN10676,GW_PAY_TXN10676,MERCH_120,250.0,INR,CARD,CAPTURED,2026-09-04T15:21:34,2026-09-04T15:22:12,2026-09-04T15:22:49,SUCCESS,Transaction captured successfully
TXN10677,GW_RAZ_TXN10677,MERCH_121,8900.0,INR,NETBANKING,CAPTURED,2026-09-04T17:05:12,2026-09-04T17:05:56,2026-09-04T17:06:52,SUCCESS,Transaction captured successfully
TXN10678,GW_PAY_TXN10678,MERCH_101,1200.0,INR,UPI,CAPTURED,2026-09-04T09:17:50,2026-09-04T09:18:15,2026-09-04T09:19:12,SUCCESS,Transaction captured successfully
TXN10679,GW_STR_TXN10679,MERCH_113,999.0,INR,NETBANKING,CAPTURED,2026-09-04T09:21:27,2026-09-04T09:22:03,2026-09-04T09:22:24,SUCCESS,Transaction captured successfully
TXN10680,GW_CAS_TXN10680,MERCH_104,499.0,INR,NETBANKING,CAPTURED,2026-09-04T11:11:16,2026-09-04T11:11:35,2026-09-04T11:12:14,SUCCESS,Transaction captured successfully
TXN10681,GW_CAS_TXN10681,MERCH_106,999.0,INR,UPI,CAPTURED,2026-09-04T15:06:20,2026-09-04T15:06:56,2026-09-04T15:07:36,SUCCESS,Transaction captured successfully
TXN10682,GW_PAY_TXN10682,MERCH_107,6500.0,INR,UPI,CAPTURED,2026-09-04T16:32:48,2026-09-04T16:33:22,2026-09-04T16:33:49,SUCCESS,Transaction captured successfully
TXN10683,GW_STR_TXN10683,MERCH_103,250.0,INR,CARD,CAPTURED,2026-09-04T12:58:56,2026-09-04T12:59:23,2026-09-04T13:00:18,SUCCESS,Transaction captured successfully
TXN10684,GW_STR_TXN10684,MERCH_105,12000.0,INR,CARD,CAPTURED,2026-09-04T16:05:54,2026-09-04T16:06:36,2026-09-04T16:07:09,SUCCESS,Transaction captured successfully
TXN10685,GW_STR_TXN10685,MERCH_108,4999.0,INR,NETBANKING,CAPTURED,2026-09-04T09:00:52,2026-09-04T09:01:20,2026-09-04T09:01:50,SUCCESS,Transaction captured successfully
TXN10686,GW_CAS_TXN10686,MERCH_120,6500.0,INR,CARD,CAPTURED,2026-09-04T12:37:53,2026-09-04T12:38:21,2026-09-04T12:38:43,SUCCESS,Transaction captured successfully
TXN10687,GW_PAY_TXN10687,MERCH_113,3500.0,INR,NETBANKING,CAPTURED,2026-09-04T17:17:56,2026-09-04T17:18:19,2026-09-04T17:19:18,SUCCESS,Transaction captured successfully
TXN10688,GW_CAS_TXN10688,MERCH_109,2499.0,INR,NETBANKING,CAPTURED,2026-09-04T12:42:20,2026-09-04T12:42:43,2026-09-04T12:43:32,SUCCESS,Transaction captured successfully
TXN10689,GW_RAZ_TXN10689,MERCH_101,3500.0,INR,NETBANKING,CAPTURED,2026-09-04T09:43:11,2026-09-04T09:43:56,2026-09-04T09:44:47,SUCCESS,Transaction captured successfully
TXN10690,GW_RAZ_TXN10690,MERCH_101,8900.0,INR,NETBANKING,CAPTURED,2026-09-04T14:52:24,2026-09-04T14:52:56,2026-09-04T14:53:40,SUCCESS,Transaction captured successfully
TXN10691,GW_PAY_TXN10691,MERCH_107,12000.0,INR,CARD,CAPTURED,2026-09-04T09:48:17,2026-09-04T09:48:49,2026-09-04T09:49:21,SUCCESS,Transaction captured successfully
TXN10692,GW_CAS_TXN10692,MERCH_116,15000.0,INR,CARD,CAPTURED,2026-09-04T16:57:45,2026-09-04T16:58:08,2026-09-04T16:58:28,SUCCESS,Transaction captured successfully
TXN10693,GW_PAY_TXN10693,MERCH_117,999.0,INR,CARD,CAPTURED,2026-09-04T11:04:37,2026-09-04T11:04:51,2026-09-04T11:05:19,SUCCESS,Transaction captured successfully
TXN10694,GW_CAS_TXN10694,MERCH_109,250.0,INR,UPI,CAPTURED,2026-09-04T17:56:29,2026-09-04T17:57:06,2026-09-04T17:57:29,SUCCESS,Transaction captured successfully
TXN10695,GW_STR_TXN10695,MERCH_104,250.0,INR,NETBANKING,CAPTURED,2026-09-04T16:23:33,2026-09-04T16:23:57,2026-09-04T16:24:20,SUCCESS,Transaction captured successfully
TXN10696,GW_RAZ_TXN10696,MERCH_113,15000.0,INR,UPI,CAPTURED,2026-09-04T09:47:14,2026-09-04T09:47:51,2026-09-04T09:48:15,SUCCESS,Transaction captured successfully
TXN10697,GW_RAZ_TXN10697,MERCH_121,250.0,INR,NETBANKING,CAPTURED,2026-09-04T16:27:51,2026-09-04T16:28:22,2026-09-04T16:28:58,SUCCESS,Transaction captured successfully
TXN10698,GW_PAY_TXN10698,MERCH_102,8900.0,INR,CARD,CAPTURED,2026-09-04T10:49:38,2026-09-04T10:50:16,2026-09-04T10:50:42,SUCCESS,Transaction captured successfully
TXN10699,GW_RAZ_TXN10699,MERCH_102,4999.0,INR,CARD,CAPTURED,2026-09-04T11:03:58,2026-09-04T11:04:11,2026-09-04T11:04:50,SUCCESS,Transaction captured successfully
TXN10700,GW_CAS_TXN10700,MERCH_102,8900.0,INR,NETBANKING,CAPTURED,2026-09-04T15:25:06,2026-09-04T15:25:42,2026-09-04T15:26:16,SUCCESS,Transaction captured successfully
TXN10701,GW_RAZ_TXN10701,MERCH_115,250.0,INR,CARD,CAPTURED,2026-09-04T14:41:43,2026-09-04T14:42:22,2026-09-04T14:43:15,SUCCESS,Transaction captured successfully
TXN10702,GW_PAY_TXN10702,MERCH_120,1500.0,INR,NETBANKING,CAPTURED,2026-09-04T11:40:32,2026-09-04T11:41:04,2026-09-04T11:41:50,SUCCESS,Transaction captured successfully
TXN10703,GW_CAS_TXN10703,MERCH_102,2499.0,INR,UPI,CAPTURED,2026-09-04T15:32:41,2026-09-04T15:33:10,2026-09-04T15:34:07,SUCCESS,Transaction captured successfully
TXN10704,GW_RAZ_TXN10704,MERCH_111,12000.0,INR,CARD,CAPTURED,2026-09-04T17:37:42,2026-09-04T17:38:01,2026-09-04T17:38:24,SUCCESS,Transaction captured successfully
TXN10705,GW_PAY_TXN10705,MERCH_102,1200.0,INR,CARD,CAPTURED,2026-09-04T12:40:58,2026-09-04T12:41:12,2026-09-04T12:41:53,SUCCESS,Transaction captured successfully
TXN10706,GW_CAS_TXN10706,MERCH_123,999.0,INR,CARD,CAPTURED,2026-09-04T13:26:21,2026-09-04T13:26:37,2026-09-04T13:27:26,SUCCESS,Transaction captured successfully
TXN10707,GW_STR_TXN10707,MERCH_108,15000.0,INR,NETBANKING,CAPTURED,2026-09-04T12:15:30,2026-09-04T12:16:01,2026-09-04T12:16:45,SUCCESS,Transaction captured successfully
TXN10708,GW_RAZ_TXN10708,MERCH_101,1500.0,INR,UPI,CAPTURED,2026-09-04T17:07:09,2026-09-04T17:07:47,2026-09-04T17:08:19,SUCCESS,Transaction captured successfully
TXN10709,GW_CAS_TXN10709,MERCH_101,1500.0,INR,UPI,CAPTURED,2026-09-04T11:14:56,2026-09-04T11:15:17,2026-09-04T11:15:58,SUCCESS,Transaction captured successfully
TXN10710,GW_PAY_TXN10710,MERCH_109,499.0,INR,UPI,CAPTURED,2026-09-04T15:41:50,2026-09-04T15:42:21,2026-09-04T15:42:54,SUCCESS,Transaction captured successfully
TXN10711,GW_STR_TXN10711,MERCH_106,999.0,INR,NETBANKING,CAPTURED,2026-09-04T10:07:09,2026-09-04T10:07:31,2026-09-04T10:08:03,SUCCESS,Transaction captured successfully
TXN10712,GW_RAZ_TXN10712,MERCH_114,1500.0,INR,NETBANKING,CAPTURED,2026-09-04T12:54:34,2026-09-04T12:54:53,2026-09-04T12:55:33,SUCCESS,Transaction captured successfully
TXN10713,GW_STR_TXN10713,MERCH_105,4999.0,INR,NETBANKING,CAPTURED,2026-09-04T12:46:05,2026-09-04T12:46:19,2026-09-04T12:46:49,SUCCESS,Transaction captured successfully
TXN10714,GW_PAY_TXN10714,MERCH_116,6500.0,INR,NETBANKING,CAPTURED,2026-09-04T14:45:23,2026-09-04T14:46:03,2026-09-04T14:46:54,SUCCESS,Transaction captured successfully
TXN10715,GW_PAY_TXN10715,MERCH_102,3500.0,INR,UPI,CAPTURED,2026-09-04T16:55:15,2026-09-04T16:55:38,2026-09-04T16:56:17,SUCCESS,Transaction captured successfully
TXN10716,GW_RAZ_TXN10716,MERCH_118,2499.0,INR,UPI,CAPTURED,2026-09-04T13:28:33,2026-09-04T13:28:57,2026-09-04T13:29:54,SUCCESS,Transaction captured successfully
TXN10717,GW_STR_TXN10717,MERCH_115,2499.0,INR,CARD,CAPTURED,2026-09-04T14:51:31,2026-09-04T14:51:58,2026-09-04T14:52:42,SUCCESS,Transaction captured successfully
TXN10718,GW_CAS_TXN10718,MERCH_103,12000.0,INR,CARD,CAPTURED,2026-09-04T17:32:34,2026-09-04T17:32:49,2026-09-04T17:33:26,SUCCESS,Transaction captured successfully
TXN10719,GW_PAY_TXN10719,MERCH_118,15000.0,INR,UPI,CAPTURED,2026-09-04T14:16:19,2026-09-04T14:16:46,2026-09-04T14:17:18,SUCCESS,Transaction captured successfully
TXN10720,GW_CAS_TXN10720,MERCH_109,3500.0,INR,UPI,CAPTURED,2026-09-04T14:50:25,2026-09-04T14:50:35,2026-09-04T14:51:25,SUCCESS,Transaction captured successfully
TXN10721,GW_PAY_TXN10721,MERCH_113,8900.0,INR,UPI,CAPTURED,2026-09-04T16:14:33,2026-09-04T16:15:18,2026-09-04T16:16:07,SUCCESS,Transaction captured successfully
TXN10722,GW_PAY_TXN10722,MERCH_107,6500.0,INR,CARD,CAPTURED,2026-09-04T16:28:54,2026-09-04T16:29:05,2026-09-04T16:29:48,SUCCESS,Transaction captured successfully
TXN10723,GW_CAS_TXN10723,MERCH_124,3500.0,INR,UPI,CAPTURED,2026-09-04T14:14:26,2026-09-04T14:15:01,2026-09-04T14:15:55,SUCCESS,Transaction captured successfully
TXN10724,GW_CAS_TXN10724,MERCH_102,3500.0,INR,UPI,CAPTURED,2026-09-04T15:24:13,2026-09-04T15:24:27,2026-09-04T15:25:21,SUCCESS,Transaction captured successfully
TXN10725,GW_RAZ_TXN10725,MERCH_115,6500.0,INR,NETBANKING,CAPTURED,2026-09-04T11:06:43,2026-09-04T11:07:04,2026-09-04T11:07:26,SUCCESS,Transaction captured successfully
TXN10726,GW_PAY_TXN10726,MERCH_113,499.0,INR,CARD,CAPTURED,2026-09-04T13:42:33,2026-09-04T13:43:12,2026-09-04T13:43:35,SUCCESS,Transaction captured successfully
TXN10727,GW_RAZ_TXN10727,MERCH_114,4999.0,INR,CARD,CAPTURED,2026-09-04T11:34:26,2026-09-04T11:34:40,2026-09-04T11:35:24,SUCCESS,Transaction captured successfully
TXN10728,GW_PAY_TXN10728,MERCH_123,6500.0,INR,NETBANKING,CAPTURED,2026-09-04T13:37:12,2026-09-04T13:37:51,2026-09-04T13:38:28,SUCCESS,Transaction captured successfully
TXN10729,GW_CAS_TXN10729,MERCH_113,8900.0,INR,NETBANKING,CAPTURED,2026-09-04T16:29:29,2026-09-04T16:29:41,2026-09-04T16:30:06,SUCCESS,Transaction captured successfully
TXN10730,GW_STR_TXN10730,MERCH_123,999.0,INR,NETBANKING,CAPTURED,2026-09-04T11:26:15,2026-09-04T11:26:52,2026-09-04T11:27:41,SUCCESS,Transaction captured successfully
TXN10731,GW_PAY_TXN10731,MERCH_113,12000.0,INR,NETBANKING,CAPTURED,2026-09-04T11:17:56,2026-09-04T11:18:40,2026-09-04T11:19:18,SUCCESS,Transaction captured successfully
TXN10732,GW_RAZ_TXN10732,MERCH_118,2499.0,INR,UPI,CAPTURED,2026-09-04T10:32:49,2026-09-04T10:33:25,2026-09-04T10:34:13,SUCCESS,Transaction captured successfully
TXN10733,GW_STR_TXN10733,MERCH_101,1200.0,INR,UPI,CAPTURED,2026-09-04T14:47:25,2026-09-04T14:48:00,2026-09-04T14:48:22,SUCCESS,Transaction captured successfully
TXN10734,GW_STR_TXN10734,MERCH_122,6500.0,INR,NETBANKING,CAPTURED,2026-09-04T16:04:05,2026-09-04T16:04:30,2026-09-04T16:05:18,SUCCESS,Transaction captured successfully
TXN10735,GW_PAY_TXN10735,MERCH_101,15000.0,INR,NETBANKING,CAPTURED,2026-09-04T13:07:34,2026-09-04T13:08:09,2026-09-04T13:08:39,SUCCESS,Transaction captured successfully
TXN10736,GW_PAY_TXN10736,MERCH_115,6500.0,INR,CARD,CAPTURED,2026-09-04T09:57:43,2026-09-04T09:58:06,2026-09-04T09:58:54,SUCCESS,Transaction captured successfully
TXN10737,GW_RAZ_TXN10737,MERCH_123,3500.0,INR,CARD,CAPTURED,2026-09-04T09:03:49,2026-09-04T09:04:11,2026-09-04T09:04:46,SUCCESS,Transaction captured successfully
TXN10738,GW_PAY_TXN10738,MERCH_101,499.0,INR,UPI,CAPTURED,2026-09-04T10:14:56,2026-09-04T10:15:16,2026-09-04T10:15:46,SUCCESS,Transaction captured successfully
TXN10739,GW_PAY_TXN10739,MERCH_118,499.0,INR,NETBANKING,CAPTURED,2026-09-04T17:25:27,2026-09-04T17:25:51,2026-09-04T17:26:24,SUCCESS,Transaction captured successfully
TXN10740,GW_STR_TXN10740,MERCH_121,499.0,INR,CARD,CAPTURED,2026-09-04T12:29:14,2026-09-04T12:29:41,2026-09-04T12:30:40,SUCCESS,Transaction captured successfully
TXN10741,GW_RAZ_TXN10741,MERCH_110,8900.0,INR,NETBANKING,CAPTURED,2026-09-04T17:50:59,2026-09-04T17:51:19,2026-09-04T17:51:55,SUCCESS,Transaction captured successfully
TXN10742,GW_CAS_TXN10742,MERCH_125,15000.0,INR,NETBANKING,CAPTURED,2026-09-04T11:40:48,2026-09-04T11:41:18,2026-09-04T11:42:08,SUCCESS,Transaction captured successfully
TXN10743,GW_RAZ_TXN10743,MERCH_117,499.0,INR,NETBANKING,CAPTURED,2026-09-04T12:01:39,2026-09-04T12:02:08,2026-09-04T12:02:43,SUCCESS,Transaction captured successfully
TXN10744,GW_PAY_TXN10744,MERCH_112,12000.0,INR,CARD,CAPTURED,2026-09-04T11:24:13,2026-09-04T11:24:25,2026-09-04T11:25:00,SUCCESS,Transaction captured successfully
TXN10745,GW_STR_TXN10745,MERCH_109,1200.0,INR,CARD,CAPTURED,2026-09-04T13:48:01,2026-09-04T13:48:32,2026-09-04T13:49:13,SUCCESS,Transaction captured successfully
TXN10746,GW_STR_TXN10746,MERCH_122,4999.0,INR,NETBANKING,CAPTURED,2026-09-04T17:20:11,2026-09-04T17:20:21,2026-09-04T17:20:45,SUCCESS,Transaction captured successfully
TXN10747,GW_RAZ_TXN10747,MERCH_105,1200.0,INR,UPI,CAPTURED,2026-09-04T11:37:35,2026-09-04T11:38:00,2026-09-04T11:38:52,SUCCESS,Transaction captured successfully
TXN10748,GW_STR_TXN10748,MERCH_124,1500.0,INR,UPI,CAPTURED,2026-09-04T11:38:15,2026-09-04T11:38:43,2026-09-04T11:39:39,SUCCESS,Transaction captured successfully
TXN10749,GW_PAY_TXN10749,MERCH_112,6500.0,INR,CARD,CAPTURED,2026-09-04T16:28:27,2026-09-04T16:29:04,2026-09-04T16:29:33,SUCCESS,Transaction captured successfully
TXN10750,GW_PAY_TXN10750,MERCH_103,1500.0,INR,CARD,CAPTURED,2026-09-04T17:46:11,2026-09-04T17:46:45,2026-09-04T17:47:34,SUCCESS,Transaction captured successfully
TXN10751,GW_PAY_TXN10751,MERCH_116,1200.0,INR,UPI,CAPTURED,2026-09-04T16:12:09,2026-09-04T16:12:19,2026-09-04T16:12:39,SUCCESS,Transaction captured successfully
TXN10752,GW_STR_TXN10752,MERCH_113,8900.0,INR,NETBANKING,CAPTURED,2026-09-04T16:19:41,2026-09-04T16:19:55,2026-09-04T16:20:41,SUCCESS,Transaction captured successfully
TXN10753,GW_CAS_TXN10753,MERCH_107,12000.0,INR,CARD,CAPTURED,2026-09-04T17:45:31,2026-09-04T17:46:04,2026-09-04T17:46:27,SUCCESS,Transaction captured successfully
TXN10754,GW_RAZ_TXN10754,MERCH_116,4999.0,INR,UPI,CAPTURED,2026-09-04T11:16:38,2026-09-04T11:16:57,2026-09-04T11:17:33,SUCCESS,Transaction captured successfully
TXN10755,GW_STR_TXN10755,MERCH_104,1200.0,INR,UPI,CAPTURED,2026-09-04T10:33:58,2026-09-04T10:34:35,2026-09-04T10:35:05,SUCCESS,Transaction captured successfully
TXN10756,GW_CAS_TXN10756,MERCH_122,15000.0,INR,CARD,CAPTURED,2026-09-04T15:48:56,2026-09-04T15:49:11,2026-09-04T15:49:37,SUCCESS,Transaction captured successfully
TXN10757,GW_STR_TXN10757,MERCH_105,4999.0,INR,CARD,CAPTURED,2026-09-04T13:00:10,2026-09-04T13:00:20,2026-09-04T13:00:46,SUCCESS,Transaction captured successfully
TXN10758,GW_CAS_TXN10758,MERCH_114,1200.0,INR,UPI,CAPTURED,2026-09-04T11:45:08,2026-09-04T11:45:49,2026-09-04T11:46:20,SUCCESS,Transaction captured successfully
TXN10759,GW_PAY_TXN10759,MERCH_107,3500.0,INR,UPI,CAPTURED,2026-09-04T13:57:55,2026-09-04T13:58:33,2026-09-04T13:59:33,SUCCESS,Transaction captured successfully
TXN10760,GW_RAZ_TXN10760,MERCH_110,250.0,INR,UPI,CAPTURED,2026-09-04T13:04:21,2026-09-04T13:04:46,2026-09-04T13:05:36,SUCCESS,Transaction captured successfully
TXN10761,GW_RAZ_TXN10761,MERCH_109,250.0,INR,UPI,CAPTURED,2026-09-04T10:13:33,2026-09-04T10:14:07,2026-09-04T10:15:05,SUCCESS,Transaction captured successfully
TXN10762,GW_CAS_TXN10762,MERCH_111,2499.0,INR,NETBANKING,CAPTURED,2026-09-04T14:43:56,2026-09-04T14:44:26,2026-09-04T14:45:01,SUCCESS,Transaction captured successfully
TXN10763,GW_RAZ_TXN10763,MERCH_112,3500.0,INR,CARD,CAPTURED,2026-09-04T16:55:44,2026-09-04T16:56:02,2026-09-04T16:56:23,SUCCESS,Transaction captured successfully
TXN10764,GW_STR_TXN10764,MERCH_123,12000.0,INR,UPI,CAPTURED,2026-09-04T16:32:26,2026-09-04T16:32:48,2026-09-04T16:33:08,SUCCESS,Transaction captured successfully
TXN10765,GW_STR_TXN10765,MERCH_102,3500.0,INR,NETBANKING,CAPTURED,2026-09-04T12:38:31,2026-09-04T12:38:46,2026-09-04T12:39:28,SUCCESS,Transaction captured successfully
TXN10766,GW_PAY_TXN10766,MERCH_113,8900.0,INR,CARD,CAPTURED,2026-09-04T11:55:33,2026-09-04T11:56:15,2026-09-04T11:56:37,SUCCESS,Transaction captured successfully
TXN10767,GW_PAY_TXN10767,MERCH_122,12000.0,INR,NETBANKING,CAPTURED,2026-09-04T16:07:30,2026-09-04T16:08:14,2026-09-04T16:08:49,SUCCESS,Transaction captured successfully
TXN10768,GW_PAY_TXN10768,MERCH_114,1500.0,INR,NETBANKING,CAPTURED,2026-09-04T14:57:24,2026-09-04T14:57:48,2026-09-04T14:58:24,SUCCESS,Transaction captured successfully
TXN10769,GW_RAZ_TXN10769,MERCH_118,8900.0,INR,NETBANKING,CAPTURED,2026-09-04T14:55:14,2026-09-04T14:55:28,2026-09-04T14:56:09,SUCCESS,Transaction captured successfully
TXN10770,GW_CAS_TXN10770,MERCH_114,499.0,INR,UPI,CAPTURED,2026-09-04T10:18:05,2026-09-04T10:18:20,2026-09-04T10:19:01,SUCCESS,Transaction captured successfully
TXN10771,GW_STR_TXN10771,MERCH_112,8900.0,INR,UPI,CAPTURED,2026-09-04T09:19:03,2026-09-04T09:19:47,2026-09-04T09:20:19,SUCCESS,Transaction captured successfully
TXN10772,GW_PAY_TXN10772,MERCH_122,6500.0,INR,UPI,CAPTURED,2026-09-04T10:25:00,2026-09-04T10:25:39,2026-09-04T10:26:19,SUCCESS,Transaction captured successfully
TXN10773,GW_CAS_TXN10773,MERCH_115,15000.0,INR,UPI,CAPTURED,2026-09-04T11:47:42,2026-09-04T11:47:54,2026-09-04T11:48:52,SUCCESS,Transaction captured successfully
TXN10774,GW_PAY_TXN10774,MERCH_123,3500.0,INR,NETBANKING,CAPTURED,2026-09-04T16:18:45,2026-09-04T16:18:58,2026-09-04T16:19:39,SUCCESS,Transaction captured successfully
TXN10775,GW_STR_TXN10775,MERCH_124,12000.0,INR,UPI,CAPTURED,2026-09-04T15:19:52,2026-09-04T15:20:12,2026-09-04T15:20:33,SUCCESS,Transaction captured successfully
TXN10776,GW_RAZ_TXN10776,MERCH_125,1500.0,INR,CARD,CAPTURED,2026-09-04T17:46:18,2026-09-04T17:46:40,2026-09-04T17:47:35,SUCCESS,Transaction captured successfully
TXN10777,GW_STR_TXN10777,MERCH_102,4999.0,INR,NETBANKING,CAPTURED,2026-09-04T11:36:08,2026-09-04T11:36:48,2026-09-04T11:37:26,SUCCESS,Transaction captured successfully
TXN10778,GW_RAZ_TXN10778,MERCH_121,12000.0,INR,UPI,CAPTURED,2026-09-04T11:24:27,2026-09-04T11:24:47,2026-09-04T11:25:10,SUCCESS,Transaction captured successfully
TXN10779,GW_CAS_TXN10779,MERCH_102,15000.0,INR,UPI,CAPTURED,2026-09-04T15:09:40,2026-09-04T15:10:15,2026-09-04T15:10:50,SUCCESS,Transaction captured successfully
TXN10780,GW_STR_TXN10780,MERCH_123,12000.0,INR,NETBANKING,CAPTURED,2026-09-04T10:49:29,2026-09-04T10:50:03,2026-09-04T10:50:40,SUCCESS,Transaction captured successfully
TXN10781,GW_STR_TXN10781,MERCH_104,8900.0,INR,UPI,CAPTURED,2026-09-04T17:14:01,2026-09-04T17:14:41,2026-09-04T17:15:18,SUCCESS,Transaction captured successfully
TXN10782,GW_PAY_TXN10782,MERCH_123,15000.0,INR,CARD,CAPTURED,2026-09-04T10:20:04,2026-09-04T10:20:48,2026-09-04T10:21:19,SUCCESS,Transaction captured successfully
TXN10783,GW_RAZ_TXN10783,MERCH_117,499.0,INR,CARD,CAPTURED,2026-09-04T12:42:57,2026-09-04T12:43:18,2026-09-04T12:44:16,SUCCESS,Transaction captured successfully
TXN10784,GW_PAY_TXN10784,MERCH_102,1500.0,INR,UPI,CAPTURED,2026-09-04T11:05:35,2026-09-04T11:05:47,2026-09-04T11:06:12,SUCCESS,Transaction captured successfully
TXN10785,GW_PAY_TXN10785,MERCH_114,1500.0,INR,NETBANKING,CAPTURED,2026-09-04T13:02:33,2026-09-04T13:03:17,2026-09-04T13:04:05,SUCCESS,Transaction captured successfully
TXN10786,GW_PAY_TXN10786,MERCH_112,250.0,INR,NETBANKING,CAPTURED,2026-09-04T10:42:52,2026-09-04T10:43:17,2026-09-04T10:43:39,SUCCESS,Transaction captured successfully
TXN10787,GW_CAS_TXN10787,MERCH_120,8900.0,INR,NETBANKING,CAPTURED,2026-09-04T13:08:46,2026-09-04T13:09:23,2026-09-04T13:09:47,SUCCESS,Transaction captured successfully
TXN10788,GW_STR_TXN10788,MERCH_115,499.0,INR,UPI,CAPTURED,2026-09-04T11:34:13,2026-09-04T11:34:40,2026-09-04T11:35:40,SUCCESS,Transaction captured successfully
TXN10789,GW_PAY_TXN10789,MERCH_121,2499.0,INR,NETBANKING,CAPTURED,2026-09-04T15:52:09,2026-09-04T15:52:46,2026-09-04T15:53:30,SUCCESS,Transaction captured successfully
TXN10790,GW_STR_TXN10790,MERCH_118,499.0,INR,UPI,CAPTURED,2026-09-04T10:21:40,2026-09-04T10:22:13,2026-09-04T10:22:54,SUCCESS,Transaction captured successfully
TXN10791,GW_PAY_TXN10791,MERCH_101,499.0,INR,UPI,CAPTURED,2026-09-04T15:06:50,2026-09-04T15:07:11,2026-09-04T15:08:04,SUCCESS,Transaction captured successfully
TXN10792,GW_CAS_TXN10792,MERCH_117,499.0,INR,CARD,CAPTURED,2026-09-04T17:17:38,2026-09-04T17:17:51,2026-09-04T17:18:21,SUCCESS,Transaction captured successfully
TXN10793,GW_PAY_TXN10793,MERCH_120,6500.0,INR,CARD,CAPTURED,2026-09-04T13:00:43,2026-09-04T13:01:02,2026-09-04T13:01:30,SUCCESS,Transaction captured successfully
TXN10794,GW_PAY_TXN10794,MERCH_124,999.0,INR,NETBANKING,CAPTURED,2026-09-04T15:45:29,2026-09-04T15:46:07,2026-09-04T15:46:49,SUCCESS,Transaction captured successfully
TXN10795,GW_RAZ_TXN10795,MERCH_123,2499.0,INR,UPI,CAPTURED,2026-09-04T13:26:49,2026-09-04T13:27:04,2026-09-04T13:28:04,SUCCESS,Transaction captured successfully
TXN10796,GW_CAS_TXN10796,MERCH_119,250.0,INR,UPI,CAPTURED,2026-09-04T17:59:31,2026-09-04T18:00:08,2026-09-04T18:01:00,SUCCESS,Transaction captured successfully
TXN10797,GW_PAY_TXN10797,MERCH_104,15000.0,INR,CARD,CAPTURED,2026-09-04T09:45:27,2026-09-04T09:46:11,2026-09-04T09:46:53,SUCCESS,Transaction captured successfully
TXN10798,GW_STR_TXN10798,MERCH_120,6500.0,INR,UPI,CAPTURED,2026-09-04T11:43:59,2026-09-04T11:44:23,2026-09-04T11:44:54,SUCCESS,Transaction captured successfully
TXN10799,GW_STR_TXN10799,MERCH_102,2499.0,INR,CARD,CAPTURED,2026-09-04T11:23:07,2026-09-04T11:23:32,2026-09-04T11:24:26,SUCCESS,Transaction captured successfully
TXN10800,GW_STR_TXN10800,MERCH_107,12000.0,INR,UPI,CAPTURED,2026-09-04T12:59:19,2026-09-04T13:00:01,2026-09-04T13:00:23,SUCCESS,Transaction captured successfully
TXN10801,GW_CAS_TXN10801,MERCH_101,250.0,INR,NETBANKING,CAPTURED,2026-09-04T13:22:06,2026-09-04T13:22:38,2026-09-04T13:23:09,SUCCESS,Transaction captured successfully
TXN10802,GW_PAY_TXN10802,MERCH_107,4999.0,INR,UPI,CAPTURED,2026-09-04T15:07:58,2026-09-04T15:08:08,2026-09-04T15:08:37,SUCCESS,Transaction captured successfully
TXN10803,GW_CAS_TXN10803,MERCH_112,4999.0,INR,CARD,CAPTURED,2026-09-04T10:28:42,2026-09-04T10:29:02,2026-09-04T10:29:30,SUCCESS,Transaction captured successfully
TXN10804,GW_PAY_TXN10804,MERCH_107,2499.0,INR,CARD,CAPTURED,2026-09-04T15:26:47,2026-09-04T15:26:59,2026-09-04T15:27:29,SUCCESS,Transaction captured successfully
TXN10805,GW_STR_TXN10805,MERCH_114,3500.0,INR,CARD,CAPTURED,2026-09-04T11:20:48,2026-09-04T11:21:30,2026-09-04T11:22:14,SUCCESS,Transaction captured successfully
TXN10806,GW_RAZ_TXN10806,MERCH_105,2499.0,INR,CARD,CAPTURED,2026-09-04T12:03:43,2026-09-04T12:04:20,2026-09-04T12:05:18,SUCCESS,Transaction captured successfully
TXN10807,GW_PAY_TXN10807,MERCH_103,1500.0,INR,CARD,CAPTURED,2026-09-04T17:11:15,2026-09-04T17:11:32,2026-09-04T17:12:08,SUCCESS,Transaction captured successfully
TXN10808,GW_PAY_TXN10808,MERCH_123,12000.0,INR,UPI,CAPTURED,2026-09-04T12:54:37,2026-09-04T12:54:56,2026-09-04T12:55:30,SUCCESS,Transaction captured successfully
TXN10809,GW_PAY_TXN10809,MERCH_105,3500.0,INR,CARD,CAPTURED,2026-09-04T10:55:03,2026-09-04T10:55:39,2026-09-04T10:56:32,SUCCESS,Transaction captured successfully
TXN10810,GW_STR_TXN10810,MERCH_114,1500.0,INR,CARD,CAPTURED,2026-09-04T09:19:07,2026-09-04T09:19:40,2026-09-04T09:20:17,SUCCESS,Transaction captured successfully
TXN10811,GW_CAS_TXN10811,MERCH_102,1500.0,INR,UPI,CAPTURED,2026-09-04T12:18:30,2026-09-04T12:18:46,2026-09-04T12:19:33,SUCCESS,Transaction captured successfully
TXN10812,GW_RAZ_TXN10812,MERCH_110,999.0,INR,UPI,CAPTURED,2026-09-04T17:49:55,2026-09-04T17:50:26,2026-09-04T17:51:09,SUCCESS,Transaction captured successfully
TXN10813,GW_STR_TXN10813,MERCH_121,999.0,INR,CARD,CAPTURED,2026-09-04T10:56:06,2026-09-04T10:56:23,2026-09-04T10:56:45,SUCCESS,Transaction captured successfully
TXN10814,GW_CAS_TXN10814,MERCH_115,1200.0,INR,UPI,CAPTURED,2026-09-04T13:46:30,2026-09-04T13:47:14,2026-09-04T13:47:43,SUCCESS,Transaction captured successfully
TXN10815,GW_CAS_TXN10815,MERCH_109,499.0,INR,NETBANKING,CAPTURED,2026-09-04T16:40:45,2026-09-04T16:41:22,2026-09-04T16:41:46,SUCCESS,Transaction captured successfully
TXN10816,GW_CAS_TXN10816,MERCH_101,8900.0,INR,UPI,CAPTURED,2026-09-04T11:18:02,2026-09-04T11:18:15,2026-09-04T11:18:47,SUCCESS,Transaction captured successfully
TXN10817,GW_STR_TXN10817,MERCH_106,3500.0,INR,CARD,CAPTURED,2026-09-04T17:49:24,2026-09-04T17:49:51,2026-09-04T17:50:24,SUCCESS,Transaction captured successfully
TXN10818,GW_STR_TXN10818,MERCH_123,6500.0,INR,UPI,CAPTURED,2026-09-04T17:45:46,2026-09-04T17:46:12,2026-09-04T17:46:51,SUCCESS,Transaction captured successfully
TXN10819,GW_PAY_TXN10819,MERCH_106,999.0,INR,UPI,CAPTURED,2026-09-04T13:02:40,2026-09-04T13:03:07,2026-09-04T13:03:35,SUCCESS,Transaction captured successfully
TXN10820,GW_RAZ_TXN10820,MERCH_107,2499.0,INR,NETBANKING,CAPTURED,2026-09-04T14:40:38,2026-09-04T14:41:08,2026-09-04T14:41:33,SUCCESS,Transaction captured successfully
TXN10821,GW_RAZ_TXN10821,MERCH_120,1200.0,INR,CARD,CAPTURED,2026-09-04T09:52:22,2026-09-04T09:52:49,2026-09-04T09:53:20,SUCCESS,Transaction captured successfully
TXN10822,GW_CAS_TXN10822,MERCH_124,4999.0,INR,NETBANKING,CAPTURED,2026-09-04T17:13:52,2026-09-04T17:14:16,2026-09-04T17:14:56,SUCCESS,Transaction captured successfully
TXN10823,GW_CAS_TXN10823,MERCH_115,499.0,INR,UPI,CAPTURED,2026-09-04T11:57:30,2026-09-04T11:58:11,2026-09-04T11:58:42,SUCCESS,Transaction captured successfully
TXN10824,GW_CAS_TXN10824,MERCH_119,999.0,INR,CARD,CAPTURED,2026-09-04T09:19:10,2026-09-04T09:19:45,2026-09-04T09:20:43,SUCCESS,Transaction captured successfully
TXN10825,GW_RAZ_TXN10825,MERCH_115,250.0,INR,NETBANKING,CAPTURED,2026-09-04T17:08:46,2026-09-04T17:09:02,2026-09-04T17:09:46,SUCCESS,Transaction captured successfully
TXN10826,GW_PAY_TXN10826,MERCH_121,12000.0,INR,UPI,CAPTURED,2026-09-04T10:17:09,2026-09-04T10:17:19,2026-09-04T10:17:39,SUCCESS,Transaction captured successfully
TXN10827,GW_PAY_TXN10827,MERCH_123,4999.0,INR,UPI,CAPTURED,2026-09-04T16:48:36,2026-09-04T16:48:56,2026-09-04T16:49:35,SUCCESS,Transaction captured successfully
TXN10828,GW_RAZ_TXN10828,MERCH_123,499.0,INR,CARD,CAPTURED,2026-09-04T09:52:02,2026-09-04T09:52:46,2026-09-04T09:53:24,SUCCESS,Transaction captured successfully
TXN10829,GW_PAY_TXN10829,MERCH_101,2499.0,INR,UPI,CAPTURED,2026-09-04T15:24:09,2026-09-04T15:24:37,2026-09-04T15:25:11,SUCCESS,Transaction captured successfully
TXN10830,GW_RAZ_TXN10830,MERCH_106,8900.0,INR,UPI,CAPTURED,2026-09-04T13:22:04,2026-09-04T13:22:35,2026-09-04T13:23:02,SUCCESS,Transaction captured successfully
TXN10831,GW_CAS_TXN10831,MERCH_106,999.0,INR,CARD,CAPTURED,2026-09-04T11:43:27,2026-09-04T11:43:56,2026-09-04T11:44:55,SUCCESS,Transaction captured successfully
TXN10832,GW_CAS_TXN10832,MERCH_116,999.0,INR,NETBANKING,CAPTURED,2026-09-04T10:50:00,2026-09-04T10:50:19,2026-09-04T10:50:59,SUCCESS,Transaction captured successfully
TXN10833,GW_STR_TXN10833,MERCH_103,2499.0,INR,UPI,CAPTURED,2026-09-04T13:09:05,2026-09-04T13:09:23,2026-09-04T13:09:54,SUCCESS,Transaction captured successfully
TXN10834,GW_CAS_TXN10834,MERCH_123,1200.0,INR,CARD,CAPTURED,2026-09-04T11:51:41,2026-09-04T11:52:15,2026-09-04T11:53:01,SUCCESS,Transaction captured successfully
TXN10835,GW_RAZ_TXN10835,MERCH_118,15000.0,INR,UPI,CAPTURED,2026-09-04T15:33:36,2026-09-04T15:34:00,2026-09-04T15:34:25,SUCCESS,Transaction captured successfully
TXN10836,GW_RAZ_TXN10836,MERCH_118,2499.0,INR,CARD,CAPTURED,2026-09-04T09:58:22,2026-09-04T09:58:40,2026-09-04T09:59:18,SUCCESS,Transaction captured successfully
TXN10837,GW_PAY_TXN10837,MERCH_114,499.0,INR,UPI,CAPTURED,2026-09-04T09:47:08,2026-09-04T09:47:27,2026-09-04T09:48:11,SUCCESS,Transaction captured successfully
TXN10838,GW_PAY_TXN10838,MERCH_119,999.0,INR,UPI,CAPTURED,2026-09-04T09:09:23,2026-09-04T09:09:38,2026-09-04T09:10:13,SUCCESS,Transaction captured successfully
TXN10839,GW_PAY_TXN10839,MERCH_125,4999.0,INR,UPI,CAPTURED,2026-09-04T17:44:19,2026-09-04T17:44:55,2026-09-04T17:45:36,SUCCESS,Transaction captured successfully
TXN10840,GW_PAY_TXN10840,MERCH_105,3500.0,INR,UPI,CAPTURED,2026-09-04T17:10:00,2026-09-04T17:10:37,2026-09-04T17:11:26,SUCCESS,Transaction captured successfully
TXN10841,GW_PAY_TXN10841,MERCH_123,3500.0,INR,UPI,CAPTURED,2026-09-04T13:05:33,2026-09-04T13:05:51,2026-09-04T13:06:24,SUCCESS,Transaction captured successfully
TXN10842,GW_RAZ_TXN10842,MERCH_124,12000.0,INR,NETBANKING,CAPTURED,2026-09-04T16:30:20,2026-09-04T16:30:55,2026-09-04T16:31:39,SUCCESS,Transaction captured successfully
TXN10843,GW_RAZ_TXN10843,MERCH_109,2499.0,INR,UPI,CAPTURED,2026-09-04T14:38:49,2026-09-04T14:39:00,2026-09-04T14:39:35,SUCCESS,Transaction captured successfully
TXN10844,GW_PAY_TXN10844,MERCH_120,250.0,INR,UPI,CAPTURED,2026-09-04T17:12:40,2026-09-04T17:13:05,2026-09-04T17:13:42,SUCCESS,Transaction captured successfully
TXN10845,GW_CAS_TXN10845,MERCH_116,2499.0,INR,UPI,CAPTURED,2026-09-04T10:19:00,2026-09-04T10:19:28,2026-09-04T10:20:13,SUCCESS,Transaction captured successfully
TXN10846,GW_CAS_TXN10846,MERCH_112,6500.0,INR,UPI,CAPTURED,2026-09-04T15:57:47,2026-09-04T15:58:03,2026-09-04T15:58:55,SUCCESS,Transaction captured successfully
TXN10847,GW_PAY_TXN10847,MERCH_119,499.0,INR,UPI,CAPTURED,2026-09-04T11:43:29,2026-09-04T11:43:44,2026-09-04T11:44:18,SUCCESS,Transaction captured successfully
TXN10848,GW_CAS_TXN10848,MERCH_117,2499.0,INR,NETBANKING,CAPTURED,2026-09-04T16:50:08,2026-09-04T16:50:36,2026-09-04T16:51:19,SUCCESS,Transaction captured successfully
TXN10849,GW_RAZ_TXN10849,MERCH_107,4999.0,INR,NETBANKING,CAPTURED,2026-09-04T11:36:40,2026-09-04T11:36:56,2026-09-04T11:37:16,SUCCESS,Transaction captured successfully
TXN10850,GW_PAY_TXN10850,MERCH_104,1500.0,INR,CARD,CAPTURED,2026-09-04T13:10:04,2026-09-04T13:10:37,2026-09-04T13:11:19,SUCCESS,Transaction captured successfully
TXN10851,GW_PAY_TXN10851,MERCH_116,250.0,INR,CARD,CAPTURED,2026-09-04T10:36:31,2026-09-04T10:37:04,2026-09-04T10:37:42,SUCCESS,Transaction captured successfully
TXN10852,GW_CAS_TXN10852,MERCH_112,3500.0,INR,NETBANKING,CAPTURED,2026-09-04T14:05:43,2026-09-04T14:06:25,2026-09-04T14:07:13,SUCCESS,Transaction captured successfully
TXN10853,GW_RAZ_TXN10853,MERCH_108,1500.0,INR,NETBANKING,CAPTURED,2026-09-04T11:54:06,2026-09-04T11:54:40,2026-09-04T11:55:10,SUCCESS,Transaction captured successfully
TXN10854,GW_CAS_TXN10854,MERCH_115,6500.0,INR,NETBANKING,CAPTURED,2026-09-04T16:29:41,2026-09-04T16:30:20,2026-09-04T16:30:46,SUCCESS,Transaction captured successfully
TXN10855,GW_CAS_TXN10855,MERCH_114,8900.0,INR,UPI,CAPTURED,2026-09-04T10:20:21,2026-09-04T10:21:02,2026-09-04T10:21:35,SUCCESS,Transaction captured successfully
TXN10856,GW_PAY_TXN10856,MERCH_105,8900.0,INR,CARD,CAPTURED,2026-09-04T14:36:02,2026-09-04T14:36:36,2026-09-04T14:36:59,SUCCESS,Transaction captured successfully
TXN10857,GW_CAS_TXN10857,MERCH_107,499.0,INR,UPI,CAPTURED,2026-09-04T13:40:11,2026-09-04T13:40:30,2026-09-04T13:40:54,SUCCESS,Transaction captured successfully
TXN10858,GW_CAS_TXN10858,MERCH_114,499.0,INR,NETBANKING,CAPTURED,2026-09-04T11:53:03,2026-09-04T11:53:40,2026-09-04T11:54:21,SUCCESS,Transaction captured successfully
TXN10859,GW_STR_TXN10859,MERCH_116,8900.0,INR,NETBANKING,CAPTURED,2026-09-04T14:58:44,2026-09-04T14:59:18,2026-09-04T14:59:38,SUCCESS,Transaction captured successfully
TXN10860,GW_RAZ_TXN10860,MERCH_105,999.0,INR,CARD,CAPTURED,2026-09-04T11:57:29,2026-09-04T11:58:10,2026-09-04T11:58:50,SUCCESS,Transaction captured successfully
TXN10861,GW_STR_TXN10861,MERCH_101,15000.0,INR,CARD,CAPTURED,2026-09-04T10:02:13,2026-09-04T10:02:35,2026-09-04T10:03:21,SUCCESS,Transaction captured successfully
TXN10862,GW_RAZ_TXN10862,MERCH_107,250.0,INR,UPI,CAPTURED,2026-09-04T14:52:23,2026-09-04T14:52:52,2026-09-04T14:53:31,SUCCESS,Transaction captured successfully
TXN10863,GW_STR_TXN10863,MERCH_114,499.0,INR,CARD,CAPTURED,2026-09-04T17:48:21,2026-09-04T17:48:42,2026-09-04T17:49:31,SUCCESS,Transaction captured successfully
TXN10864,GW_CAS_TXN10864,MERCH_118,15000.0,INR,CARD,CAPTURED,2026-09-04T15:40:18,2026-09-04T15:40:34,2026-09-04T15:40:59,SUCCESS,Transaction captured successfully
TXN10865,GW_RAZ_TXN10865,MERCH_114,250.0,INR,UPI,CAPTURED,2026-09-04T16:32:37,2026-09-04T16:33:05,2026-09-04T16:33:51,SUCCESS,Transaction captured successfully
TXN10866,GW_RAZ_TXN10866,MERCH_104,4999.0,INR,UPI,CAPTURED,2026-09-04T14:50:58,2026-09-04T14:51:34,2026-09-04T14:52:19,SUCCESS,Transaction captured successfully
TXN10867,GW_CAS_TXN10867,MERCH_109,250.0,INR,NETBANKING,CAPTURED,2026-09-04T15:43:15,2026-09-04T15:43:51,2026-09-04T15:44:13,SUCCESS,Transaction captured successfully
TXN10868,GW_CAS_TXN10868,MERCH_117,3500.0,INR,NETBANKING,CAPTURED,2026-09-04T14:10:36,2026-09-04T14:11:01,2026-09-04T14:11:56,SUCCESS,Transaction captured successfully
TXN10869,GW_PAY_TXN10869,MERCH_102,3500.0,INR,NETBANKING,CAPTURED,2026-09-04T15:46:11,2026-09-04T15:46:41,2026-09-04T15:47:34,SUCCESS,Transaction captured successfully
TXN10870,GW_STR_TXN10870,MERCH_104,999.0,INR,NETBANKING,CAPTURED,2026-09-04T13:53:35,2026-09-04T13:54:05,2026-09-04T13:54:38,SUCCESS,Transaction captured successfully
TXN10871,GW_RAZ_TXN10871,MERCH_125,8900.0,INR,NETBANKING,CAPTURED,2026-09-04T17:58:05,2026-09-04T17:58:39,2026-09-04T17:59:00,SUCCESS,Transaction captured successfully
TXN10872,GW_CAS_TXN10872,MERCH_108,1200.0,INR,NETBANKING,CAPTURED,2026-09-04T12:34:53,2026-09-04T12:35:27,2026-09-04T12:36:03,SUCCESS,Transaction captured successfully
TXN10873,GW_RAZ_TXN10873,MERCH_101,8900.0,INR,NETBANKING,CAPTURED,2026-09-04T10:29:59,2026-09-04T10:30:16,2026-09-04T10:30:42,SUCCESS,Transaction captured successfully
TXN10874,GW_PAY_TXN10874,MERCH_103,250.0,INR,CARD,CAPTURED,2026-09-04T15:06:31,2026-09-04T15:07:07,2026-09-04T15:07:31,SUCCESS,Transaction captured successfully
TXN10875,GW_PAY_TXN10875,MERCH_111,999.0,INR,NETBANKING,CAPTURED,2026-09-04T11:19:00,2026-09-04T11:19:12,2026-09-04T11:19:39,SUCCESS,Transaction captured successfully
TXN10876,GW_CAS_TXN10876,MERCH_118,250.0,INR,UPI,CAPTURED,2026-09-04T10:12:38,2026-09-04T10:13:22,2026-09-04T10:13:43,SUCCESS,Transaction captured successfully
TXN10877,GW_RAZ_TXN10877,MERCH_112,499.0,INR,UPI,CAPTURED,2026-09-04T14:08:14,2026-09-04T14:08:32,2026-09-04T14:09:09,SUCCESS,Transaction captured successfully
TXN10878,GW_STR_TXN10878,MERCH_123,3500.0,INR,NETBANKING,CAPTURED,2026-09-04T16:27:32,2026-09-04T16:27:54,2026-09-04T16:28:30,SUCCESS,Transaction captured successfully
TXN10879,GW_CAS_TXN10879,MERCH_104,15000.0,INR,NETBANKING,CAPTURED,2026-09-04T11:50:13,2026-09-04T11:50:54,2026-09-04T11:51:41,SUCCESS,Transaction captured successfully
TXN10880,GW_STR_TXN10880,MERCH_111,2499.0,INR,NETBANKING,CAPTURED,2026-09-04T15:12:36,2026-09-04T15:13:09,2026-09-04T15:14:09,SUCCESS,Transaction captured successfully
TXN10881,GW_CAS_TXN10881,MERCH_109,250.0,INR,NETBANKING,CAPTURED,2026-09-04T17:22:25,2026-09-04T17:22:42,2026-09-04T17:23:13,SUCCESS,Transaction captured successfully
TXN10882,GW_CAS_TXN10882,MERCH_103,499.0,INR,UPI,CAPTURED,2026-09-04T11:49:20,2026-09-04T11:49:30,2026-09-04T11:50:10,SUCCESS,Transaction captured successfully
TXN10883,GW_RAZ_TXN10883,MERCH_111,1200.0,INR,UPI,CAPTURED,2026-09-04T15:18:38,2026-09-04T15:19:21,2026-09-04T15:19:54,SUCCESS,Transaction captured successfully
TXN10884,GW_STR_TXN10884,MERCH_122,2499.0,INR,UPI,CAPTURED,2026-09-04T15:20:52,2026-09-04T15:21:14,2026-09-04T15:21:46,SUCCESS,Transaction captured successfully
TXN10885,GW_PAY_TXN10885,MERCH_104,1200.0,INR,UPI,CAPTURED,2026-09-04T14:37:24,2026-09-04T14:37:35,2026-09-04T14:38:13,SUCCESS,Transaction captured successfully
TXN10886,GW_STR_TXN10886,MERCH_115,6500.0,INR,CARD,CAPTURED,2026-09-04T09:57:34,2026-09-04T09:57:46,2026-09-04T09:58:27,SUCCESS,Transaction captured successfully
TXN10887,GW_CAS_TXN10887,MERCH_114,3500.0,INR,NETBANKING,CAPTURED,2026-09-04T14:48:22,2026-09-04T14:48:37,2026-09-04T14:49:32,SUCCESS,Transaction captured successfully
TXN10888,GW_RAZ_TXN10888,MERCH_123,250.0,INR,CARD,CAPTURED,2026-09-04T14:39:06,2026-09-04T14:39:30,2026-09-04T14:39:53,SUCCESS,Transaction captured successfully
TXN10889,GW_PAY_TXN10889,MERCH_123,15000.0,INR,NETBANKING,CAPTURED,2026-09-04T11:05:12,2026-09-04T11:05:45,2026-09-04T11:06:39,SUCCESS,Transaction captured successfully
TXN10890,GW_CAS_TXN10890,MERCH_102,3500.0,INR,CARD,CAPTURED,2026-09-04T14:44:39,2026-09-04T14:45:06,2026-09-04T14:45:36,SUCCESS,Transaction captured successfully
TXN10891,GW_STR_TXN10891,MERCH_105,1200.0,INR,NETBANKING,CAPTURED,2026-09-04T10:33:33,2026-09-04T10:34:13,2026-09-04T10:35:04,SUCCESS,Transaction captured successfully
TXN10892,GW_RAZ_TXN10892,MERCH_103,1200.0,INR,CARD,CAPTURED,2026-09-04T14:35:53,2026-09-04T14:36:16,2026-09-04T14:36:40,SUCCESS,Transaction captured successfully
TXN10893,GW_PAY_TXN10893,MERCH_107,1200.0,INR,CARD,CAPTURED,2026-09-04T16:06:21,2026-09-04T16:07:04,2026-09-04T16:07:56,SUCCESS,Transaction captured successfully
TXN10894,GW_PAY_TXN10894,MERCH_117,8900.0,INR,UPI,CAPTURED,2026-09-04T14:24:28,2026-09-04T14:25:10,2026-09-04T14:25:42,SUCCESS,Transaction captured successfully
TXN10895,GW_RAZ_TXN10895,MERCH_122,499.0,INR,CARD,CAPTURED,2026-09-04T11:29:56,2026-09-04T11:30:13,2026-09-04T11:30:48,SUCCESS,Transaction captured successfully
TXN10896,GW_CAS_TXN10896,MERCH_122,6500.0,INR,NETBANKING,CAPTURED,2026-09-04T13:07:59,2026-09-04T13:08:14,2026-09-04T13:08:56,SUCCESS,Transaction captured successfully
TXN10897,GW_STR_TXN10897,MERCH_117,250.0,INR,CARD,CAPTURED,2026-09-04T13:23:06,2026-09-04T13:23:40,2026-09-04T13:24:27,SUCCESS,Transaction captured successfully
TXN10898,GW_STR_TXN10898,MERCH_109,12000.0,INR,NETBANKING,CAPTURED,2026-09-04T17:27:06,2026-09-04T17:27:19,2026-09-04T17:27:54,SUCCESS,Transaction captured successfully
TXN10899,GW_RAZ_TXN10899,MERCH_109,8900.0,INR,UPI,CAPTURED,2026-09-04T13:14:56,2026-09-04T13:15:31,2026-09-04T13:16:16,SUCCESS,Transaction captured successfully
TXN10900,GW_CAS_TXN10900,MERCH_107,1500.0,INR,UPI,CAPTURED,2026-09-04T13:45:38,2026-09-04T13:45:48,2026-09-04T13:46:14,SUCCESS,Transaction captured successfully
TXN10901,GW_PAY_TXN10901,MERCH_124,999.0,INR,CARD,CAPTURED,2026-09-04T14:43:04,2026-09-04T14:43:25,2026-09-04T14:44:06,SUCCESS,Transaction captured successfully
TXN10902,GW_CAS_TXN10902,MERCH_111,250.0,INR,UPI,CAPTURED,2026-09-04T10:10:43,2026-09-04T10:11:15,2026-09-04T10:12:05,SUCCESS,Transaction captured successfully
TXN10903,GW_CAS_TXN10903,MERCH_104,999.0,INR,UPI,CAPTURED,2026-09-04T12:33:32,2026-09-04T12:33:51,2026-09-04T12:34:17,SUCCESS,Transaction captured successfully
TXN10904,GW_CAS_TXN10904,MERCH_116,4999.0,INR,NETBANKING,CAPTURED,2026-09-04T16:16:23,2026-09-04T16:16:33,2026-09-04T16:17:15,SUCCESS,Transaction captured successfully
TXN10905,GW_RAZ_TXN10905,MERCH_104,1200.0,INR,CARD,CAPTURED,2026-09-04T11:26:54,2026-09-04T11:27:13,2026-09-04T11:27:55,SUCCESS,Transaction captured successfully
TXN10906,GW_PAY_TXN10906,MERCH_107,1500.0,INR,NETBANKING,CAPTURED,2026-09-04T15:40:06,2026-09-04T15:40:50,2026-09-04T15:41:38,SUCCESS,Transaction captured successfully
TXN10907,GW_STR_TXN10907,MERCH_111,250.0,INR,CARD,CAPTURED,2026-09-04T13:19:12,2026-09-04T13:19:55,2026-09-04T13:20:36,SUCCESS,Transaction captured successfully
TXN10908,GW_RAZ_TXN10908,MERCH_112,999.0,INR,CARD,CAPTURED,2026-09-04T16:59:43,2026-09-04T17:00:22,2026-09-04T17:00:51,SUCCESS,Transaction captured successfully
TXN10909,GW_CAS_TXN10909,MERCH_116,1200.0,INR,CARD,CAPTURED,2026-09-04T09:29:02,2026-09-04T09:29:30,2026-09-04T09:30:27,SUCCESS,Transaction captured successfully
TXN10910,GW_RAZ_TXN10910,MERCH_112,1500.0,INR,NETBANKING,CAPTURED,2026-09-04T13:08:22,2026-09-04T13:09:04,2026-09-04T13:09:59,SUCCESS,Transaction captured successfully
TXN10911,GW_RAZ_TXN10911,MERCH_107,4999.0,INR,CARD,CAPTURED,2026-09-04T13:14:02,2026-09-04T13:14:34,2026-09-04T13:15:09,SUCCESS,Transaction captured successfully
TXN10912,GW_CAS_TXN10912,MERCH_109,12000.0,INR,CARD,CAPTURED,2026-09-04T11:36:27,2026-09-04T11:36:57,2026-09-04T11:37:54,SUCCESS,Transaction captured successfully
TXN10913,GW_CAS_TXN10913,MERCH_114,8900.0,INR,NETBANKING,CAPTURED,2026-09-04T13:05:19,2026-09-04T13:05:58,2026-09-04T13:06:52,SUCCESS,Transaction captured successfully
TXN10914,GW_CAS_TXN10914,MERCH_105,15000.0,INR,NETBANKING,CAPTURED,2026-09-04T17:59:43,2026-09-04T18:00:15,2026-09-04T18:01:04,SUCCESS,Transaction captured successfully
TXN10915,GW_STR_TXN10915,MERCH_101,8900.0,INR,NETBANKING,CAPTURED,2026-09-04T10:48:08,2026-09-04T10:48:37,2026-09-04T10:49:12,SUCCESS,Transaction captured successfully
TXN10916,GW_STR_TXN10916,MERCH_119,250.0,INR,CARD,CAPTURED,2026-09-04T11:25:42,2026-09-04T11:26:21,2026-09-04T11:27:14,SUCCESS,Transaction captured successfully
TXN10917,GW_RAZ_TXN10917,MERCH_121,15000.0,INR,UPI,CAPTURED,2026-09-04T13:36:30,2026-09-04T13:37:01,2026-09-04T13:37:24,SUCCESS,Transaction captured successfully
TXN10918,GW_STR_TXN10918,MERCH_107,12000.0,INR,NETBANKING,CAPTURED,2026-09-04T11:14:57,2026-09-04T11:15:16,2026-09-04T11:15:55,SUCCESS,Transaction captured successfully
TXN10919,GW_RAZ_TXN10919,MERCH_116,8900.0,INR,NETBANKING,CAPTURED,2026-09-04T10:00:09,2026-09-04T10:00:26,2026-09-04T10:01:19,SUCCESS,Transaction captured successfully
TXN10920,GW_RAZ_TXN10920,MERCH_117,4999.0,INR,CARD,CAPTURED,2026-09-04T10:19:25,2026-09-04T10:19:46,2026-09-04T10:20:21,SUCCESS,Transaction captured successfully
TXN10921,GW_STR_TXN10921,MERCH_122,999.0,INR,NETBANKING,CAPTURED,2026-09-04T11:40:01,2026-09-04T11:40:20,2026-09-04T11:40:55,SUCCESS,Transaction captured successfully
TXN10922,GW_CAS_TXN10922,MERCH_116,2499.0,INR,CARD,CAPTURED,2026-09-04T10:37:31,2026-09-04T10:37:58,2026-09-04T10:38:43,SUCCESS,Transaction captured successfully
TXN10923,GW_RAZ_TXN10923,MERCH_101,1500.0,INR,CARD,CAPTURED,2026-09-04T15:00:37,2026-09-04T15:00:49,2026-09-04T15:01:48,SUCCESS,Transaction captured successfully
TXN10924,GW_CAS_TXN10924,MERCH_115,6500.0,INR,NETBANKING,CAPTURED,2026-09-04T09:10:22,2026-09-04T09:11:04,2026-09-04T09:11:37,SUCCESS,Transaction captured successfully
TXN10925,GW_CAS_TXN10925,MERCH_121,999.0,INR,UPI,CAPTURED,2026-09-04T16:45:54,2026-09-04T16:46:21,2026-09-04T16:47:00,SUCCESS,Transaction captured successfully
TXN10926,GW_CAS_TXN10926,MERCH_116,8900.0,INR,NETBANKING,CAPTURED,2026-09-04T11:44:20,2026-09-04T11:44:52,2026-09-04T11:45:49,SUCCESS,Transaction captured successfully
TXN10927,GW_RAZ_TXN10927,MERCH_124,12000.0,INR,UPI,CAPTURED,2026-09-04T10:31:59,2026-09-04T10:32:39,2026-09-04T10:33:19,SUCCESS,Transaction captured successfully
TXN10928,GW_RAZ_TXN10928,MERCH_113,15000.0,INR,CARD,CAPTURED,2026-09-04T13:07:02,2026-09-04T13:07:16,2026-09-04T13:08:04,SUCCESS,Transaction captured successfully
TXN10929,GW_STR_TXN10929,MERCH_106,8900.0,INR,CARD,CAPTURED,2026-09-04T15:08:40,2026-09-04T15:09:25,2026-09-04T15:09:57,SUCCESS,Transaction captured successfully
TXN10930,GW_STR_TXN10930,MERCH_107,1200.0,INR,NETBANKING,CAPTURED,2026-09-04T17:51:50,2026-09-04T17:52:05,2026-09-04T17:53:02,SUCCESS,Transaction captured successfully
TXN10931,GW_CAS_TXN10931,MERCH_102,499.0,INR,UPI,CAPTURED,2026-09-04T15:36:34,2026-09-04T15:37:05,2026-09-04T15:37:36,SUCCESS,Transaction captured successfully
TXN10932,GW_CAS_TXN10932,MERCH_116,499.0,INR,NETBANKING,CAPTURED,2026-09-04T17:54:08,2026-09-04T17:54:46,2026-09-04T17:55:33,SUCCESS,Transaction captured successfully
TXN10933,GW_RAZ_TXN10933,MERCH_105,250.0,INR,NETBANKING,CAPTURED,2026-09-04T10:31:14,2026-09-04T10:31:58,2026-09-04T10:32:39,SUCCESS,Transaction captured successfully
TXN10934,GW_RAZ_TXN10934,MERCH_109,6500.0,INR,CARD,CAPTURED,2026-09-04T11:18:04,2026-09-04T11:18:29,2026-09-04T11:19:22,SUCCESS,Transaction captured successfully
TXN10935,GW_STR_TXN10935,MERCH_118,250.0,INR,NETBANKING,CAPTURED,2026-09-04T13:41:01,2026-09-04T13:41:32,2026-09-04T13:42:18,SUCCESS,Transaction captured successfully
TXN10936,GW_RAZ_TXN10936,MERCH_107,8900.0,INR,NETBANKING,CAPTURED,2026-09-04T12:31:04,2026-09-04T12:31:16,2026-09-04T12:31:58,SUCCESS,Transaction captured successfully
TXN10937,GW_PAY_TXN10937,MERCH_103,499.0,INR,NETBANKING,CAPTURED,2026-09-04T13:46:02,2026-09-04T13:46:14,2026-09-04T13:47:05,SUCCESS,Transaction captured successfully
TXN10938,GW_RAZ_TXN10938,MERCH_110,1200.0,INR,UPI,CAPTURED,2026-09-04T09:49:50,2026-09-04T09:50:34,2026-09-04T09:51:32,SUCCESS,Transaction captured successfully
TXN10939,GW_STR_TXN10939,MERCH_116,3500.0,INR,UPI,CAPTURED,2026-09-04T11:27:44,2026-09-04T11:28:29,2026-09-04T11:28:57,SUCCESS,Transaction captured successfully
TXN10940,GW_CAS_TXN10940,MERCH_112,1200.0,INR,CARD,CAPTURED,2026-09-04T15:58:03,2026-09-04T15:58:27,2026-09-04T15:58:52,SUCCESS,Transaction captured successfully
TXN10941,GW_RAZ_TXN10941,MERCH_102,4999.0,INR,UPI,CAPTURED,2026-09-04T10:03:08,2026-09-04T10:03:29,2026-09-04T10:04:07,SUCCESS,Transaction captured successfully
TXN10942,GW_STR_TXN10942,MERCH_105,499.0,INR,NETBANKING,CAPTURED,2026-09-04T10:42:04,2026-09-04T10:42:30,2026-09-04T10:43:24,SUCCESS,Transaction captured successfully
TXN10943,GW_CAS_TXN10943,MERCH_108,12000.0,INR,CARD,CAPTURED,2026-09-04T17:18:55,2026-09-04T17:19:20,2026-09-04T17:20:13,SUCCESS,Transaction captured successfully
TXN10944,GW_STR_TXN10944,MERCH_102,999.0,INR,CARD,CAPTURED,2026-09-04T13:05:13,2026-09-04T13:05:56,2026-09-04T13:06:30,SUCCESS,Transaction captured successfully
TXN10945,GW_STR_TXN10945,MERCH_105,4999.0,INR,UPI,CAPTURED,2026-09-04T16:07:01,2026-09-04T16:07:13,2026-09-04T16:07:50,SUCCESS,Transaction captured successfully
TXN10946,GW_STR_TXN10946,MERCH_109,3500.0,INR,NETBANKING,CAPTURED,2026-09-04T09:55:24,2026-09-04T09:56:02,2026-09-04T09:56:24,SUCCESS,Transaction captured successfully
TXN10947,GW_RAZ_TXN10947,MERCH_102,250.0,INR,NETBANKING,CAPTURED,2026-09-04T17:48:22,2026-09-04T17:48:53,2026-09-04T17:49:29,SUCCESS,Transaction captured successfully
TXN10948,GW_RAZ_TXN10948,MERCH_120,15000.0,INR,CARD,CAPTURED,2026-09-04T10:35:24,2026-09-04T10:35:52,2026-09-04T10:36:46,SUCCESS,Transaction captured successfully
TXN10949,GW_STR_TXN10949,MERCH_117,1200.0,INR,CARD,CAPTURED,2026-09-04T16:47:59,2026-09-04T16:48:17,2026-09-04T16:48:37,SUCCESS,Transaction captured successfully
TXN10950,GW_CAS_TXN10950,MERCH_125,1500.0,INR,NETBANKING,CAPTURED,2026-09-04T15:02:39,2026-09-04T15:03:12,2026-09-04T15:03:49,SUCCESS,Transaction captured successfully
TXN10951,GW_CAS_TXN10951,MERCH_104,4999.0,INR,CARD,CAPTURED,2026-09-04T13:54:11,2026-09-04T13:54:50,2026-09-04T13:55:11,SUCCESS,Transaction captured successfully
TXN10952,GW_STR_TXN10952,MERCH_121,1500.0,INR,NETBANKING,CAPTURED,2026-09-04T09:37:05,2026-09-04T09:37:50,2026-09-04T09:38:30,SUCCESS,Transaction captured successfully
TXN10953,GW_PAY_TXN10953,MERCH_116,12000.0,INR,UPI,CAPTURED,2026-09-04T11:55:39,2026-09-04T11:55:52,2026-09-04T11:56:26,SUCCESS,Transaction captured successfully
TXN10954,GW_RAZ_TXN10954,MERCH_115,250.0,INR,NETBANKING,CAPTURED,2026-09-04T17:45:14,2026-09-04T17:45:40,2026-09-04T17:46:16,SUCCESS,Transaction captured successfully
TXN10955,GW_PAY_TXN10955,MERCH_123,6500.0,INR,UPI,CAPTURED,2026-09-04T14:06:04,2026-09-04T14:06:42,2026-09-04T14:07:09,SUCCESS,Transaction captured successfully
TXN10956,GW_RAZ_TXN10956,MERCH_112,999.0,INR,NETBANKING,CAPTURED,2026-09-04T15:56:18,2026-09-04T15:56:29,2026-09-04T15:57:09,SUCCESS,Transaction captured successfully
TXN10957,GW_CAS_TXN10957,MERCH_121,250.0,INR,CARD,CAPTURED,2026-09-04T09:10:23,2026-09-04T09:10:51,2026-09-04T09:11:20,SUCCESS,Transaction captured successfully
TXN10958,GW_CAS_TXN10958,MERCH_111,8900.0,INR,NETBANKING,CAPTURED,2026-09-04T12:24:53,2026-09-04T12:25:05,2026-09-04T12:25:34,SUCCESS,Transaction captured successfully
TXN10959,GW_STR_TXN10959,MERCH_108,6500.0,INR,NETBANKING,CAPTURED,2026-09-04T17:46:07,2026-09-04T17:46:20,2026-09-04T17:47:18,SUCCESS,Transaction captured successfully
TXN10960,GW_CAS_TXN10960,MERCH_109,2499.0,INR,UPI,CAPTURED,2026-09-04T12:21:15,2026-09-04T12:21:39,2026-09-04T12:22:28,SUCCESS,Transaction captured successfully
TXN10961,GW_CAS_TXN10961,MERCH_114,2499.0,INR,CARD,CAPTURED,2026-09-04T17:32:04,2026-09-04T17:32:44,2026-09-04T17:33:42,SUCCESS,Transaction captured successfully
TXN10962,GW_STR_TXN10962,MERCH_105,1500.0,INR,NETBANKING,CAPTURED,2026-09-04T11:38:16,2026-09-04T11:38:47,2026-09-04T11:39:27,SUCCESS,Transaction captured successfully
TXN10963,GW_PAY_TXN10963,MERCH_119,499.0,INR,CARD,CAPTURED,2026-09-04T16:00:10,2026-09-04T16:00:46,2026-09-04T16:01:22,SUCCESS,Transaction captured successfully
TXN10964,GW_PAY_TXN10964,MERCH_102,6500.0,INR,CARD,CAPTURED,2026-09-04T10:08:32,2026-09-04T10:09:06,2026-09-04T10:09:53,SUCCESS,Transaction captured successfully
TXN10965,GW_CAS_TXN10965,MERCH_123,8900.0,INR,CARD,CAPTURED,2026-09-04T14:37:38,2026-09-04T14:37:54,2026-09-04T14:38:16,SUCCESS,Transaction captured successfully
TXN10966,GW_CAS_TXN10966,MERCH_115,15000.0,INR,NETBANKING,CAPTURED,2026-09-04T16:44:08,2026-09-04T16:44:29,2026-09-04T16:45:26,SUCCESS,Transaction captured successfully
TXN10967,GW_STR_TXN10967,MERCH_119,6500.0,INR,CARD,CAPTURED,2026-09-04T14:28:11,2026-09-04T14:28:38,2026-09-04T14:29:04,SUCCESS,Transaction captured successfully
TXN10968,GW_STR_TXN10968,MERCH_117,2499.0,INR,NETBANKING,CAPTURED,2026-09-04T13:20:24,2026-09-04T13:20:45,2026-09-04T13:21:14,SUCCESS,Transaction captured successfully
TXN10969,GW_CAS_TXN10969,MERCH_120,1500.0,INR,CARD,CAPTURED,2026-09-04T13:10:07,2026-09-04T13:10:34,2026-09-04T13:11:25,SUCCESS,Transaction captured successfully
TXN10970,GW_PAY_TXN10970,MERCH_109,1200.0,INR,NETBANKING,CAPTURED,2026-09-04T13:09:06,2026-09-04T13:09:51,2026-09-04T13:10:43,SUCCESS,Transaction captured successfully
TXN10971,GW_RAZ_TXN10971,MERCH_118,250.0,INR,NETBANKING,CAPTURED,2026-09-04T16:53:52,2026-09-04T16:54:25,2026-09-04T16:54:58,SUCCESS,Transaction captured successfully
TXN10972,GW_RAZ_TXN10972,MERCH_105,3500.0,INR,CARD,CAPTURED,2026-09-04T10:28:56,2026-09-04T10:29:37,2026-09-04T10:30:13,SUCCESS,Transaction captured successfully
TXN10973,GW_RAZ_TXN10973,MERCH_103,2499.0,INR,NETBANKING,CAPTURED,2026-09-04T14:10:32,2026-09-04T14:10:59,2026-09-04T14:11:48,SUCCESS,Transaction captured successfully
TXN10974,GW_STR_TXN10974,MERCH_123,6500.0,INR,CARD,CAPTURED,2026-09-04T10:59:45,2026-09-04T11:00:15,2026-09-04T11:00:47,SUCCESS,Transaction captured successfully
TXN10975,GW_PAY_TXN10975,MERCH_121,1200.0,INR,NETBANKING,CAPTURED,2026-09-04T11:37:24,2026-09-04T11:37:46,2026-09-04T11:38:22,SUCCESS,Transaction captured successfully
TXN10976,GW_PAY_TXN10976,MERCH_116,15000.0,INR,CARD,CAPTURED,2026-09-04T10:33:54,2026-09-04T10:34:17,2026-09-04T10:34:37,SUCCESS,Transaction captured successfully
TXN10977,GW_STR_TXN10977,MERCH_123,12000.0,INR,UPI,CAPTURED,2026-09-04T13:39:24,2026-09-04T13:39:49,2026-09-04T13:40:49,SUCCESS,Transaction captured successfully
TXN10978,GW_STR_TXN10978,MERCH_110,3500.0,INR,UPI,CAPTURED,2026-09-04T16:50:40,2026-09-04T16:51:12,2026-09-04T16:52:06,SUCCESS,Transaction captured successfully
TXN10979,GW_STR_TXN10979,MERCH_125,3500.0,INR,CARD,CAPTURED,2026-09-04T14:15:42,2026-09-04T14:15:59,2026-09-04T14:16:30,SUCCESS,Transaction captured successfully
TXN10980,GW_STR_TXN10980,MERCH_113,12000.0,INR,NETBANKING,CAPTURED,2026-09-04T16:38:26,2026-09-04T16:38:51,2026-09-04T16:39:12,SUCCESS,Transaction captured successfully
TXN10981,GW_CAS_TXN10981,MERCH_118,4999.0,INR,CARD,CAPTURED,2026-09-04T15:25:51,2026-09-04T15:26:28,2026-09-04T15:27:13,SUCCESS,Transaction captured successfully
TXN10982,GW_STR_TXN10982,MERCH_121,999.0,INR,UPI,CAPTURED,2026-09-04T15:14:36,2026-09-04T15:15:20,2026-09-04T15:15:53,SUCCESS,Transaction captured successfully
TXN10983,GW_RAZ_TXN10983,MERCH_111,499.0,INR,UPI,CAPTURED,2026-09-04T09:51:24,2026-09-04T09:51:55,2026-09-04T09:52:37,SUCCESS,Transaction captured successfully
TXN10984,GW_PAY_TXN10984,MERCH_112,15000.0,INR,NETBANKING,CAPTURED,2026-09-04T17:25:55,2026-09-04T17:26:19,2026-09-04T17:26:57,SUCCESS,Transaction captured successfully
TXN10985,GW_RAZ_TXN10985,MERCH_124,499.0,INR,UPI,CAPTURED,2026-09-04T09:48:33,2026-09-04T09:49:15,2026-09-04T09:50:00,SUCCESS,Transaction captured successfully
TXN10986,GW_RAZ_TXN10986,MERCH_108,3500.0,INR,NETBANKING,CAPTURED,2026-09-04T13:47:07,2026-09-04T13:47:42,2026-09-04T13:48:10,SUCCESS,Transaction captured successfully
TXN10987,GW_RAZ_TXN10987,MERCH_123,6500.0,INR,NETBANKING,CAPTURED,2026-09-04T09:47:53,2026-09-04T09:48:12,2026-09-04T09:48:38,SUCCESS,Transaction captured successfully
TXN10988,GW_RAZ_TXN10988,MERCH_110,1200.0,INR,CARD,CAPTURED,2026-09-04T13:17:29,2026-09-04T13:17:45,2026-09-04T13:18:21,SUCCESS,Transaction captured successfully
TXN10989,GW_CAS_TXN10989,MERCH_103,15000.0,INR,UPI,CAPTURED,2026-09-04T16:18:58,2026-09-04T16:19:42,2026-09-04T16:20:34,SUCCESS,Transaction captured successfully
TXN10990,GW_RAZ_TXN10990,MERCH_113,250.0,INR,CARD,CAPTURED,2026-09-04T16:14:36,2026-09-04T16:15:11,2026-09-04T16:15:45,SUCCESS,Transaction captured successfully
TXN10991,GW_RAZ_TXN10991,MERCH_110,1200.0,INR,CARD,CAPTURED,2026-09-04T10:35:10,2026-09-04T10:35:51,2026-09-04T10:36:48,SUCCESS,Transaction captured successfully
TXN10992,GW_PAY_TXN10992,MERCH_116,1500.0,INR,NETBANKING,CAPTURED,2026-09-04T09:49:31,2026-09-04T09:50:07,2026-09-04T09:50:46,SUCCESS,Transaction captured successfully
TXN10993,GW_PAY_TXN10993,MERCH_114,6500.0,INR,UPI,CAPTURED,2026-09-04T17:50:31,2026-09-04T17:51:12,2026-09-04T17:51:52,SUCCESS,Transaction captured successfully
TXN10994,GW_RAZ_TXN10994,MERCH_118,3500.0,INR,NETBANKING,CAPTURED,2026-09-04T15:44:04,2026-09-04T15:44:22,2026-09-04T15:44:42,SUCCESS,Transaction captured successfully
TXN10995,GW_STR_TXN10995,MERCH_115,6500.0,INR,UPI,CAPTURED,2026-09-04T16:10:40,2026-09-04T16:11:21,2026-09-04T16:11:49,SUCCESS,Transaction captured successfully
TXN10996,GW_CAS_TXN10996,MERCH_114,999.0,INR,CARD,CAPTURED,2026-09-04T14:36:41,2026-09-04T14:37:00,2026-09-04T14:37:38,SUCCESS,Transaction captured successfully
TXN10997,GW_CAS_TXN10997,MERCH_123,2499.0,INR,CARD,CAPTURED,2026-09-04T16:29:13,2026-09-04T16:29:31,2026-09-04T16:30:01,SUCCESS,Transaction captured successfully
TXN10998,GW_RAZ_TXN10998,MERCH_105,1200.0,INR,CARD,CAPTURED,2026-09-04T13:44:12,2026-09-04T13:44:28,2026-09-04T13:45:22,SUCCESS,Transaction captured successfully
TXN10999,GW_CAS_TXN10999,MERCH_120,2499.0,INR,UPI,CAPTURED,2026-09-04T17:56:14,2026-09-04T17:56:24,2026-09-04T17:56:56,SUCCESS,Transaction captured successfully
TXN11000,GW_STR_TXN11000,MERCH_124,12000.0,INR,CARD,CAPTURED,2026-09-04T13:35:34,2026-09-04T13:35:56,2026-09-04T13:36:20,SUCCESS,Transaction captured successfully
